promise_id,promise_text,category,evidence_googlenews,news_sources
A1,"To make all activities connected with procurements, developmental and infrastructural activities and recruitments transparent and accountable.",ADMINISTRATION AND GOVERNANCE,[],[]
A2,To fill up approved vacancies in all Government Departments with in one year.,Public Service:,"['Karnataka Police gears up to fill large vacancies over next two years - The Hindu. Karnataka Police gears up to fill large vacancies over next two years&nbsp;&nbsp;The Hindu', 'Vacancies at govt. departments in Kalyana Karnataka will be filled shortly: CM - The Hindu. Vacancies at govt. departments in Kalyana Karnataka will be filled shortly: CM&nbsp;&nbsp;The Hindu', 'Karnataka Health Department identifies ‘critical vacancies’ to fill on priority; makes rural postings compulsory for all - The Hindu. Karnataka Health Department identifies ‘critical vacancies’ to fill on priority; makes rural postings compulsory for all&nbsp;&nbsp;The Hindu', 'Karnataka has 2.84 lakh vacancies in 43 departments, maximum in six departments - The Hindu. Karnataka has 2.84 lakh vacancies in 43 departments, maximum in six departments&nbsp;&nbsp;The Hindu', 'Karnataka: Half of 43 government departments in Karnataka have 50-70% vacancies | Bengaluru News - The Times of India. Karnataka: Half of 43 government departments in Karnataka have 50-70% vacancies | Bengaluru News&nbsp;&nbsp;The Times of India', 'Transport corporations to fill 8,719 vacancies in Karnataka - The Hindu. Transport corporations to fill 8,719 vacancies in Karnataka&nbsp;&nbsp;The Hindu', 'Soaring expenditure threatens Karnataka CM’s plan to fill 35k vacancies - The Times of India. Soaring expenditure threatens Karnataka CM’s plan to fill 35k vacancies&nbsp;&nbsp;The Times of India', 'Karnataka faces 45,590 teacher vacancies in government schools - The Times of India. Karnataka faces 45,590 teacher vacancies in government schools&nbsp;&nbsp;The Times of India', 'Karnataka must raise health spending, fill vacancies and expand facilities, says report on assessment of public health facilities - The Hindu. Karnataka must raise health spending, fill vacancies and expand facilities, says report on assessment of public health facilities&nbsp;&nbsp;The Hindu', 'Hiring on, yet 58% Karnataka depts have 50% vacancies - The Times of India. Hiring on, yet 58% Karnataka depts have 50% vacancies&nbsp;&nbsp;The Times of India']","['The Hindu', 'The Hindu', 'The Hindu', 'The Hindu', 'The Times of India', 'The Hindu', 'The Times of India', 'The Times of India', 'The Hindu', 'The Times of India']"
A3,To Sympathetically consider extension of OPS to the pensionable government employees who joined service since 2006,Public Service:,"['Karnataka Congress releases manifesto — from welfare schemes for women and farmers to salaries and pensions - CNBC TV18. Karnataka Congress releases manifesto — from welfare schemes for women and farmers to salaries and pensions&nbsp;&nbsp;CNBC TV18', ""Karnataka elections: Here's what all Congress has promised in its manifesto - Business Standard. Karnataka elections: Here's what all Congress has promised in its manifesto&nbsp;&nbsp;Business Standard""]","['CNBC TV18', 'Business Standard']"
A4,To regularize the services of the presently working in source employees under,Public Service:,"['Karnataka high court directs regularisation of services for contract workers in Mangaluru city corporatio - The Times of India. Karnataka high court directs regularisation of services for contract workers in Mangaluru city corporatio&nbsp;&nbsp;The Times of India', 'Karnataka HC directs Mangaluru civic body to regularise jobs of 16 contract workers in water supply dept - The Indian Express. Karnataka HC directs Mangaluru civic body to regularise jobs of 16 contract workers in water supply dept&nbsp;&nbsp;The Indian Express', 'Services of 12,692 pourakarmikas in Bengaluru to be regularised from May 1 - The Hindu. Services of 12,692 pourakarmikas in Bengaluru to be regularised from May 1&nbsp;&nbsp;The Hindu', 'Karnataka proposes law to fix minimum wage, work hours for domestic workers - The Hindu. Karnataka proposes law to fix minimum wage, work hours for domestic workers&nbsp;&nbsp;The Hindu', ""Karnataka's finances to come under strain as demand for more schemes pour in - The New Indian Express. Karnataka's finances to come under strain as demand for more schemes pour in&nbsp;&nbsp;The New Indian Express"", 'Karnataka High Court expresses concern over ‘exploitation of human labour’ by State government - The Hindu. Karnataka High Court expresses concern over ‘exploitation of human labour’ by State government&nbsp;&nbsp;The Hindu']","['The Times of India', 'The Indian Express', 'The Hindu', 'The Hindu', 'The New Indian Express', 'The Hindu']"
A5,Health & Family Welfare Department on the lines of the actions being taken by the Congress Governments of Rajasthan and Himachalhal Pradesh,Public Service:,[],[]
A6,Giving due weightage to the contractual and guest faculties by brining suitable amendments to the recruitment rules.,Public Service:,[],[]
A7,"To give benefits to Increase monthly salary of Anganwadi Workers from to Rs. 11,500 to Rs. 15,000/ - and retirement benefit of Rs. 3 Lakhs on premature death or retirement",Public Service:,[],[]
A8,"To give benefits to Mini Anganwadi workers from to Rs. 7,500 to Rs.10,000 and retirement benefit of Rs. 2 Lakhs on premature death or retirement",Public Service:,[],[]
A9,"To provide ASHA workers with a fixed monthly honorarium of Rs. 5,000/- to Rs. 8,000/-",Public Service:,"['ASHA workers call off strike after Karnataka govt agrees to raise honorarium - The News Minute. ASHA workers call off strike after Karnataka govt agrees to raise honorarium&nbsp;&nbsp;The News Minute', 'Karnataka ASHA Workers Threaten Indefinite Strike from Feb 27 Over Rationalisation - Deccan Herald. Karnataka ASHA Workers Threaten Indefinite Strike from Feb 27 Over Rationalisation&nbsp;&nbsp;Deccan Herald', 'Unpaid for SC/ST census, Karnataka teachers & ASHA workers fear repeat with OBC survey - The Times of India. Unpaid for SC/ST census, Karnataka teachers & ASHA workers fear repeat with OBC survey&nbsp;&nbsp;The Times of India', 'Bruhat Belagavi Chalo planned by ASHA workers across Karnataka during winter session - The New Indian Express. Bruhat Belagavi Chalo planned by ASHA workers across Karnataka during winter session&nbsp;&nbsp;The New Indian Express', 'Rationalisation: Karnataka ASHA workers warn of stir from February 27 - Dailyhunt. Rationalisation: Karnataka ASHA workers warn of stir from February 27&nbsp;&nbsp;Dailyhunt', ""Karnataka's finances to come under strain as demand for more schemes pour in - The New Indian Express. Karnataka's finances to come under strain as demand for more schemes pour in&nbsp;&nbsp;The New Indian Express"", 'Karnataka seeks GST revenue protection, more tobacco excise duty sharing from Centre - The Economic Times. Karnataka seeks GST revenue protection, more tobacco excise duty sharing from Centre&nbsp;&nbsp;The Economic Times']","['The News Minute', 'Deccan Herald', 'The Times of India', 'The New Indian Express', 'Dailyhunt', 'The New Indian Express', 'The Economic Times']"
A10,"Toenhance honorarium to Midday Meal Cooks from Rs.3,600 to Rs.6,000/-",Public Service:,[],[]
A11,"To abolish corruption in public works and to create a transparent tender systems in PWD, Rural Development, Irrigation, Urban Development and Power sector by enacting a special law to punish the perpetrators of corruption.",Public Works:,[],[]
A12,"To ensure that the works begin within 90 days of the issue of the work order, get the work completed within the time specified in the contract and settle the bills of the contractors within the time-frame of contractual agreement.",Public Works:,[],[]
A13,To increase recruitment of women in Police Force to 33% of the total strength with at least 1% reservation for Gender Minorities.,Police,[],[]
A14,To provide special allowance of Rs 5000 per month to police officials on night duty and one month's extra pay per year.,Police,"['Now recruits to get training only at 12 PTS, Karnataka Police Academy - The Times of India. Now recruits to get training only at 12 PTS, Karnataka Police Academy&nbsp;&nbsp;The Times of India', 'Karnataka: Congress releases manifesto, promises action against Bajrang Dal, PFI - Deccan Chronicle. Karnataka: Congress releases manifesto, promises action against Bajrang Dal, PFI&nbsp;&nbsp;Deccan Chronicle', 'Karnataka Assembly Elections 2023 | Congress releases manifesto, promises to repeal ‘anti-people laws’ passed by BJP - The Hindu. Karnataka Assembly Elections 2023 | Congress releases manifesto, promises to repeal ‘anti-people laws’ passed by BJP&nbsp;&nbsp;The Hindu']","['The Times of India', 'Deccan Chronicle', 'The Hindu']"
A15,To provide housing to all the police personnel within five years.,Police,"['Government will provide residential quarters to 1 lakh police personnel, says Karnataka Home Minister - The Hindu. Government will provide residential quarters to 1 lakh police personnel, says Karnataka Home Minister&nbsp;&nbsp;The Hindu', 'Whistleblower letter exposes “in-house justice” at Bengaluru apartment complex, police file FIR - The Hindu. Whistleblower letter exposes “in-house justice” at Bengaluru apartment complex, police file FIR&nbsp;&nbsp;The Hindu', 'Miscreants posing as police rob 25-year-old at his home in Bengaluru; four held - The Hindu. Miscreants posing as police rob 25-year-old at his home in Bengaluru; four held&nbsp;&nbsp;The Hindu', 'Set prison in order, Karnataka HC directs authorities after 4-year-delay in producing an undertrial before Magistrate - The Hindu. Set prison in order, Karnataka HC directs authorities after 4-year-delay in producing an undertrial before Magistrate&nbsp;&nbsp;The Hindu', 'Karnataka govt job aspirants get 5-year age relaxation - The Indian Express. Karnataka govt job aspirants get 5-year age relaxation&nbsp;&nbsp;The Indian Express', 'Lokayukta raids unearth Rs 24 Crore in assets from five govt officers across Karnataka - The Indian Express. Lokayukta raids unearth Rs 24 Crore in assets from five govt officers across Karnataka&nbsp;&nbsp;The Indian Express', 'Lokayukta police raid 5 Karnataka government officials in disproportionate assets cases - The Times of India. Lokayukta police raid 5 Karnataka government officials in disproportionate assets cases&nbsp;&nbsp;The Times of India', ""'Mane Manege': Knock knock! It’s your friendly neighbourhood Bengaluru police at the doorstep; officers t - The Times of India. 'Mane Manege': Knock knock! It’s your friendly neighbourhood Bengaluru police at the doorstep; officers t&nbsp;&nbsp;The Times of India"", ""Law but no order: Karnataka suspends 236 'dirty' cops, 42 face criminal cases; Bengaluru sleuths top list - The Times of India. Law but no order: Karnataka suspends 236 'dirty' cops, 42 face criminal cases; Bengaluru sleuths top list&nbsp;&nbsp;The Times of India"", 'Fear of Waqf taking over houses sets off violence in Karnataka village - The Times of India. Fear of Waqf taking over houses sets off violence in Karnataka village&nbsp;&nbsp;The Times of India']","['The Hindu', 'The Hindu', 'The Hindu', 'The Hindu', 'The Indian Express', 'The Indian Express', 'The Times of India', 'The Times of India', 'The Times of India', 'The Times of India']"
A16,To establish a seed fund of Rs.200 crores to create infrastructure in Cyber Crimes and financial investigations.,Police,[],[]
A17,To set up a dedicated fund of Rs 2000 crore to modernise all the existing courts of the state.,LAW AND JUSTICE -- All are equal before law.,['Karnataka Budget 2025: Key takeaways - Deccan Herald. Karnataka Budget 2025: Key takeaways&nbsp;&nbsp;Deccan Herald'],['Deccan Herald']
A18,To reduce registration fee concerning Gift & Will on landed property within the family .,LAW AND JUSTICE -- All are equal before law.,"['Karnataka doubles property registration fee with effect from tomorrow - The Indian Express. Karnataka doubles property registration fee with effect from tomorrow&nbsp;&nbsp;The Indian Express', 'Bengaluru e-khata scam: 5 sub-registrars suspended after 1,332 illegal property registrations - The Times of India. Bengaluru e-khata scam: 5 sub-registrars suspended after 1,332 illegal property registrations&nbsp;&nbsp;The Times of India', 'Karnataka moves to let registrars scrap fake registrations - The Times of India. Karnataka moves to let registrars scrap fake registrations&nbsp;&nbsp;The Times of India', 'Close to 68% of women aged 15-49 in Karnataka own house or land alone or jointly with family members - The Hindu. Close to 68% of women aged 15-49 in Karnataka own house or land alone or jointly with family members&nbsp;&nbsp;The Hindu', 'No red tape: Automatic mutation to expedite land transactions in Karnataka - The Times of India. No red tape: Automatic mutation to expedite land transactions in Karnataka&nbsp;&nbsp;The Times of India', 'Applying for e-khata in Bengaluru: All you need to know - Citizen Matters. Applying for e-khata in Bengaluru: All you need to know&nbsp;&nbsp;Citizen Matters']","['The Indian Express', 'The Times of India', 'The Times of India', 'The Hindu', 'The Times of India', 'Citizen Matters']"
A19,"The Congress Party is committed to take firm and decisive action against individuals and organisations spreading hatred amongst communities on grounds of caste or religion. We believe that law and Constitution is sacrosanct and can not be violated by individuals and Organisations like Bajrang Dal, PFI or others promoting enmity or hatred, whether among majority or minority communities. We will take decisive action as per law including imposing a ban on any such organisations. Regional and Rural Development",LAW AND JUSTICE -- All are equal before law.,"['Karnataka polls: Bajrang Dal stages protest against Congress manifesto to ban organisation - ANI News. Karnataka polls: Bajrang Dal stages protest against Congress manifesto to ban organisation&nbsp;&nbsp;ANI News', 'Karnataka polls: Congress to ban Bajrang Dal, PFI if voted to power - The New Indian Express. Karnataka polls: Congress to ban Bajrang Dal, PFI if voted to power&nbsp;&nbsp;The New Indian Express', ""Bajrang Dal to conduct 'Hanuman Chalisa' recital programme in Karnataka, in counter to Congress - Oneindia. Bajrang Dal to conduct 'Hanuman Chalisa' recital programme in Karnataka, in counter to Congress&nbsp;&nbsp;Oneindia"", 'Karnataka poll: Congress releases manifesto, vows 200 units of free electricity, monthly allowances for w - The Times of India. Karnataka poll: Congress releases manifesto, vows 200 units of free electricity, monthly allowances for w&nbsp;&nbsp;The Times of India']","['ANI News', 'The New Indian Express', 'Oneindia', 'The Times of India']"
A20,To set up high-speed WiFi hotspots in every Panchayath.,Regional and Rural Development,[],[]
A21,"Mahatma Gandhi Gram Swaraj Scheme - To invest Rs. 50 thousand crores in five years to improve facilities in villages, to provide clean drinking water, sanitation, basic education, health and all weather roads.",Regional and Rural Development,[],[]
A22,To extend Bengaluru's TenderSURE road model to cities with a population more than 10 Lakh.,Urban Development,"['Rs 1 lakh crore to develop Bengaluru as India’s second capital: Cong manifesto - The News Minute. Rs 1 lakh crore to develop Bengaluru as India’s second capital: Cong manifesto&nbsp;&nbsp;The News Minute', 'Congress promises action, including ban, on organisations spreading hatred in Karnataka manifesto - Telegraph India. Congress promises action, including ban, on organisations spreading hatred in Karnataka manifesto&nbsp;&nbsp;Telegraph India']","['The News Minute', 'Telegraph India']"
A23,"To take up construction of apartments with all facilities, regularise all slums, provide them title deeds and re name the slums as Shramika Vasathi Samuchhaya",Urban Development,[],[]
A24,"To amend Karnataka Apartment Ownership Act, 1972 to provide for conveyance of property and land to group of owners.",Urban Development,"['Karnataka’s new Apartment Ownership Act nearly ready: What you need to know | Real Estate News - Hindustan Times. Karnataka’s new Apartment Ownership Act nearly ready: What you need to know | Real Estate News&nbsp;&nbsp;Hindustan Times', 'Bengaluru homebuyers urge Karnataka government to ensure title transfer under new apartment law | Real Estate News - Hindustan Times. Bengaluru homebuyers urge Karnataka government to ensure title transfer under new apartment law | Real Estate News&nbsp;&nbsp;Hindustan Times', 'Apartment regulation laws in Karnataka: Why we need urgent reforms - The News Minute. Apartment regulation laws in Karnataka: Why we need urgent reforms&nbsp;&nbsp;The News Minute', 'MC Explains: Do Karnataka homebuyers really own the land their apartment is built on? - Moneycontrol.com. MC Explains: Do Karnataka homebuyers really own the land their apartment is built on?&nbsp;&nbsp;Moneycontrol.com', 'Karnataka government moves to roll out Apartment Bill 2025: All you need to know | Real Estate News - Hindustan Times. Karnataka government moves to roll out Apartment Bill 2025: All you need to know | Real Estate News&nbsp;&nbsp;Hindustan Times', 'Apartment Bill 2025: Bengaluru Homebuyers Demand Land Title and Association Rights - Realty Today. Apartment Bill 2025: Bengaluru Homebuyers Demand Land Title and Association Rights&nbsp;&nbsp;Realty Today', 'Uncertainty set to end? Draft of new apartment law in Karnataka nearly ready - The Times of India. Uncertainty set to end? Draft of new apartment law in Karnataka nearly ready&nbsp;&nbsp;The Times of India', 'Bengaluru Apartment Owners Fight for Fair Laws and Lower Trash Fees - Realty Today. Bengaluru Apartment Owners Fight for Fair Laws and Lower Trash Fees&nbsp;&nbsp;Realty Today', 'Bengaluru homebuyers meet state govt, demand deemed conveyance provisions - Moneycontrol.com. Bengaluru homebuyers meet state govt, demand deemed conveyance provisions&nbsp;&nbsp;Moneycontrol.com', 'MC Exclusive: Karnataka clears confusion over registering resident welfare associations in Bengaluru - Moneycontrol.com. MC Exclusive: Karnataka clears confusion over registering resident welfare associations in Bengaluru&nbsp;&nbsp;Moneycontrol.com']","['Hindustan Times', 'Hindustan Times', 'The News Minute', 'Moneycontrol.com', 'Hindustan Times', 'Realty Today', 'The Times of India', 'Realty Today', 'Moneycontrol.com', 'Moneycontrol.com']"
A25,To frame rules to double the FAR for buildings in II tier cities to enterprises which generate employment.,Urban Development,[],[]
A26,"Krishi Sarvodaya Nidhi - To allocate Rs. 1.50 lakh crores in five years for modernization of agriculture, subsidy, loan and insurance.",Agriculture and farming,[],[]
A27,"Committed to AICC session held at Raipur the congress party would implement guarantees of MSP based on the report of Agricultural price fixation commission, in consultation with the farmers representatives to the Agricultural and Horticultural produce",Agriculture and farming,[],[]
A28,To increase interest free soft loans to the farmers from Rs. 3 lakhs to 10 lakhs and with minimum interest of 3% upto Rs. 15 lakhs and to reimburse the differential interest by Government.,Agriculture and farming,['Examining the BJP and Congress manifestos in Karnataka: A comparative look - The Indian Express. Examining the BJP and Congress manifestos in Karnataka: A comparative look&nbsp;&nbsp;The Indian Express'],['The Indian Express']
A29,To promote Agro based village industries run by rural women by investing Rs.200 crores.,Agriculture and farming,"['Overview of Karnataka Budget 2023-24 - NammaKPSC. Overview of Karnataka Budget 2023-24&nbsp;&nbsp;NammaKPSC', 'Karnataka Budget 2025: Key takeaways - Deccan Herald. Karnataka Budget 2025: Key takeaways&nbsp;&nbsp;Deccan Herald']","['NammaKPSC', 'Deccan Herald']"
A30,To repeal the anti farmer laws enacted by BJP Government and to withdraw all politically motivated cases against farmers.,Agriculture and farming,"['Karnataka farmers’ organisation demands State to clarify its stance on withdrawing amendments to farm-related laws introduced by BJP - The Hindu. Karnataka farmers’ organisation demands State to clarify its stance on withdrawing amendments to farm-related laws introduced by BJP&nbsp;&nbsp;The Hindu', 'Karnataka Assembly Elections 2023 | Congress releases manifesto, promises to repeal ‘anti-people laws’ passed by BJP - The Hindu. Karnataka Assembly Elections 2023 | Congress releases manifesto, promises to repeal ‘anti-people laws’ passed by BJP&nbsp;&nbsp;The Hindu', 'Congress not walking the talk on repealing Karnataka anti-cow slaughter law - Frontline Magazine. Congress not walking the talk on repealing Karnataka anti-cow slaughter law&nbsp;&nbsp;Frontline Magazine', 'Karnataka: Why the Congress plan to reverse BJP’s cow slaughter ban is controversial - The Indian Express. Karnataka: Why the Congress plan to reverse BJP’s cow slaughter ban is controversial&nbsp;&nbsp;The Indian Express', 'Karnataka govt tables bill to repeal amendments to APMC Act - The Times of India. Karnataka govt tables bill to repeal amendments to APMC Act&nbsp;&nbsp;The Times of India', 'Karnataka: Congress releases manifesto, promises action against Bajrang Dal, PFI - Deccan Chronicle. Karnataka: Congress releases manifesto, promises action against Bajrang Dal, PFI&nbsp;&nbsp;Deccan Chronicle', 'Karnataka’s Siddaramaiah govt and the illusions of social justice in a fascist era - The News Minute. Karnataka’s Siddaramaiah govt and the illusions of social justice in a fascist era&nbsp;&nbsp;The News Minute']","['The Hindu', 'The Hindu', 'Frontline Magazine', 'The Indian Express', 'The Times of India', 'Deccan Chronicle', 'The News Minute']"
A31,Savayava Saradaara Yojane to promote Organic farming investing Rs.2500 crores in five years.,Agriculture and farming,[],[]
A32,"Anew development board ""Negila Tuditha"" with seed money of Rs.500 crores. to focus on landless agricultural labourers and tenant farmers.",Agriculture and farming,[],[]
A33,Jala Chethana Andolana - 100% subsidy to drip and sprinkler irrigation,Agriculture and farming,[],[]
A34,To reintroduce subsidy for installation of solar pump-sets with 75% of the cost as subsidy.,Agriculture and farming,[],[]
A35,To form self-help group for rural agriculturist women and provide Rs.3 lakhs interest free revolving loan.,Agriculture and farming,['Overview of Karnataka Budget 2023-24 - NammaKPSC. Overview of Karnataka Budget 2023-24&nbsp;&nbsp;NammaKPSC'],['NammaKPSC']
A36,To create Prakruthi Vikopa Nidhi - a permanent fund - by creating an initial corpus fund of Rs.5000 crores.,Agriculture and farming,[],[]
A37,To offer reasonable compensation during drought and famine situations for the loss of agricultural produce. To postpone the recovery of distressed loans and waive complete interest,Agriculture and farming,[],[]
A38,To provide possession certificates to the famers of Malnad.,Agriculture and farming,['Karnataka BJP MLA seeks gun licenses for Malnad residents to curb rising robberies - The Hans India. Karnataka BJP MLA seeks gun licenses for Malnad residents to curb rising robberies&nbsp;&nbsp;The Hans India'],['The Hans India']
A39,To establish an Agriculture Price Commission in each revenue division.,Agriculture and farming,"['Farmers push for debt relief commission as rains wipe out crops across Karnataka - The Times of India. Farmers push for debt relief commission as rains wipe out crops across Karnataka&nbsp;&nbsp;The Times of India', 'Karnataka CM Siddaramaiah presents his record 16th Budget, with an outlay of ₹4,09,549 crore - The South First. Karnataka CM Siddaramaiah presents his record 16th Budget, with an outlay of ₹4,09,549 crore&nbsp;&nbsp;The South First', 'Karnataka Budget 2026: CM Siddaramaiah presents his 17th budget, with an outlay of ₹4,48,004 crore - The Hindu. Karnataka Budget 2026: CM Siddaramaiah presents his 17th budget, with an outlay of ₹4,48,004 crore&nbsp;&nbsp;The Hindu', 'Karnataka govt bans conversion for agriculture plots below 5 guntas - The Times of India. Karnataka govt bans conversion for agriculture plots below 5 guntas&nbsp;&nbsp;The Times of India', 'Karnataka Budget 2026–27: CM presents Rs 4.48 lac cr plan, new IT park for Mangaluru announced - Daijiworld. Karnataka Budget 2026–27: CM presents Rs 4.48 lac cr plan, new IT park for Mangaluru announced&nbsp;&nbsp;Daijiworld', '‘Sahkar Taxi’: Cab and auto drivers in Karnataka welcome Centre’s initiative - The Hindu. ‘Sahkar Taxi’: Cab and auto drivers in Karnataka welcome Centre’s initiative&nbsp;&nbsp;The Hindu', 'INTERVIEW: ‘Guarantees will not bankrupt Karnataka’, says Senior IAS officer Atheeq - The New Indian Express. INTERVIEW: ‘Guarantees will not bankrupt Karnataka’, says Senior IAS officer Atheeq&nbsp;&nbsp;The New Indian Express', 'Karnataka Budget 2026–27 puts focus on welfare, infrastructure and development - The South First. Karnataka Budget 2026–27 puts focus on welfare, infrastructure and development&nbsp;&nbsp;The South First', 'Siddaramaiah Presents A Record-Breaking Prepoll Karnataka Budget - The Quint. Siddaramaiah Presents A Record-Breaking Prepoll Karnataka Budget&nbsp;&nbsp;The Quint', 'Karnataka Budget 2025 LIVE Updates: Siddaramaiah Presents His Record 16th Budget - Oneindia. Karnataka Budget 2025 LIVE Updates: Siddaramaiah Presents His Record 16th Budget&nbsp;&nbsp;Oneindia']","['The Times of India', 'The South First', 'The Hindu', 'The Times of India', 'Daijiworld', 'The Hindu', 'The New Indian Express', 'The South First', 'The Quint', 'Oneindia']"
A40,Toassist the grape growers by providing subsidies - allotment of Rs.500 Crore.,Horticulture,[],[]
A41,"To provide special package for development of floriculture in Bengaluru, Ramanagara and Chikkaballapura by investing Rs.500 crores.",Horticulture,[],[]
A42,To create a brand for Coffee in Karnataka.,Horticulture,"['Processing unit in Karnataka planned for coffee and pepper growing Soliga tribals - The Times of India. Processing unit in Karnataka planned for coffee and pepper growing Soliga tribals&nbsp;&nbsp;The Times of India', '2,500 coffee kiosks to be set up at ₹25 crore: Karnataka Minister | Bengaluru - Hindustan Times. 2,500 coffee kiosks to be set up at ₹25 crore: Karnataka Minister | Bengaluru&nbsp;&nbsp;Hindustan Times', 'This Bengaluru-based app is increasing the income of coffee farmers in India - The Hindu. This Bengaluru-based app is increasing the income of coffee farmers in India&nbsp;&nbsp;The Hindu', ""Karnataka's iconic Nandini Milk is all set to make a sensational entry into Delhi - The Times of India. Karnataka's iconic Nandini Milk is all set to make a sensational entry into Delhi&nbsp;&nbsp;The Times of India"", 'For the first time in Asia, World Coffee Conference to be held in Bengaluru - The Hindu. For the first time in Asia, World Coffee Conference to be held in Bengaluru&nbsp;&nbsp;The Hindu', 'Lords Hotels Launches Two Resorts in Karnataka - Indian Retailer. Lords Hotels Launches Two Resorts in Karnataka&nbsp;&nbsp;Indian Retailer', ""Bigg Boss Kannada, the 'IPL of GECs,' captivates Karnataka with its celebrity charm and engaging content: Bikash Kundu, Viacom18 - MediaNews4U. Bigg Boss Kannada, the 'IPL of GECs,' captivates Karnataka with its celebrity charm and engaging content: Bikash Kundu, Viacom18&nbsp;&nbsp;MediaNews4U"", 'Tourism, Economy, GDP, IT and ITeS, Industries in Karnataka - IBEF. Tourism, Economy, GDP, IT and ITeS, Industries in Karnataka&nbsp;&nbsp;IBEF', 'Karnataka Budget 2023: Emphasis on Agricultural Growth and Advancing Infra Development - Krishi Jagran. Karnataka Budget 2023: Emphasis on Agricultural Growth and Advancing Infra Development&nbsp;&nbsp;Krishi Jagran', 'First Akka Cafe launched in Bengaluru as part of state efforts to foster women entrepreneurs - The Indian Express. First Akka Cafe launched in Bengaluru as part of state efforts to foster women entrepreneurs&nbsp;&nbsp;The Indian Express']","['The Times of India', 'Hindustan Times', 'The Hindu', 'The Times of India', 'The Hindu', 'Indian Retailer', 'MediaNews4U', 'IBEF', 'Krishi Jagran', 'The Indian Express']"
A43,"To create ""Sericulture Stability Revolving Fund"" with Rs.2000 Crores as initial deposit.",Sericulture,[],[]
A44,To provide Rs 3 lakh interest-free loans to all silk yarn reelers,Sericulture,[],[]
A45,To implement Ksheera Kranthi - Mission 1.5 Crore litres of milk production per day.,Dairy Development and Animal Husbandry:,['Congress promises better days for farmers in Karnataka manifesto - RuralVoice. Congress promises better days for farmers in Karnataka manifesto&nbsp;&nbsp;RuralVoice'],['RuralVoice']
A46,Pashu Bhagya - To give loans upto Rs.3 lakhs at zero interest to dairy farmers to purchase superior Cow/Buffalo breed.,Dairy Development and Animal Husbandry:,[],[]
A47,"To establish Kurigahi Samvardhana Nidhi - Rs 1,000 Crore fund for sheep rearing.",Dairy Development and Animal Husbandry:,[],[]
A48,Ksheeradhare — To increase the per litre milk subsidy for all dairy farmers from Rs.5 to Rs.7/-.,Dairy Development and Animal Husbandry:,"['Karnataka Assembly elections: From BSY to Siddaramaiah, the land of milk and money - The Indian Express. Karnataka Assembly elections: From BSY to Siddaramaiah, the land of milk and money&nbsp;&nbsp;The Indian Express']",['The Indian Express']
A49,Ksheera Kranti Credit Cards — To provide all dairy farmers with Ksheera,Dairy Development and Animal Husbandry:,[],[]
A50,"Kranthi Credit Cards with a credit limit of Rs.50,000.",Dairy Development and Animal Husbandry:,[],[]
A51,Runamuktha Kurigahi Yojane: To waive the Loan upto Rs | lakh of all sheep and goat rearing farmers.,Dairy Development and Animal Husbandry:,[],[]
A52,To purchase cow-dung @Rs.3/- per KG and establish compost/manure centers in villages involving rural women/Youth.,Dairy Development and Animal Husbandry:,"['Rs 62,000 Crore Freebies: Congress win might cost Karnataka this much every year - The Economic Times. Rs 62,000 Crore Freebies: Congress win might cost Karnataka this much every year&nbsp;&nbsp;The Economic Times', ""Seven ingredients of the Congress' Karnataka magic recipe - The Economic Times. Seven ingredients of the Congress' Karnataka magic recipe&nbsp;&nbsp;The Economic Times""]","['The Economic Times', 'The Economic Times']"
A53,To provide interest-free loans to women to buy 2 cows or buffalos.,Dairy Development and Animal Husbandry:,"['Karnataka Budget: Govt to waive interest on overdue loans of district cooperative banks - The Economic Times. Karnataka Budget: Govt to waive interest on overdue loans of district cooperative banks&nbsp;&nbsp;The Economic Times', 'Congress promises action, including ban, on organisations spreading hatred in Karnataka manifesto - Telegraph India. Congress promises action, including ban, on organisations spreading hatred in Karnataka manifesto&nbsp;&nbsp;Telegraph India', 'Karnataka budget 2025: CM Siddaramaiah allocates Rs 42,018 crore for SC/ST welfare - The News Minute. Karnataka budget 2025: CM Siddaramaiah allocates Rs 42,018 crore for SC/ST welfare&nbsp;&nbsp;The News Minute']","['The Economic Times', 'Telegraph India', 'The News Minute']"
A54,"Matsyakranthi - to make projects to rise in five years Rs 12,000 Crore Blue",Fisheries - Blue Economy,[],[]
A55,"""Matysa Sarvodaya Nidhi"" - To establish a Rs 5000 Crore fund to improve the fishing sector as a whole.",Fisheries - Blue Economy,[],[]
A56,To provide interest-free loans of up to Rs 3 lakhs to fisherwomen.,Fisheries - Blue Economy,"['Highlights Of Karnataka Budget 2023 - Oneindia. Highlights Of Karnataka Budget 2023&nbsp;&nbsp;Oneindia', 'Seafood park will come up at Baindoor: Karnataka Minister Vaidya - Deccan Herald. Seafood park will come up at Baindoor: Karnataka Minister Vaidya&nbsp;&nbsp;Deccan Herald', 'Karnataka Budget 2023 | Focus on agricultural growth and infrastructure development - CNBC TV18. Karnataka Budget 2023 | Focus on agricultural growth and infrastructure development&nbsp;&nbsp;CNBC TV18', 'Karnataka Budget 2023: Emphasis on Agricultural Growth and Advancing Infra Development - Krishi Jagran. Karnataka Budget 2023: Emphasis on Agricultural Growth and Advancing Infra Development&nbsp;&nbsp;Krishi Jagran', 'Karnataka Congress releases manifesto — from welfare schemes for women and farmers to salaries and pensions - CNBC TV18. Karnataka Congress releases manifesto — from welfare schemes for women and farmers to salaries and pensions&nbsp;&nbsp;CNBC TV18']","['Oneindia', 'Deccan Herald', 'CNBC TV18', 'Krishi Jagran', 'CNBC TV18']"
A57,Matsya Bhagya — To provide 500 litres of tax-free diesel every year for deep sea fishing.,Fisheries - Blue Economy,[],[]
A58,"To provide financial assistance of Rs 10,000 to all the Nadadoni fishermen",Fisheries - Blue Economy,[],[]
A59,Matsya Mahithi Kendra - To establish a state-of-the-art satellite mapping centre at UDUPI.,Fisheries - Blue Economy,[],[]
A60,To arrange dredging at the points of anchorages in the jetties/ports or places where the fishing boats are being anchored.,Fisheries - Blue Economy,[],[]
A61,"""Matsya Ashraya Yojane"" - Ensure Housing to all economically disadvantaged fishermen.",Fisheries - Blue Economy,[],[]
A62,"Mathsya Asha Kirana Yojane-—To provide Rs 6,000 to all the marine fishermen as alean period allowance during the fishing holiday.",Fisheries - Blue Economy,[],[]
A63,To Spend Rs. 1.5 lakh crores for irrigation in the next 5 years (2023 to 2028).,IRRIGATION - JEEVAJALA,[],[]
A64,To pursue— and complete them within five years and provide budgetary support,IRRIGATION - JEEVAJALA,"['4 out of 5 Bengaluru’s civic entities seek Rs 6600-crore budgetary support - The Times of India. 4 out of 5 Bengaluru’s civic entities seek Rs 6600-crore budgetary support&nbsp;&nbsp;The Times of India', 'Karnataka Budget proposes new hostels, minority residential schools and education support schemes - The Hindu. Karnataka Budget proposes new hostels, minority residential schools and education support schemes&nbsp;&nbsp;The Hindu', 'Kalyana Karnataka forum urges Centre to fulfil promises in upcoming budget - The Times of India. Kalyana Karnataka forum urges Centre to fulfil promises in upcoming budget&nbsp;&nbsp;The Times of India', 'Activists seek more funds for buses in Karnataka budget; study says RTCs ignored - The Times of India. Activists seek more funds for buses in Karnataka budget; study says RTCs ignored&nbsp;&nbsp;The Times of India', 'Budget 2025: Karnataka CM Siddaramaiah calls for ‘fair’ approach from Centre, submits demands | Bengaluru - Hindustan Times. Budget 2025: Karnataka CM Siddaramaiah calls for ‘fair’ approach from Centre, submits demands | Bengaluru&nbsp;&nbsp;Hindustan Times', 'Karnataka Budget 2026: Minority Leaders Question Allocation; Seek Transparency In Fund Release, Utilisation - ETV Bharat. Karnataka Budget 2026: Minority Leaders Question Allocation; Seek Transparency In Fund Release, Utilisation&nbsp;&nbsp;ETV Bharat', 'Beneficiaries praise five guarantee schemes of Karnataka Congress, but implementation falls short - The South First. Beneficiaries praise five guarantee schemes of Karnataka Congress, but implementation falls short&nbsp;&nbsp;The South First', '5 guarantees help 1.2 crore families come out of poverty: Karnataka Guv - The Hindu. 5 guarantees help 1.2 crore families come out of poverty: Karnataka Guv&nbsp;&nbsp;The Hindu', 'All eyes on Saturday showdown: Karnataka CM Siddaramaiah vows full term delivery; DK Shivakumar wishes hi - The Times of India. All eyes on Saturday showdown: Karnataka CM Siddaramaiah vows full term delivery; DK Shivakumar wishes hi&nbsp;&nbsp;The Times of India', ""Siddaramaiah vs DK Shivakumar: Why Congress needs to stop the 'nataka' in Karnataka - The Times of India. Siddaramaiah vs DK Shivakumar: Why Congress needs to stop the 'nataka' in Karnataka&nbsp;&nbsp;The Times of India""]","['The Times of India', 'The Hindu', 'The Times of India', 'The Times of India', 'Hindustan Times', 'ETV Bharat', 'The South First', 'The Hindu', 'The Times of India', 'The Times of India']"
A65,". New Projects : Project Cost - Mekedatu -Rs. 9,000 Cr, Mahadayi -Rs. 3,000 Cr",IRRIGATION - JEEVAJALA,[],[]
A66,". Existing projects : Upper Bhadra, Upper Krishna , Yethinahole and Varahi",IRRIGATION - JEEVAJALA,[],[]
A67,"BJP has failed to implement Mahadayi project denying 3.9 TMC of clean drinking water to over 50 lakh residents living across Belagavi, Hubli-Dharwaddistricts.",IRRIGATION - JEEVAJALA,[],[]
A68,Action willbe taken to obtain necessary clearances from the Union Government,IRRIGATION - JEEVAJALA,"['Karnataka to fast-track industry approvals; CM Siddaramaiah warns action against delays - Moneycontrol.com. Karnataka to fast-track industry approvals; CM Siddaramaiah warns action against delays&nbsp;&nbsp;Moneycontrol.com', 'Karnataka Budget 2026–27: CM presents Rs 4.48 lac cr plan, new IT park for Mangaluru announced - Daijiworld. Karnataka Budget 2026–27: CM presents Rs 4.48 lac cr plan, new IT park for Mangaluru announced&nbsp;&nbsp;Daijiworld', ""Karnataka Budget 2024: CM Siddaramaiah asserts govt's commitment to implement Mekedatu, other irrigation projects - Deccan Herald. Karnataka Budget 2024: CM Siddaramaiah asserts govt's commitment to implement Mekedatu, other irrigation projects&nbsp;&nbsp;Deccan Herald"", 'Karnataka Budget: Rs 1 lakh crore needed to implement approved irrigation projects - Deccan Herald. Karnataka Budget: Rs 1 lakh crore needed to implement approved irrigation projects&nbsp;&nbsp;Deccan Herald', 'Karnataka bus strike begins: Employees defy HC order as talks fail; thousands stranded across state - The Times of India. Karnataka bus strike begins: Employees defy HC order as talks fail; thousands stranded across state&nbsp;&nbsp;The Times of India', 'Ready to discuss Mekedatu project implementation with TN, says Karnataka CM - DT Next. Ready to discuss Mekedatu project implementation with TN, says Karnataka CM&nbsp;&nbsp;DT Next', 'Karnataka threatens to move SC over delay in central funds for Upper Bhadra project - The Times of India. Karnataka threatens to move SC over delay in central funds for Upper Bhadra project&nbsp;&nbsp;The Times of India', 'Karnataka Budget 2026–27: What are the key announcements? - The South First. Karnataka Budget 2026–27: What are the key announcements?&nbsp;&nbsp;The South First', 'Transport staff to go on strike across Karnataka from today - The New Indian Express. Transport staff to go on strike across Karnataka from today&nbsp;&nbsp;The New Indian Express']","['Moneycontrol.com', 'Daijiworld', 'Deccan Herald', 'Deccan Herald', 'The Times of India', 'DT Next', 'The Times of India', 'The South First', 'The New Indian Express']"
A69,100% of the Mahadayi water allocated to Karnataka will be utilised,IRRIGATION - JEEVAJALA,['Karnataka polls: Political slugfest over Mahadayi intensifies | Bengaluru - Hindustan Times. Karnataka polls: Political slugfest over Mahadayi intensifies | Bengaluru&nbsp;&nbsp;Hindustan Times'],['Hindustan Times']
A70,Rs 500 crore will be allocated in the first cabinet meeting,IRRIGATION - JEEVAJALA,"[""Rs 12,650 crore: Karnataka cabinet approves Bengaluru's first tunnel road project - The Times of India. Rs 12,650 crore: Karnataka cabinet approves Bengaluru's first tunnel road project&nbsp;&nbsp;The Times of India"", ""Karnataka govt spent big on netas' cars, grand event for 2nd anniversary: Rs 3,357 crore supplementary bu - The Times of India. Karnataka govt spent big on netas' cars, grand event for 2nd anniversary: Rs 3,357 crore supplementary bu&nbsp;&nbsp;The Times of India"", 'Karnataka: Opposition alleges Rs 145 crore misuse in laptop scheme, seeks probe - The Times of India. Karnataka: Opposition alleges Rs 145 crore misuse in laptop scheme, seeks probe&nbsp;&nbsp;The Times of India', 'Karnataka clears Rs 193 crore funding for Hassan greenfield airport project - The News Minute. Karnataka clears Rs 193 crore funding for Hassan greenfield airport project&nbsp;&nbsp;The News Minute', ""Kumaraswamy, two BJP MPs from Karnataka expected to join PM Modi's cabinet - The Times of India. Kumaraswamy, two BJP MPs from Karnataka expected to join PM Modi's cabinet&nbsp;&nbsp;The Times of India"", 'CM Siddaramaiah proposes 500 new Karnataka Public Schools, AI-based learning - The Indian Express. CM Siddaramaiah proposes 500 new Karnataka Public Schools, AI-based learning&nbsp;&nbsp;The Indian Express', 'YS Sharmila meets DK Shivakumar in Bengaluru amid talks of YSRTP-Congress alliance - The Times of India. YS Sharmila meets DK Shivakumar in Bengaluru amid talks of YSRTP-Congress alliance&nbsp;&nbsp;The Times of India', 'Karnataka budget: Siddaramaiah aims to make Bengaluru ‘most liveable city’, but offers no big-ticket schemes - The Indian Express. Karnataka budget: Siddaramaiah aims to make Bengaluru ‘most liveable city’, but offers no big-ticket schemes&nbsp;&nbsp;The Indian Express', ""Justice D'Cunha report leak calls for prosecution of former Karnataka CM BS Yediyurappa, Sriramulu ahead - The Times of India. Justice D'Cunha report leak calls for prosecution of former Karnataka CM BS Yediyurappa, Sriramulu ahead&nbsp;&nbsp;The Times of India"", 'Karnataka plans Rohith Vemula Bill to tackle caste discrimination on campuses: CM Siddaramaiah - MSN. Karnataka plans Rohith Vemula Bill to tackle caste discrimination on campuses: CM Siddaramaiah&nbsp;&nbsp;MSN']","['The Times of India', 'The Times of India', 'The Times of India', 'The News Minute', 'The Times of India', 'The Indian Express', 'The Times of India', 'The Indian Express', 'The Times of India', 'MSN']"
A71,All the components of Mahadayi river diversion projects shall be completed in the next 5 years with a total outlay of Rs 3000 Cr,IRRIGATION - JEEVAJALA,['Karnataka polls: Political slugfest over Mahadayi intensifies | Bengaluru - Hindustan Times. Karnataka polls: Political slugfest over Mahadayi intensifies | Bengaluru&nbsp;&nbsp;Hindustan Times'],['Hindustan Times']
A72,"Priority will be given to drinking water, agriculture, and then to electricity generation",IRRIGATION - JEEVAJALA,"['Drops of life: Karnataka likely to witness drinking water shortage this summer - The New Indian Express. Drops of life: Karnataka likely to witness drinking water shortage this summer&nbsp;&nbsp;The New Indian Express', 'Our priority is only development, not vote bank, says PM Modi in poll-bound Karnataka - The Hindu. Our priority is only development, not vote bank, says PM Modi in poll-bound Karnataka&nbsp;&nbsp;The Hindu', 'Karnataka Budget 2026–27 puts focus on welfare, infrastructure and development - The South First. Karnataka Budget 2026–27 puts focus on welfare, infrastructure and development&nbsp;&nbsp;The South First', 'Water crisis 2024: Bengaluru parched, but cities across India struggling too - Citizen Matters. Water crisis 2024: Bengaluru parched, but cities across India struggling too&nbsp;&nbsp;Citizen Matters', 'Mekedatu, Upper Krishna projects will be implemented if Centre grants approval: Karnataka Deputy CM Shivakumar - The News Minute. Mekedatu, Upper Krishna projects will be implemented if Centre grants approval: Karnataka Deputy CM Shivakumar&nbsp;&nbsp;The News Minute', 'Overview of Karnataka Budget 2023-24 - NammaKPSC. Overview of Karnataka Budget 2023-24&nbsp;&nbsp;NammaKPSC', 'How safe is Karnataka’s groundwater usage?Safe today, vulnerable tomorrow - The Times of India. How safe is Karnataka’s groundwater usage?Safe today, vulnerable tomorrow&nbsp;&nbsp;The Times of India', 'Karnataka Budget 2025: Key takeaways - Deccan Herald. Karnataka Budget 2025: Key takeaways&nbsp;&nbsp;Deccan Herald', 'How Karnataka Is Delivering Rations To People Aged 90 & Above - Indiaspend. How Karnataka Is Delivering Rations To People Aged 90 & Above&nbsp;&nbsp;Indiaspend', 'Karnataka Villagers booked over bid to lay pipeline in forest - The Times of India. Karnataka Villagers booked over bid to lay pipeline in forest&nbsp;&nbsp;The Times of India']","['The New Indian Express', 'The Hindu', 'The South First', 'Citizen Matters', 'The News Minute', 'NammaKPSC', 'The Times of India', 'Deccan Herald', 'Indiaspend', 'The Times of India']"
A73,Congress will ensure responsible and secure rehabilitation of project affected families,IRRIGATION - JEEVAJALA,[],[]
A74,Congress will adopt latest state-of-the-art technology for the construction of Kalasa and Banduri dams to undertake desilting of Thungabadra Dam on priority to ensure the 200 TMC of storage is not lost and additional area of agricultural area is brought under irrigation,IRRIGATION - JEEVAJALA,[],[]
A75,"To provide Rs. 1000 crores for cleaning all important rivers in Karnataka (Kali, Bedthi, Krishna, Tungabhadra, Malaprabha, Bhima, Cauvery, Kabini, Shimsha, Arkavathi, Yagachi, Kumaradhara and Nethravathi Rivers) over a period of 5 years.",IRRIGATION - JEEVAJALA,[],[]
A76,To Establish a Gold and Diamond Park of International Standard in Mangaluru ina secure zone with all amenities to attract tourism and trade on par with Dubai.,Industry and Commerce,[],[]
A77,To develop the industrial infrastructure in the border areas of the state Talaped (Kerala) Nippani (Maharastra) Bidar (Maharastara / Telangana) Sarjapura (Tamilnadu) and Srinivasapura (Andrapradesh) established Border Industrial Development Board with the investment of rs. 5000 Crs in five years.,Industry and Commerce,[],[]
A78,To provide start-up fund of Rs. 10 crores to each constituency.,Industry and Commerce,"['Each MLA in Karnataka to get ₹50 crore for developmental work in their constituency: Report | Bengaluru - Hindustan Times. Each MLA in Karnataka to get ₹50 crore for developmental work in their constituency: Report | Bengaluru&nbsp;&nbsp;Hindustan Times', 'Rs 50 crore for Congress MLAs, Rs 25 crore for BJP’s: Uneven road funds for Bengaluru sparks opposition o - The Times of India. Rs 50 crore for Congress MLAs, Rs 25 crore for BJP’s: Uneven road funds for Bengaluru sparks opposition o&nbsp;&nbsp;The Times of India', 'Karnataka poll expenditure more than trebles to 511 crore in 10 years - The Times of India. Karnataka poll expenditure more than trebles to 511 crore in 10 years&nbsp;&nbsp;The Times of India', '‘Pothole-free’: Bengaluru gets Rs 1,100 crore to fix its roads - The Times of India. ‘Pothole-free’: Bengaluru gets Rs 1,100 crore to fix its roads&nbsp;&nbsp;The Times of India', 'Karnataka government seeks aid from corporates to build public schools - The Times of India. Karnataka government seeks aid from corporates to build public schools&nbsp;&nbsp;The Times of India', 'Karnataka Budget 2026: ST Commission, Buddhist body for Ahinda - Deccan Herald. Karnataka Budget 2026: ST Commission, Buddhist body for Ahinda&nbsp;&nbsp;Deccan Herald', '11 MLAs complain in letter, Karnataka CM Siddaramaiah and deputy CM DK Shivakumar say all is well - The Times of India. 11 MLAs complain in letter, Karnataka CM Siddaramaiah and deputy CM DK Shivakumar say all is well&nbsp;&nbsp;The Times of India']","['Hindustan Times', 'The Times of India', 'The Times of India', 'The Times of India', 'The Times of India', 'Deccan Herald', 'The Times of India']"
A79,"To upgrade through Karnataka Industrial Area Development Board (KIADB) with all the facilities - Tech parks in Mysuru, Mangalore, and Hubli Dharwad with the prospect of creating one lakh employment under IT.",Industry and Commerce,[],[]
A80,To reopen Brahmavar Vani Vilas Co-operative sugar factory.,Industry and Commerce,[],[]
A81,To offer SGST concessions to 2 wheeler and 3 wheeler electric vehicles within urban limits as pollution free Green mobility solution.,Industry and Commerce,"[""Karnataka elections: Congress manifesto aims to expand IT contribution to over 25% of state's GDP - Business Today. Karnataka elections: Congress manifesto aims to expand IT contribution to over 25% of state's GDP&nbsp;&nbsp;Business Today""]",['Business Today']
A82,To create a Jean Capital of India in Bellary to boost exports to expand employments opportunities by creating an Apparel park by investing Rs. 5000 Cr,Industry and Commerce,[],[]
A83,"To create a Task Force to assist exporters in improving supply chains, market accessibility, and handholding for increasing exports.",Industry and Commerce,[],[]
A84,To offer Start up subsidy upto Rs. 25 lakhs and soft loan upto Rs. One crore @,Industry and Commerce,"['Union budget: Karnataka pushes Centre for Rs 11.5k-crore dues - The Times of India. Union budget: Karnataka pushes Centre for Rs 11.5k-crore dues&nbsp;&nbsp;The Times of India', 'Karnataka Budget 2025: Key takeaways - Deccan Herald. Karnataka Budget 2025: Key takeaways&nbsp;&nbsp;Deccan Herald', ""Karnataka elections: Congress manifesto aims to expand IT contribution to over 25% of state's GDP - Business Today. Karnataka elections: Congress manifesto aims to expand IT contribution to over 25% of state's GDP&nbsp;&nbsp;Business Today"", ""BJP vs Congress: How business took a backseat in Karnataka's state election campaign - The Economic Times. BJP vs Congress: How business took a backseat in Karnataka's state election campaign&nbsp;&nbsp;The Economic Times""]","['The Times of India', 'Deccan Herald', 'Business Today', 'The Economic Times']"
A85,"To set up a Welfare Fund worth Rs. 1,000 Crore to provide low-interest loans for small traders and shopkeepers to help revive key sectors of the local economy",MSMEs:,[],[]
A86,To Reduce stamp duty to MSME for hypothecation and equitable mortgage for bank loans.,MSMEs:,[],[]
A87,"To create a revolving fund of Rs. 5,000 crores for tourism development in the state.",Tourism,['Overview of Karnataka Budget 2023-24 - NammaKPSC. Overview of Karnataka Budget 2023-24&nbsp;&nbsp;NammaKPSC'],['NammaKPSC']
A88,To provide loans at 5% interest rate and taxi permit to 50 youth in each constituency.,Tourism,[],[]
A89,To provide 6% interest subvention for loans up to Rs. 5 lakh for any infrastructural development by home-stay owners and to review the legal provisions.,Tourism,[],[]
A90,To give Industry Status to Hotels with more than 20 employees.,Hotel and Hospitality Industry,"['Minister asks Karnataka hotels to switch to power - The Times of India. Minister asks Karnataka hotels to switch to power&nbsp;&nbsp;The Times of India', 'Private sector employees cannot register new vehicles under BH series in Karnataka - The Hindu. Private sector employees cannot register new vehicles under BH series in Karnataka&nbsp;&nbsp;The Hindu', 'Karnataka High Court directs State government to give status report on implementation of Rights of Persons with Disabilities Act - The Hindu. Karnataka High Court directs State government to give status report on implementation of Rights of Persons with Disabilities Act&nbsp;&nbsp;The Hindu', 'Karnataka High Court recalls stay on one-day monthly menstrual leave for women employees; to hear government’s arguments on Dec 10 - The Hindu. Karnataka High Court recalls stay on one-day monthly menstrual leave for women employees; to hear government’s arguments on Dec 10&nbsp;&nbsp;The Hindu', 'Karnataka govt extends paid menstrual leave to its staff; 1.5 lakh will benefit - The Times of India. Karnataka govt extends paid menstrual leave to its staff; 1.5 lakh will benefit&nbsp;&nbsp;The Times of India', 'Karnataka to allocate 20% of daily commercial LPG supply: Minister | India News - Hindustan Times. Karnataka to allocate 20% of daily commercial LPG supply: Minister | India News&nbsp;&nbsp;Hindustan Times', 'Karnataka moves to expand disability rights with new job and education quotas in private sector - The Hindu. Karnataka moves to expand disability rights with new job and education quotas in private sector&nbsp;&nbsp;The Hindu', 'HC directs Karnataka to ‘strictly and faithfully’ implement menstrual leave policy - The Hindu. HC directs Karnataka to ‘strictly and faithfully’ implement menstrual leave policy&nbsp;&nbsp;The Hindu', 'Karnataka Budget 2025-26: Allocation to the education sector cut by 2% - The Hindu. Karnataka Budget 2025-26: Allocation to the education sector cut by 2%&nbsp;&nbsp;The Hindu', 'Karnataka Chief Minister launches KSRTC Arogya scheme for cashless medical treatment - The Hindu. Karnataka Chief Minister launches KSRTC Arogya scheme for cashless medical treatment&nbsp;&nbsp;The Hindu']","['The Times of India', 'The Hindu', 'The Hindu', 'The Hindu', 'The Times of India', 'Hindustan Times', 'The Hindu', 'The Hindu', 'The Hindu', 'The Hindu']"
A91,To help small self - employed hotel / Bakery / Sweet Stall sector by offering loan up-to Rs 10 Lakhs with 6% interest,Hotel and Hospitality Industry,[],[]
A92,"To provide 200 units of free electricity to every house - ""GRUHAJYOTHI""",Power and Energy,"['Karnataka state formally Launched Gruha Jyothi scheme, 200 units of free electricity in the state - The Financial World. Karnataka state formally Launched Gruha Jyothi scheme, 200 units of free electricity in the state&nbsp;&nbsp;The Financial World', ""Registration for 'Gruha Jyoti' scheme to avail free electricity postponed to June 18 in Karnataka - Vartha Bharati. Registration for 'Gruha Jyoti' scheme to avail free electricity postponed to June 18 in Karnataka&nbsp;&nbsp;Vartha Bharati"", ""Registration for 'Gruha Jyoti' scheme to avail free electricity postponed to June 18 in Karnataka - Telegraph India. Registration for 'Gruha Jyoti' scheme to avail free electricity postponed to June 18 in Karnataka&nbsp;&nbsp;Telegraph India"", 'How To Apply For Gruha Jyoti Scheme Karnataka - All About Belgaum. How To Apply For Gruha Jyoti Scheme Karnataka&nbsp;&nbsp;All About Belgaum', 'Congress’ five freebies in Karnataka: How it will affect farmers - The Times of India. Congress’ five freebies in Karnataka: How it will affect farmers&nbsp;&nbsp;The Times of India', '‘People are god’: DK Shivakumar at launch of ‘Govt at Your Doorstep’ | Bengaluru - Hindustan Times. ‘People are god’: DK Shivakumar at launch of ‘Govt at Your Doorstep’ | Bengaluru&nbsp;&nbsp;Hindustan Times']","['The Financial World', 'Vartha Bharati', 'Telegraph India', 'All About Belgaum', 'The Times of India', 'Hindustan Times']"
A93,To Offer 25% subsidy upto Rs. 3 lakhs for installing solar appliances for domestic use.,Power and Energy,[],[]
A94,To establish EV charging infrastructure and battery manufacturing units with 50% exemption in SGST and special subsidy,Power and Energy,[],[]
A95,"To encourage more mega Solar Parks, to produce additional generation of 5000 MW Power",Power and Energy,[],[]
A96,SHAKTI - Free travel to all women through out the state in regular KSRTC Busses,Transportation,"['Women in Karnataka record over 100 crore free bus rides under Shakti scheme - Moneycontrol.com. Women in Karnataka record over 100 crore free bus rides under Shakti scheme&nbsp;&nbsp;Moneycontrol.com', 'Free bus travel for women in Karnataka | How does Shakti scheme work? - The Hindu. Free bus travel for women in Karnataka | How does Shakti scheme work?&nbsp;&nbsp;The Hindu', 'Smart travel: Soon, Shakti card to enable women’s travel on buses and Metro in Bengaluru - The Times of India. Smart travel: Soon, Shakti card to enable women’s travel on buses and Metro in Bengaluru&nbsp;&nbsp;The Times of India', 'Shakti scheme for free bus travel: A look at the finances of Karnataka transport bodies - The Indian Express. Shakti scheme for free bus travel: A look at the finances of Karnataka transport bodies&nbsp;&nbsp;The Indian Express', 'Karnataka: Women, transgender persons can travel for free in government buses from June 11 - The Indian Express. Karnataka: Women, transgender persons can travel for free in government buses from June 11&nbsp;&nbsp;The Indian Express', 'Free bus travel for women in Karnataka from June 1: Transport Minister - The Hindu. Free bus travel for women in Karnataka from June 1: Transport Minister&nbsp;&nbsp;The Hindu', 'KSRTC: 1.2 crore women in Karnataka set to apply for Shakti smart cards - The Times of India. KSRTC: 1.2 crore women in Karnataka set to apply for Shakti smart cards&nbsp;&nbsp;The Times of India', 'Newly found ‘Shakti’ makes it possible for women to visit faraway temples like Kukke Subrahmanya in Karnataka - The Hindu. Newly found ‘Shakti’ makes it possible for women to visit faraway temples like Kukke Subrahmanya in Karnataka&nbsp;&nbsp;The Hindu', 'Karnataka: 11 months on, free bus rides for women cross 200 crore - The Times of India. Karnataka: 11 months on, free bus rides for women cross 200 crore&nbsp;&nbsp;The Times of India', 'Row over ‘London Book of World Record’ recognition for Karnataka’s Shakti Scheme, KSRTC - The Hindu. Row over ‘London Book of World Record’ recognition for Karnataka’s Shakti Scheme, KSRTC&nbsp;&nbsp;The Hindu']","['Moneycontrol.com', 'The Hindu', 'The Times of India', 'The Indian Express', 'The Indian Express', 'The Hindu', 'The Times of India', 'The Hindu', 'The Times of India', 'The Hindu']"
A97,To ensure that the strength of Electric Buses is increased sharply so that within 2 years 50% of the buses are Electricity operated.,Transportation,"['Karnataka: Gruha Shakti scheme offers free travel to women, increasing footfall and revenue dramatically - SabrangIndia. Karnataka: Gruha Shakti scheme offers free travel to women, increasing footfall and revenue dramatically&nbsp;&nbsp;SabrangIndia']",['SabrangIndia']
A98,To encourage E-vehicles - To make it compulsory to install E- Vehicle Charging points in apartments. Installation of E-Vehicle Charging points in all important junctions and Highways.,Transportation,[],[]
A99,To increase the fleet strength of BMTC — to 10000 in five years.,Transportation,"['PM e-Drive scheme: Electric buses to take Bengaluru fleet size to over 10,000 - The Times of India. PM e-Drive scheme: Electric buses to take Bengaluru fleet size to over 10,000&nbsp;&nbsp;The Times of India']",['The Times of India']
A100,To increase the KSRTC fleet — to 15000 Busses in five years,Transportation,"['Free bus travel for women: Karnataka needs to quickly add buses to cater to spike in demand - Moneycontrol.com. Free bus travel for women: Karnataka needs to quickly add buses to cater to spike in demand&nbsp;&nbsp;Moneycontrol.com', 'Bengaluru’s public transport share to dip from 50% to 30% by 2031 - The Times of India. Bengaluru’s public transport share to dip from 50% to 30% by 2031&nbsp;&nbsp;The Times of India', 'Will this new cashless travel technology in Karnataka be a boon for travellers? - Travel And Tour World. Will this new cashless travel technology in Karnataka be a boon for travellers?&nbsp;&nbsp;Travel And Tour World']","['Moneycontrol.com', 'The Times of India', 'Travel And Tour World']"
A101,To launch arural minibus program in collaboration with public participation,Transportation,[],[]
A102,To stop the mining Mafia and stop the loot of natural resources and make suitable changes to mining laws.,"Mining, Forest & Environment Protection",[],[]
A103,ANNABHAGYA 10 kgs of free rice supply per person,"Food, Civil Supplies and Consumer issues:","[""Karnataka Congress revives 'Anna Bhagya' as poll guarantee: 10 kg free rice for BPL families - The South First. Karnataka Congress revives 'Anna Bhagya' as poll guarantee: 10 kg free rice for BPL families&nbsp;&nbsp;The South First"", 'Karnataka to provide 10 kg rice instead of cash under Anna Bhagya scheme - The News Minute. Karnataka to provide 10 kg rice instead of cash under Anna Bhagya scheme&nbsp;&nbsp;The News Minute', 'Karnataka to end cash transfers under Anna Bhagya, full 10 kg rice distribution from February: Report | Bengaluru - Hindustan Times. Karnataka to end cash transfers under Anna Bhagya, full 10 kg rice distribution from February: Report | Bengaluru&nbsp;&nbsp;Hindustan Times', 'Karnataka to provide additional 5 kg rice instead of cash under Anna Bhagya from this month - The Hindu. Karnataka to provide additional 5 kg rice instead of cash under Anna Bhagya from this month&nbsp;&nbsp;The Hindu', 'Karnataka Anna Bhagya Scheme: State govt begins cash disbursal in lieu of 5 kg rice - Zee Business. Karnataka Anna Bhagya Scheme: State govt begins cash disbursal in lieu of 5 kg rice&nbsp;&nbsp;Zee Business', 'Anna Bhagya scheme | Karnataka BPL families will get cash instead of free rice promised - The Hindu. Anna Bhagya scheme | Karnataka BPL families will get cash instead of free rice promised&nbsp;&nbsp;The Hindu', 'Union government gives in: FCI agrees to supply rice for Anna Bhagya Scheme in Karnataka - The South First. Union government gives in: FCI agrees to supply rice for Anna Bhagya Scheme in Karnataka&nbsp;&nbsp;The South First', 'FCI told to stop rice supply in Karnataka, Centre trying to scuttle Anna Bhagya scheme: CM Siddaramaiah - The Times of India. FCI told to stop rice supply in Karnataka, Centre trying to scuttle Anna Bhagya scheme: CM Siddaramaiah&nbsp;&nbsp;The Times of India', 'Launch of Anna Bhagya on July 1 hangs in balance after FCI refuses to sell rice to Karnataka - The Hindu. Launch of Anna Bhagya on July 1 hangs in balance after FCI refuses to sell rice to Karnataka&nbsp;&nbsp;The Hindu', 'Punjab steps in to help Karnataka with its free rice scheme - The Hindu. Punjab steps in to help Karnataka with its free rice scheme&nbsp;&nbsp;The Hindu']","['The South First', 'The News Minute', 'Hindustan Times', 'The Hindu', 'Zee Business', 'The Hindu', 'The South First', 'The Times of India', 'The Hindu', 'The Hindu']"
A104,Torejuvenate existing Indira Canteens and extend them throughout the state.,"Food, Civil Supplies and Consumer issues:",['250 Indira Canteens to be opened in Bengaluru city: CM Siddaramaiah - The Hans India. 250 Indira Canteens to be opened in Bengaluru city: CM Siddaramaiah&nbsp;&nbsp;The Hans India'],['The Hans India']
A105,To fill up all the vacancies of teachers and staff in Government and aided Schools/Colleges within one year,EDUCATION,"['Recruitment of 18,000 teachers for govt. and aided schools under way in Karnataka, says Minister Madhu Bangarappa - The Hindu. Recruitment of 18,000 teachers for govt. and aided schools under way in Karnataka, says Minister Madhu Bangarappa&nbsp;&nbsp;The Hindu', 'Staff of aided PU colleges and primary schools miffed over Karnataka govt not sanctioning childcare leave - The Hindu. Staff of aided PU colleges and primary schools miffed over Karnataka govt not sanctioning childcare leave&nbsp;&nbsp;The Hindu', 'Karnataka extends Dasara holidays for government and aided schools to October 18 - The Times of India. Karnataka extends Dasara holidays for government and aided schools to October 18&nbsp;&nbsp;The Times of India', 'Opposition to Karnataka govt’s move to deploy PU lecturers to teach high school students - The Hindu. Opposition to Karnataka govt’s move to deploy PU lecturers to teach high school students&nbsp;&nbsp;The Hindu', 'Karnataka Budget 2025-26: Allocation to the education sector cut by 2% - The Hindu. Karnataka Budget 2025-26: Allocation to the education sector cut by 2%&nbsp;&nbsp;The Hindu', 'Karnataka plans facial recognition attendance for pre-university college lecturers - The Times of India. Karnataka plans facial recognition attendance for pre-university college lecturers&nbsp;&nbsp;The Times of India', 'Karnataka caste survey: Siddaramaiah announces school holidays for work completion; closed from October 8 - The Times of India. Karnataka caste survey: Siddaramaiah announces school holidays for work completion; closed from October 8&nbsp;&nbsp;The Times of India', 'Karnataka’s SEP emphasises importance of ‘Constitutional Value Education’ - The Hindu. Karnataka’s SEP emphasises importance of ‘Constitutional Value Education’&nbsp;&nbsp;The Hindu', 'Karnataka: Panel recommends State to resume free bicycle scheme, stop guest faculty hiring - The Hindu. Karnataka: Panel recommends State to resume free bicycle scheme, stop guest faculty hiring&nbsp;&nbsp;The Hindu']","['The Hindu', 'The Hindu', 'The Times of India', 'The Hindu', 'The Hindu', 'The Times of India', 'The Times of India', 'The Hindu', 'The Hindu']"
A106,Toregulate the fees in the schools and to reduce the fees of BPL Students.,EDUCATION,[],[]
A107,"The BJP government has distorted the text books by insulting the great souls of Karnataka like Vishwa Guru Basavanna, Rastrakavi Kuvempu. The congress will restore the true values of Bharath and Karnataka and Scientific Temper in the text books to make the students evolved and complete.",EDUCATION,[],[]
A108,To establish Karnataka State Educational Financial Corporation with a seed money of Rs.2000 Crores for the purpose of bringing all State Scholarships in respect of all the categories under one umbrella for speedy and quick disbursement.,EDUCATION,[],[]
A109,To increase the income limit from Rs.3.5 lakhs to Rs.5 Lakhs under RTE Act for eligibility for admission to schools.,EDUCATION,['Private schools in Karnataka can admit students only after filling RTE seats - The Hindu. Private schools in Karnataka can admit students only after filling RTE seats&nbsp;&nbsp;The Hindu'],['The Hindu']
A110,To upgrade 2500 Government Schools as smart schools in the state.,EDUCATION,"['Karnataka Government To Launch 2,500 Smart Classrooms, Distribute Tablets To 1.55 Lakh Students - NDTV. Karnataka Government To Launch 2,500 Smart Classrooms, Distribute Tablets To 1.55 Lakh Students&nbsp;&nbsp;NDTV', 'Karnataka government launches 2,500 smart classrooms, provides tablet PCs to 1.55 lakh students - Deccan Herald. Karnataka government launches 2,500 smart classrooms, provides tablet PCs to 1.55 lakh students&nbsp;&nbsp;Deccan Herald', 'Karnataka Cabinet Allocates Rs 2,500 Crore to Upgrade Higher Education Institutions - The Times of India. Karnataka Cabinet Allocates Rs 2,500 Crore to Upgrade Higher Education Institutions&nbsp;&nbsp;The Times of India', 'Over 3,500 Karnataka government schools lack functional toilets, 4,000 without handwashing facilities: Report | Bengaluru - Hindustan Times. Over 3,500 Karnataka government schools lack functional toilets, 4,000 without handwashing facilities: Report | Bengaluru&nbsp;&nbsp;Hindustan Times', ""Karnataka's ₹2,500 Crore Vision: Transforming 500 Schools and Prioritizing Child Safety by 2029 - The Logical Indian. Karnataka's ₹2,500 Crore Vision: Transforming 500 Schools and Prioritizing Child Safety by 2029&nbsp;&nbsp;The Logical Indian"", 'Tablet PCs, smart classes to bridge digital divide in degree colleges in Karnataka - The Hindu. Tablet PCs, smart classes to bridge digital divide in degree colleges in Karnataka&nbsp;&nbsp;The Hindu', 'Karnataka budget focuses on maternal health, infrastructure upgrade and digital health systems - The Hindu. Karnataka budget focuses on maternal health, infrastructure upgrade and digital health systems&nbsp;&nbsp;The Hindu', 'Karnataka Budget 2025: CM Siddaramaiah Announces Boost for Study Abroad Scholarship Amount, Minority Education - Times Now. Karnataka Budget 2025: CM Siddaramaiah Announces Boost for Study Abroad Scholarship Amount, Minority Education&nbsp;&nbsp;Times Now', 'Steps being taken to frame Karnataka-specific education policy: Siddaramaiah - The Economic Times. Steps being taken to frame Karnataka-specific education policy: Siddaramaiah&nbsp;&nbsp;The Economic Times', 'Karnataka’s Model of Development: Inclusive Growth, Social Justice, and a Vision for the Future - The Caravan. Karnataka’s Model of Development: Inclusive Growth, Social Justice, and a Vision for the Future&nbsp;&nbsp;The Caravan']","['NDTV', 'Deccan Herald', 'The Times of India', 'Hindustan Times', 'The Logical Indian', 'The Hindu', 'The Hindu', 'Times Now', 'The Economic Times', 'The Caravan']"
A111,"To bear the college fee of 10% of the government school students on merit who study 6-12th class in Karnataka and secure an MBBS/IIT/IIM/Engineering seat on passing competitive examinations, in any college in India.",EDUCATION,[],[]
A112,To fill up vacancies of staffand doctors in all Government Hospitals.,Health Services,"['Karnataka health assessment urges 10 percent budget allocation, filling of vacancies - Medical Dialogues. Karnataka health assessment urges 10 percent budget allocation, filling of vacancies&nbsp;&nbsp;Medical Dialogues', 'Karnataka for direct recruitment of doctors - The Hindu. Karnataka for direct recruitment of doctors&nbsp;&nbsp;The Hindu', 'Karnataka hospital staff sound alarm: Families at risk, vaccinate - The Indian Express. Karnataka hospital staff sound alarm: Families at risk, vaccinate&nbsp;&nbsp;The Indian Express', 'Bengaluru to get namma clinics, super-speciality hospitals, but no doctors and nurses - Citizen Matters. Bengaluru to get namma clinics, super-speciality hospitals, but no doctors and nurses&nbsp;&nbsp;Citizen Matters', 'Exclusive: Karnataka Health Minister Dinesh Gundu Rao opposes PPP model, vows to strengthen public hospitals - The South First. Exclusive: Karnataka Health Minister Dinesh Gundu Rao opposes PPP model, vows to strengthen public hospitals&nbsp;&nbsp;The South First', 'Only 3% of promises in Congress manifesto fulfilled in Karnataka, says report - The New Indian Express. Only 3% of promises in Congress manifesto fulfilled in Karnataka, says report&nbsp;&nbsp;The New Indian Express', 'Examining the BJP and Congress manifestos in Karnataka: A comparative look - The Indian Express. Examining the BJP and Congress manifestos in Karnataka: A comparative look&nbsp;&nbsp;The Indian Express']","['Medical Dialogues', 'The Hindu', 'The Indian Express', 'Citizen Matters', 'The South First', 'The New Indian Express', 'The Indian Express']"
A113,"To establish along all the national highways, a fully equipped trauma centre in every 100 KMs.",Health Services,"['Karnataka Budget 2025: Key takeaways - Deccan Herald. Karnataka Budget 2025: Key takeaways&nbsp;&nbsp;Deccan Herald', 'Only 3% of promises in Congress manifesto fulfilled in Karnataka, says report - The New Indian Express. Only 3% of promises in Congress manifesto fulfilled in Karnataka, says report&nbsp;&nbsp;The New Indian Express']","['Deccan Herald', 'The New Indian Express']"
A114,To extend Rashtriya Swasthya Bhima Yojna and bring all the health schemes under one umbrella and extend it to gig workers.,Health Services,"['Congress Karnataka manifesto highlights: Increase in quota ceiling, a whistleblower protection act & ban on groups spreading hate - The Indian Express. Congress Karnataka manifesto highlights: Increase in quota ceiling, a whistleblower protection act & ban on groups spreading hate&nbsp;&nbsp;The Indian Express']",['The Indian Express']
A115,"To ensure that everyone gets the medicine at a reasonable price, 10 Kasturba Aushadha Kendras in each Taluk.",Health Services,[],[]
A116,"To establish one Jayadeva like Heart Hospital, Kidwai like Cancer Hospital and NIMHANS type Psychiatric Hospitals in each revenue Division.",Health Services,"['Only 3% of promises in Congress manifesto fulfilled in Karnataka, says report - The New Indian Express. Only 3% of promises in Congress manifesto fulfilled in Karnataka, says report&nbsp;&nbsp;The New Indian Express']",['The New Indian Express']
A117,Puneeth Rajkumar Heart Health Scheme To offer subsidy to Doctors/ Clinics/Nursing Home to buy DEFIBRILLATOR (AED).,Health Services,"['Karnataka Assembly Elections 2023 | Congress releases manifesto, promises to repeal ‘anti-people laws’ passed by BJP - The Hindu. Karnataka Assembly Elections 2023 | Congress releases manifesto, promises to repeal ‘anti-people laws’ passed by BJP&nbsp;&nbsp;The Hindu']",['The Hindu']
A118,"To ensure that all homeless families in Karnataka have a dwelling house under the existing schemes, within 5 years.",Housing,['Government aims to make Karnataka a hut-free state: M Krishnappa - The Times of India. Government aims to make Karnataka a hut-free state: M Krishnappa&nbsp;&nbsp;The Times of India'],['The Times of India']
A119,To waive offall Housing Loans under various Government Housing Schemes as a onetime measure.,Housing,['Karnataka Budget: People’s Demands For a Government That’s Struggling to Survive - newsclick.in. Karnataka Budget: People’s Demands For a Government That’s Struggling to Survive&nbsp;&nbsp;newsclick.in'],['newsclick.in']
A120,To increase State Government subsidy of Rs. 3.5 lakhs to housing projects of the poor,Housing,"['Marine subsidies are a mess, say small scale fishers of southern Karnataka - Mongabay-India. Marine subsidies are a mess, say small scale fishers of southern Karnataka&nbsp;&nbsp;Mongabay-India']",['Mongabay-India']
A121,"To increase the celing and reservation from 50% to 75% to accommodate the hopes and aspirations of SC/ST/OBC/Minority/ and other communities like Lingayat and Vokkliggas. The Congress party committed to increase reservation for SC’s from 15% to 17%, for ST’s 3% to 7%, and restore minority reservation 4% and increase reservations Lingayat’s, Vokkaliggas’s and other communities and to pursue for inclusion in the 9th Schedule of the Constitution.",SC/ST/OBC/ Minority Communities,[],[]
A122,To release the Socio-Economic caste censes conducted by the congress government and accord social justice accordingly,SC/ST/OBC/ Minority Communities,['The next challenge before Siddaramaiah govt in Karnataka: Publishing caste survey results - News9live. The next challenge before Siddaramaiah govt in Karnataka: Publishing caste survey results&nbsp;&nbsp;News9live'],['News9live']
A123,To present the report of Justice Sadashiva Commission in the first session of the Legislative Assembly and Legislative Council and the Congress Party will strive to get justice to all the sub-groups and urge the Union Government to accept it.,SC/ST/OBC/ Minority Communities,[],[]
A124,To provide house to all SC/ST families in the next five years. Government to build houses for SC/STs,SC/ST/OBC/ Minority Communities,"['11 years on, Dalits still struggling to get houses under BBMP scheme in Bengaluru - The Hindu. 11 years on, Dalits still struggling to get houses under BBMP scheme in Bengaluru&nbsp;&nbsp;The Hindu', 'The Karnataka Scheduled Castes and Scheduled Tribes (Prohibition of Transfer of Certain Lands) (Amendment) Act, 2023 - A Balancing Act? - SCC Online. The Karnataka Scheduled Castes and Scheduled Tribes (Prohibition of Transfer of Certain Lands) (Amendment) Act, 2023 - A Balancing Act?&nbsp;&nbsp;SCC Online', 'Victims evicted from Kogilu to get alternative houses: Karnataka CM - The New Indian Express. Victims evicted from Kogilu to get alternative houses: Karnataka CM&nbsp;&nbsp;The New Indian Express', 'At 6,300, Karnataka has highest number of hostels in the country: Survey - The Times of India. At 6,300, Karnataka has highest number of hostels in the country: Survey&nbsp;&nbsp;The Times of India', 'Examining the BJP and Congress manifestos in Karnataka: A comparative look - The Indian Express. Examining the BJP and Congress manifestos in Karnataka: A comparative look&nbsp;&nbsp;The Indian Express']","['The Hindu', 'SCC Online', 'The New Indian Express', 'The Times of India', 'The Indian Express']"
A125,"To provide every year, subsidy and loan with 3% interest to 25,000 youth of SC/ST communities under Airavata Scheme, for purchase of Taxi, Goods, Vehicle, three wheelers, four wheelers and other vehicles for selfemployment.",SC/ST/OBC/ Minority Communities,[],[]
A126,To take action to fill all the backlog vacancies within one year.,SC/ST/OBC/ Minority Communities,"['Karnataka: Objection raised over completing general promotions without filling backlog posts of principal in government PU colleges - The Hindu. Karnataka: Objection raised over completing general promotions without filling backlog posts of principal in government PU colleges&nbsp;&nbsp;The Hindu', 'Soaring expenditure threatens Karnataka CM’s plan to fill 35k vacancies - The Times of India. Soaring expenditure threatens Karnataka CM’s plan to fill 35k vacancies&nbsp;&nbsp;The Times of India', 'Karnataka government failed to fulfil any promise it pledged to do in a year of coming to power in manifesto, says CIVIC - The Hindu. Karnataka government failed to fulfil any promise it pledged to do in a year of coming to power in manifesto, says CIVIC&nbsp;&nbsp;The Hindu', 'Karnataka govt. mulls law to implement internal reservation - The Hindu. Karnataka govt. mulls law to implement internal reservation&nbsp;&nbsp;The Hindu', 'Karnataka Budget 2026–27 puts focus on welfare, infrastructure and development - The South First. Karnataka Budget 2026–27 puts focus on welfare, infrastructure and development&nbsp;&nbsp;The South First', 'Yuva Nidhi Scheme Karnataka: Eligibility, Registration, How To Apply Online, Benefits - ClearTax. Yuva Nidhi Scheme Karnataka: Eligibility, Registration, How To Apply Online, Benefits&nbsp;&nbsp;ClearTax', 'Karnataka Budget 2026–27: What are the key announcements? - The South First. Karnataka Budget 2026–27: What are the key announcements?&nbsp;&nbsp;The South First']","['The Hindu', 'The Times of India', 'The Hindu', 'The Hindu', 'The South First', 'ClearTax', 'The South First']"
A127,"To set up Rs. 1000 Crore revolving fund - ""Dr Bhimrao Ramji Ambedkar Entrepreneurship Fund"" - for organizing entrepreneurship development and incubation programs for SC entrepreneurs.",SC/ST/OBC/ Minority Communities,[],[]
A128,"To create a new ""Smt. Savitri Bai Pule Education Scheme to give Monthly incentives of Rs.150/- for students from | st Std. to Sth Standard, Rs.300/- for 6th to 10 std. students to be given. The incentive to be transferred to the Bank account of the mother of the student.",SC/ST/OBC/ Minority Communities,[],[]
A129,"To open Literature, cultural and Arts academy under Kannada and Culture department for 46 castes of SC and ST, Nomedic and Semi-nomedic and OBC Category-I",SC/ST/OBC/ Minority Communities,[],[]
A130,"To identify youths belonging to Pambada, Nalike, Parava and Kudbi of Dakshina Kannada and Udupi districts and to ensure 100% housing and also to train boys and girls for jobs.",SC/ST/OBC/ Minority Communities,[],[]
A131,To increase the insurance maturity amount given under the Bhagya Lakshmi scheme Rs.3 Lakhs to SC/ST families.,SC/ST/OBC/ Minority Communities,['Examining the BJP and Congress manifestos in Karnataka: A comparative look - The Indian Express. Examining the BJP and Congress manifestos in Karnataka: A comparative look&nbsp;&nbsp;The Indian Express'],['The Indian Express']
A132,To establish 100 Aranya Kendras in tribal areas to help and guide them in primary processing and value additions for their produce.,SC/ST/OBC/ Minority Communities,[],[]
A133,To construct 50 new Ekalavya residential schools in the next five years,SC/ST/OBC/ Minority Communities,[],[]
A134,To send 100 people from the leather based traditional artisans abroad for better training.,SC/ST/OBC/ Minority Communities,"[""Stories in leather: The 96-year-old artist keeping Karnataka's traditional puppetry alive - The New Indian Express. Stories in leather: The 96-year-old artist keeping Karnataka's traditional puppetry alive&nbsp;&nbsp;The New Indian Express""]",['The New Indian Express']
A135,"To setup Rs 5000 crore revolving fund ""Socio-economic welfare Fund"" for the overall welfare of OBC communities involved in sculpting, pottery, weaving and other traditional occupations.",SC/ST/OBC/ Minority Communities,[],[]
A136,"To establish Brahmashri Narayana Guru Development Corporation with annual budget of Rs. 500 Cr, a total of Rs. 2500 Cr in 5 years",SC/ST/OBC/ Minority Communities,[],[]
A137,"To establish Micro Backward Comminutes Development Corporation with annual budget of Rs. 500 Cr, a total of Rs. 2500 Crin 5 years",SC/ST/OBC/ Minority Communities,[],[]
A138,"To constitute Development Corporations for the welfare of Tigala, Madiwala,Savitha, Uppara, Balija and Alemari Budakatu communities and provide dedicated budget",SC/ST/OBC/ Minority Communities,[],[]
A139,To increase the grants to all development Corporations and Boards.,SC/ST/OBC/ Minority Communities,"['₹100 crore set aside for the establishment of Karnataka State Christian Development Corporation - The Hindu. ₹100 crore set aside for the establishment of Karnataka State Christian Development Corporation&nbsp;&nbsp;The Hindu', 'Demand for Kittur Karnataka Development Board grows louder - The Hindu. Demand for Kittur Karnataka Development Board grows louder&nbsp;&nbsp;The Hindu', 'Karnataka Bhovi Development Corporation chairperson urges community to get educated - The Hindu. Karnataka Bhovi Development Corporation chairperson urges community to get educated&nbsp;&nbsp;The Hindu', 'Ivan D’Souza announces Rs 165 crore grant for Mangaluru MCC - newskarnataka.com. Ivan D’Souza announces Rs 165 crore grant for Mangaluru MCC&nbsp;&nbsp;newskarnataka.com', 'Centre delaying release of matching grants for Kalyana Karnataka, says Ajay Singh - The Hindu. Centre delaying release of matching grants for Kalyana Karnataka, says Ajay Singh&nbsp;&nbsp;The Hindu', 'Cabinet approves exclusive Ministry for Kalyana Karnataka region development - The Hindu. Cabinet approves exclusive Ministry for Kalyana Karnataka region development&nbsp;&nbsp;The Hindu', 'Karnataka deputy CM DK Shivakumar to MLAs: No funds for development work in constituencies - The Times of India. Karnataka deputy CM DK Shivakumar to MLAs: No funds for development work in constituencies&nbsp;&nbsp;The Times of India', 'Karnataka constitutes Gig Workers’ Welfare Board - The Hindu. Karnataka constitutes Gig Workers’ Welfare Board&nbsp;&nbsp;The Hindu', ""Karnataka State Budget: Kumaraswamy's maiden budget announces farm loan waiver, increase in tax on fuel - The Hindu. Karnataka State Budget: Kumaraswamy's maiden budget announces farm loan waiver, increase in tax on fuel&nbsp;&nbsp;The Hindu"", 'Karnataka Budget proposes new hostels, minority residential schools and education support schemes - The Hindu. Karnataka Budget proposes new hostels, minority residential schools and education support schemes&nbsp;&nbsp;The Hindu']","['The Hindu', 'The Hindu', 'The Hindu', 'newskarnataka.com', 'The Hindu', 'The Hindu', 'The Times of India', 'The Hindu', 'The Hindu', 'The Hindu']"
A140,"To provide collateral-free loans up to 10 lakhs at 3% interest to 50,000 OBC entrepreneurs.",SC/ST/OBC/ Minority Communities,[],[]
A141,"To provide scholarships every year to 1000 SC/ST/OBC students, who secure PG seat at foreign universities.",SC/ST/OBC/ Minority Communities,[],[]
A142,"To enhance monthly fellowships from Rs.5,000 to Rs 10,000 for backward class students enrolled to PhD in state universities.",SC/ST/OBC/ Minority Communities,[],[]
A143,To establish Tigala Development Board.,SC/ST/OBC/ Minority Communities,"['Tigala Development Corporation established to uplift the community: Karnataka CM - ANI News. Tigala Development Corporation established to uplift the community: Karnataka CM&nbsp;&nbsp;ANI News', 'Explained: Karnataka’s Brahmin Development Board and its two schemes for brides - The Indian Express. Explained: Karnataka’s Brahmin Development Board and its two schemes for brides&nbsp;&nbsp;The Indian Express', 'Karnataka budget: Kumaraswamy keeps promise of Brahmin development board - The Indian Express. Karnataka budget: Kumaraswamy keeps promise of Brahmin development board&nbsp;&nbsp;The Indian Express', 'Funds for only 7 out of 24 caste-based corps in Karnataka - Deccan Herald. Funds for only 7 out of 24 caste-based corps in Karnataka&nbsp;&nbsp;Deccan Herald', 'Karnataka Budget 2022-23: Revenue has increased - The Hindu. Karnataka Budget 2022-23: Revenue has increased&nbsp;&nbsp;The Hindu']","['ANI News', 'The Indian Express', 'The Indian Express', 'Deccan Herald', 'The Hindu']"
A144,"The most backward communities are under Category-I. 12% of the population is under this category. As per the report of the Havanur Commission, 58 of the castes have the character of tribals. Nomadic and semi-nomadic castes are also under this category. The castes under this category have got abysmal share in Education, Employment and Industry. Earlier, these castes were getting the benefits available to the SC/STs. A comprehensive plan for their total
development will be envisaged.",SC/ST/OBC/ Minority Communities,[],[]
A145,"To give special focus to the development of listed marginal communities and to establish Alemari Budakattu Board for this purpose with Rs. 1,000 crores.",SC/ST/OBC/ Minority Communities,[],[]
A146,"To provide Rs. 30,000 per annum to weavers with spinning wheels to modernize their looms.",Weavers:,[],[]
A147,To offer Rs.2000 Every month to each and every women head of the family GRUHA LAKSHMI project,Women and Children - Naari Shakthi,"['Congress 2nd big promise: Rs 2,000 per month to woman head of family in Karnataka - The Times of India. Congress 2nd big promise: Rs 2,000 per month to woman head of family in Karnataka&nbsp;&nbsp;The Times of India', 'Registration for Gruha Lakshmi scheme from July 19: Karnataka govt - The Times of India. Registration for Gruha Lakshmi scheme from July 19: Karnataka govt&nbsp;&nbsp;The Times of India', 'Karnataka govt to deposit ₹2,000 monthly to Goddess Chamundeshwari | Bengaluru - Hindustan Times. Karnataka govt to deposit ₹2,000 monthly to Goddess Chamundeshwari | Bengaluru&nbsp;&nbsp;Hindustan Times', 'Karnataka Congress’ Laxmi Hebbalkar: ‘Rs 2,000 promise will gain confidence of women, their family… One woman is not a single vote, but equivalent to five’ - The Indian Express. Karnataka Congress’ Laxmi Hebbalkar: ‘Rs 2,000 promise will gain confidence of women, their family… One woman is not a single vote, but equivalent to five’&nbsp;&nbsp;The Indian Express', ""Karnataka govt formally launches 'Gruha Jyothi' free power scheme, CM & Kharge target PM Modi - The Times of India. Karnataka govt formally launches 'Gruha Jyothi' free power scheme, CM & Kharge target PM Modi&nbsp;&nbsp;The Times of India"", 'Opposition attacks Karnataka govt over riders in Rs 2,000/month plan - The Times of India. Opposition attacks Karnataka govt over riders in Rs 2,000/month plan&nbsp;&nbsp;The Times of India', 'Anna Bhagya money after July 10: Karnataka CM Siddaramaiah - The Times of India. Anna Bhagya money after July 10: Karnataka CM Siddaramaiah&nbsp;&nbsp;The Times of India', ""‘Lottery for women, men left in lurch’: Congress MLA mocks Karnataka govt's 5 guarantees; former minister - The Times of India. ‘Lottery for women, men left in lurch’: Congress MLA mocks Karnataka govt's 5 guarantees; former minister&nbsp;&nbsp;The Times of India"", 'Karnataka Budget 2025: Key takeaways - Deccan Herald. Karnataka Budget 2025: Key takeaways&nbsp;&nbsp;Deccan Herald', 'Karnataka poll: Congress releases manifesto, vows 200 units of free electricity, monthly allowances for w - The Times of India. Karnataka poll: Congress releases manifesto, vows 200 units of free electricity, monthly allowances for w&nbsp;&nbsp;The Times of India']","['The Times of India', 'The Times of India', 'Hindustan Times', 'The Indian Express', 'The Times of India', 'The Times of India', 'The Times of India', 'The Times of India', 'Deccan Herald', 'The Times of India']"
A148,"To support 5,000 women entrepreneurs every year for entrepreneurial development.",Women and Children - Naari Shakthi,"['Karnataka government empowered 1.2 lakh women, provided financial assistance of ₹50,000 crore in last two years: Shalini Rajneesh - The Hindu. Karnataka government empowered 1.2 lakh women, provided financial assistance of ₹50,000 crore in last two years: Shalini Rajneesh&nbsp;&nbsp;The Hindu', 'International Youth Day: Government of Karnataka, KSDC, UNDP India and SAP Labs India award 15 innovative youth driven start-ups with seed money and mentorship - UNDP. International Youth Day: Government of Karnataka, KSDC, UNDP India and SAP Labs India award 15 innovative youth driven start-ups with seed money and mentorship&nbsp;&nbsp;UNDP', 'Karnataka’s Model of Development: Inclusive Growth, Social Justice, and a Vision for the Future - The Caravan. Karnataka’s Model of Development: Inclusive Growth, Social Justice, and a Vision for the Future&nbsp;&nbsp;The Caravan', 'Karnataka Budget proposes new hostels, minority residential schools and education support schemes - The Hindu. Karnataka Budget proposes new hostels, minority residential schools and education support schemes&nbsp;&nbsp;The Hindu', 'Karnataka Budget 2025: More Schools, Colleges, and Start-up Aid for Minority Communities - ETV Bharat. Karnataka Budget 2025: More Schools, Colleges, and Start-up Aid for Minority Communities&nbsp;&nbsp;ETV Bharat', 'Special cabinet meeting OKs Rs 11k-crore package for Kalyana-Karnataka region - The Times of India. Special cabinet meeting OKs Rs 11k-crore package for Kalyana-Karnataka region&nbsp;&nbsp;The Times of India', 'Karnataka budget unveils Rs 1,386 crore K-QUEST project to upgrade skill training ecosystem - Moneycontrol.com. Karnataka budget unveils Rs 1,386 crore K-QUEST project to upgrade skill training ecosystem&nbsp;&nbsp;Moneycontrol.com', ""BJP's Karnataka unit terms Union Budget historic, welcomes rail corridor, farm initiatives - The Hans India. BJP's Karnataka unit terms Union Budget historic, welcomes rail corridor, farm initiatives&nbsp;&nbsp;The Hans India"", 'Karnataka Budget 2025: Key takeaways - Deccan Herald. Karnataka Budget 2025: Key takeaways&nbsp;&nbsp;Deccan Herald', 'Karnataka Budget 2026 Live Updates | Mysuru will be developed as 2nd IT City: CM - Dailyhunt. Karnataka Budget 2026 Live Updates | Mysuru will be developed as 2nd IT City: CM&nbsp;&nbsp;Dailyhunt']","['The Hindu', 'UNDP', 'The Caravan', 'The Hindu', 'ETV Bharat', 'The Times of India', 'Moneycontrol.com', 'The Hans India', 'Deccan Herald', 'Dailyhunt']"
A149,To increase allocation of funds to Stree Shakthi Sanghas.,Women and Children - Naari Shakthi,[],[]
A150,"To nurture 5000 Stree Shakti micro-enterprises over 5 years and to encourage them to take up 21st century needs like food processing, catering, mobile canteens, solid waste management, parking management.",Women and Children - Naari Shakthi,[],[]
A151,"To provide Rs.50 lakhs grant to the Grama Panchayaths which elect women as the Chairperson, over looking specific reservations",Women and Children - Naari Shakthi,[],[]
A152,"To provide 50% subsidy on buying electric scooters to frontline health workers namely ANM, Anganwadi and ASHA workers.",Women and Children - Naari Shakthi,[],[]
A153,"The Congress Party is committed to the welfare of all citizens and groups, including minorities, as per the Constitution of India. Accordingly, the allocation of funds for the minority welfare — Muslim, Christian, Jain, Buddhists and others, would be increased to Rs. 10,000 Cr",Religious Minorities,[],[]
A154,To allot Rs.15 crores to start Kashmiri Culture Centre Allotting one time grant of Rs.25 crore and annual grant of Rs. One crore from the Department of Kannada Culture,Kashmiri Pandits:,[],[]
A155,Toestablish a Mangalamukhi Welfare Board by allotting Rs.200 crores annually.,GENDER MINORITIES,[],[]
A156,To provide Self-employment grants for taking up small business to all Gender Minorities upto Rs.2 lakhs.,GENDER MINORITIES,['Overview of Karnataka Budget 2023-24 - NammaKPSC. Overview of Karnataka Budget 2023-24&nbsp;&nbsp;NammaKPSC'],['NammaKPSC']
A157,"To regularise all 25,000 Pourakarmikas with all the relevant facilities.",Pourakarmikas,[],[]
A158,Recruitment of additional Pourakarmikas.,Pourakarmikas,"['Services of 12,692 pourakarmikas in Bengaluru to be regularised from May 1 - The Hindu. Services of 12,692 pourakarmikas in Bengaluru to be regularised from May 1&nbsp;&nbsp;The Hindu', 'Karnataka CM Siddaramaiah announces regularisation of jobs for pourakarmikas - The South First. Karnataka CM Siddaramaiah announces regularisation of jobs for pourakarmikas&nbsp;&nbsp;The South First', '4,000 pourakarmikas in Bengaluru to be regularised, 16,000 still waiting - The Times of India. 4,000 pourakarmikas in Bengaluru to be regularised, 16,000 still waiting&nbsp;&nbsp;The Times of India', 'Pourakarmikas celebrate regularisation in Bengaluru, vow to fight for drivers & loaders - The Times of India. Pourakarmikas celebrate regularisation in Bengaluru, vow to fight for drivers & loaders&nbsp;&nbsp;The Times of India', 'Regularised pourakarmikas in Bengaluru exult with crackers, colours - The Times of India. Regularised pourakarmikas in Bengaluru exult with crackers, colours&nbsp;&nbsp;The Times of India', '22,000 pourakarmika, related posts lying vacant in ULBs in Karnataka - The Times of India. 22,000 pourakarmika, related posts lying vacant in ULBs in Karnataka&nbsp;&nbsp;The Times of India', 'Strike in Karnataka: What pourakarmikas want - The Hindu. Strike in Karnataka: What pourakarmikas want&nbsp;&nbsp;The Hindu', 'Karnataka Budget 2023-24: Mayor seeks Rs. 1,000 cr. special grants from CM - Star of Mysore. Karnataka Budget 2023-24: Mayor seeks Rs. 1,000 cr. special grants from CM&nbsp;&nbsp;Star of Mysore', 'Karnataka caste census recommends 51% reservation for OBCs who make up 70% of population - The South First. Karnataka caste census recommends 51% reservation for OBCs who make up 70% of population&nbsp;&nbsp;The South First', 'PKs, garbage drivers to get permanent jobs: Karnataka CM - The New Indian Express. PKs, garbage drivers to get permanent jobs: Karnataka CM&nbsp;&nbsp;The New Indian Express']","['The Hindu', 'The South First', 'The Times of India', 'The Times of India', 'The Times of India', 'The Times of India', 'The Hindu', 'Star of Mysore', 'The South First', 'The New Indian Express']"
A159,To offer Hazardous pay and insurance cover of Rs. 10 Lakh to each,Pourakarmikas,"['Over 10k in Karnataka await compensation awarded by consumer courts - The Times of India. Over 10k in Karnataka await compensation awarded by consumer courts&nbsp;&nbsp;The Times of India', 'Empty gas cylinders neither prohibited nor hazardous: Karnataka HC - The Times of India. Empty gas cylinders neither prohibited nor hazardous: Karnataka HC&nbsp;&nbsp;The Times of India', 'Extreme heatwave alert: Kerala records hazardous UV levels; IMD puts Tamil Nadu, Maharashtra, Karnataka an - The Economic Times. Extreme heatwave alert: Kerala records hazardous UV levels; IMD puts Tamil Nadu, Maharashtra, Karnataka an&nbsp;&nbsp;The Economic Times', 'Karnataka passes bill to provide social security for gig workers, mandates welfare fee on aggregators - The New Indian Express. Karnataka passes bill to provide social security for gig workers, mandates welfare fee on aggregators&nbsp;&nbsp;The New Indian Express', 'End of road for old vehicles in Karnataka - The New Indian Express. End of road for old vehicles in Karnataka&nbsp;&nbsp;The New Indian Express']","['The Times of India', 'The Times of India', 'The Economic Times', 'The New Indian Express', 'The New Indian Express']"
A160,To set up Auto Drivers' Board and Taxi Drivers' Welfare Board funding with Rs. 50 Crs to each and encouragement for self-employment.,Drivers:,[],[]
A161,"To develop dedicated hawker zones in all district HQs and to provide one-time financial assistance of Rs. 20,000 to street vendors to set up their shops in these zones.",Street Vendors,['Karnataka Congress releases manifesto — from welfare schemes for women and farmers to salaries and pensions - CNBC TV18. Karnataka Congress releases manifesto — from welfare schemes for women and farmers to salaries and pensions&nbsp;&nbsp;CNBC TV18'],['CNBC TV18']
A162,"To establish a Gig Workers' Welfare Board with allotment of Rs.3,000 Crs as seed money for revolving fund.",Gig and Un-organised Workers,"[""BJP vs Congress: How business took a backseat in Karnataka's state election campaign - The Economic Times. BJP vs Congress: How business took a backseat in Karnataka's state election campaign&nbsp;&nbsp;The Economic Times""]",['The Economic Times']
A163,"Tocreate Sharavana Kumara Senior citizens welfare fund - Rs.1,000 Crore.",Senior Citizens:,[],[]
A164,To offer free Pilgrimage to one of the 15 holy places of Karnataka and one of the 10 holy places of India once in two years.,Senior Citizens:,"['Karnataka government launches subsidized pilgrimage tour packages - The Times of India. Karnataka government launches subsidized pilgrimage tour packages&nbsp;&nbsp;The Times of India', 'Devotees throng temples in coastal districts of Karnataka for Mahashivaratri - The Times of India. Devotees throng temples in coastal districts of Karnataka for Mahashivaratri&nbsp;&nbsp;The Times of India', 'Newly found ‘Shakti’ makes it possible for women to visit faraway temples like Kukke Subrahmanya in Karnataka - The Hindu. Newly found ‘Shakti’ makes it possible for women to visit faraway temples like Kukke Subrahmanya in Karnataka&nbsp;&nbsp;The Hindu', 'Iran-Israel conflict: Over 100 from Karnataka’s Alipur stranded in Iran, to return under Operation Sindhu - The Times of India. Iran-Israel conflict: Over 100 from Karnataka’s Alipur stranded in Iran, to return under Operation Sindhu&nbsp;&nbsp;The Times of India', 'Bengaluru temples face income decline as devotees opt to travel to shrines across state using Shakti sche - The Times of India. Bengaluru temples face income decline as devotees opt to travel to shrines across state using Shakti sche&nbsp;&nbsp;The Times of India', 'Karnataka Assembly Elections 2023 | Congress releases manifesto, promises to repeal ‘anti-people laws’ passed by BJP - The Hindu. Karnataka Assembly Elections 2023 | Congress releases manifesto, promises to repeal ‘anti-people laws’ passed by BJP&nbsp;&nbsp;The Hindu']","['The Times of India', 'The Times of India', 'The Hindu', 'The Times of India', 'The Times of India', 'The Hindu']"
A165,"To increase the one-time subsidy provided to senior citizens from Karnataka for pilgrimages to Kashi, Mathura and Kailash Mansarovar Yatra.",Senior Citizens:,[],[]
A166,To provide Rs.3 lakhs interest free loan to take up self-employment to the diabled women.,Persons otherwise able,[],[]
A167,"To create a Rs 50 Crore ""Vidhya Deepa Nidhi"" disabled youth scholarship fund to ensure access to higher education both in India and abroad.",Persons otherwise able,[],[]
A168,To provide free bus pass and to one accompanying person.,Persons otherwise able,"[""Congress rolls out 'Shakti' scheme with launch of free bus travel for women in Karnataka - The New Indian Express. Congress rolls out 'Shakti' scheme with launch of free bus travel for women in Karnataka&nbsp;&nbsp;The New Indian Express"", 'Bengaluru: ‘Shakti’ scheme offering women free bus rides come with conditions attached - The Hans India. Bengaluru: ‘Shakti’ scheme offering women free bus rides come with conditions attached&nbsp;&nbsp;The Hans India', ""'Is women travelling buses for free fair?': Bengaluru man's post saying freebies money can be used better - The Times of India. 'Is women travelling buses for free fair?': Bengaluru man's post saying freebies money can be used better&nbsp;&nbsp;The Times of India"", 'State govt’s Shakti scheme floated across North Karnataka - The Times of India. State govt’s Shakti scheme floated across North Karnataka&nbsp;&nbsp;The Times of India']","['The New Indian Express', 'The Hans India', 'The Times of India', 'The Times of India']"
A169,"To Set up Karnataka Institute of Speech and Hearing, similar to the All India Institute of Speech and Hearing in all revenue divisions of Karnataka.",Persons otherwise able,['Top news in Karnataka today - The Hindu. Top news in Karnataka today&nbsp;&nbsp;The Hindu'],['The Hindu']
A170,"To establish ""Field Marshal General Kariappa Ex-servicemen Development Board with Rs.500 Crores revolving fund to provide financial assistance to ex- servicemen to upto Rs.10 lakhs @ 5% interest to start self- employment/entrepreneurship.",Veteran Army personnel,[],[]
A171,Topush forONE RANK ONE PENSION for Ex-Servicemen,Veteran Army personnel,[],[]
A172,"To make special scheme for providing land, house and site to ex-servicemen and to exempt from House Tax, Water Tax and upto Rs.2,000 Electricity Bill for their own residences.",Veteran Army personnel,[],[]
A173,Establishment ofa a Journalist Welfare Fund with seed money of Rs.500 Crores.,Journalists,[],[]
A174,"To assist establishing Advocate Bhavans in Corporation, cities and District Headquarters.",Advocates,[],[]
A175,To Create a separate Ministry to take care of the affairs of NRI Kannadigas.,NRI Kannadigas,"['Karnataka govt to create separate ministry for NRI Kannadigas | Bengaluru - Hindustan Times. Karnataka govt to create separate ministry for NRI Kannadigas | Bengaluru&nbsp;&nbsp;Hindustan Times', 'Karnataka NRIs Seek Dedicated Ministry, Submit Memorandum to CM - Mangalore Today. Karnataka NRIs Seek Dedicated Ministry, Submit Memorandum to CM&nbsp;&nbsp;Mangalore Today']","['Hindustan Times', 'Mangalore Today']"
A176,To help in setting up industries and those permanently relocating by creating revolving fund of Rs.1000 Crs.,NRI Kannadigas,[],[]
A177,To maintain a database of youth who are unable to secure a job within 180 days of college graduation. To provide an 'Unemployment Allowance' of Rs. 3000 per month to all registered graduates and Rs.1500/- to Diploma holders - YUVANIDHI,"Youth, Employment and Sports",['Fear of dole loss keeps youth from Yuva Nidhi skill courses in Karnataka - The Times of India. Fear of dole loss keeps youth from Yuva Nidhi skill courses in Karnataka&nbsp;&nbsp;The Times of India'],['The Times of India']
A178,To establish Bharatha Ratna CNR Fund with 500 crores corpus for basic scientific research for youth.,"Youth, Employment and Sports",[],[]
A179,To provide free bus passes and train tickets to the candidates taking up competitive examinations.,"Youth, Employment and Sports",[],[]
A180,To ensure 80% in jobs in Karnataka to local people in both Public and Private,"Youth, Employment and Sports","[""Karnataka's 70% jobs quota for locals faces criticism; phenomenon not limited to the state - The Economic Times. Karnataka's 70% jobs quota for locals faces criticism; phenomenon not limited to the state&nbsp;&nbsp;The Economic Times"", ""Karnataka jobs reservation for Kannadigas: India Inc says move 'discriminatory', calls for it to be junked - The Economic Times. Karnataka jobs reservation for Kannadigas: India Inc says move 'discriminatory', calls for it to be junked&nbsp;&nbsp;The Economic Times"", 'After backlash, Karnataka Govt puts private sector quota Bill on hold - The Indian Express. After backlash, Karnataka Govt puts private sector quota Bill on hold&nbsp;&nbsp;The Indian Express', '10 years on, special status a mixed bag for Kalyana Karnataka - The Times of India. 10 years on, special status a mixed bag for Kalyana Karnataka&nbsp;&nbsp;The Times of India']","['The Economic Times', 'The Economic Times', 'The Indian Express', 'The Times of India']"
A181,To Constitute a Youth Commission to facilitate the overall development of youth,"Youth, Employment and Sports",[],[]
A182,To allot Rs.2000 crores per year for sports.,"Youth, Employment and Sports","['On Day 1, Karnataka Cabinet clears 5 promises, to cost Rs 50k crore per year - The Indian Express. On Day 1, Karnataka Cabinet clears 5 promises, to cost Rs 50k crore per year&nbsp;&nbsp;The Indian Express', 'Transgenders seek Rs 200 crore in Karnataka budget - The New Indian Express. Transgenders seek Rs 200 crore in Karnataka budget&nbsp;&nbsp;The New Indian Express', 'Karnataka eyes Rs 2,000 crore boost in CSR funds for transforming govt schools - The Indian Express. Karnataka eyes Rs 2,000 crore boost in CSR funds for transforming govt schools&nbsp;&nbsp;The Indian Express', 'Karnataka CM Siddaramaiah presents his record 16th Budget, with an outlay of ₹4,09,549 crore - The South First. Karnataka CM Siddaramaiah presents his record 16th Budget, with an outlay of ₹4,09,549 crore&nbsp;&nbsp;The South First', 'Karnataka may fund Rs 100 crore revamp of Ram temples - The Times of India. Karnataka may fund Rs 100 crore revamp of Ram temples&nbsp;&nbsp;The Times of India', 'Gruha Lakshmi Scheme Registration Partially Suspended In Karnataka - Oneindia. Gruha Lakshmi Scheme Registration Partially Suspended In Karnataka&nbsp;&nbsp;Oneindia', 'Siddaramaiah announces major development projects for Bengaluru - newskarnataka.com. Siddaramaiah announces major development projects for Bengaluru&nbsp;&nbsp;newskarnataka.com', 'Karnataka Budget 2025: Key takeaways - Deccan Herald. Karnataka Budget 2025: Key takeaways&nbsp;&nbsp;Deccan Herald', 'Karnataka Congress releases manifesto — from welfare schemes for women and farmers to salaries and pensions - CNBC TV18. Karnataka Congress releases manifesto — from welfare schemes for women and farmers to salaries and pensions&nbsp;&nbsp;CNBC TV18', 'Karnataka CM Siddaramaiah may continue with some BJP govt schemes - The Times of India. Karnataka CM Siddaramaiah may continue with some BJP govt schemes&nbsp;&nbsp;The Times of India']","['The Indian Express', 'The New Indian Express', 'The Indian Express', 'The South First', 'The Times of India', 'Oneindia', 'newskarnataka.com', 'Deccan Herald', 'CNBC TV18', 'The Times of India']"
A183,"To start an exclusive Sports University in Mysuru and make Karnataka a World-Class sports hub. And, to build an International Sports Complex in Mysuru exclusively for traditional sports.","Youth, Employment and Sports",[],[]
A184,"To identify 1,000 budding Sports talents every year from across the state and provide them financial assistance.","Youth, Employment and Sports",[],[]
A185,"To develop Kuppalli, the birth place of Rastra Kavi Kuvempu a nature tourist center make special project of Rs. 100 Crs.","Language, Literature, Tradition and Culture",[],[]
A186,"To encourage and develop Kannada Language, literature, education and culture in 63 Taluks in Border areas and in 6 adjoining states where there are large number of Kannadigas, annual allotment of Rs.200 crores.","Language, Literature, Tradition and Culture",[],[]
A187,"To start ""Kuvempu Sahithya Puraskara Abhiyana"" to promote 500 young poets and authors in the state by giving them financial assistance of Rs 25,000 to each.","Language, Literature, Tradition and Culture",[],[]
A188,To set up the Aluru Venkata Rao Fund of Rs 100 Crore to promote Kannada in the digital space.,"Language, Literature, Tradition and Culture",[],[]
A189,To release Rs.100 crores to establish- Basavapatha - the institution for Social Inclusion and Religious Ethics - in Kudalasangama.,"Language, Literature, Tradition and Culture",[],[]
A190,To build a state-of-the-art museum and theme park dedicated to Veera Madakari Nayaka in Chitradurga.,"Language, Literature, Tradition and Culture",[],[]
A191,"To create a Rs 500 Crore ""Thayi Bhuvaneshwari Monuments Fund"" to ensure the proper maintenance of all ASI sites in Karnataka.","Language, Literature, Tradition and Culture",[],[]
A192,"To revive and develop Bhuvanagiri in Siddapur taluk as a tourist destination with aRs 10 Crore grant, as it is the only place in the state where a temple is dedicated to Kannada Mathe Bhuvaneshwari Devi.","Language, Literature, Tradition and Culture",[],[]
A193,To bring out all Mahakavyas of Kannada Literture in digital form in the Gamaka format.,"Language, Literature, Tradition and Culture",[],[]
A194,To make special projects to study of Samskrith Literature - Adi Shankaracharya Adhyayana Yojane,"Language, Literature, Tradition and Culture",[],[]
A195,"To aid and strengthen minority languages like Pali, Prakrit, Tulu, Konkani, Kodava, Byari, and Urdu.","Language, Literature, Tradition and Culture",[],[]
A196,To establish Yakshagana Pradhikara with Rs. 25 Crs annual grants.,"Language, Literature, Tradition and Culture",[],[]
A197,"To evolve a scheme to provide economic security to the artists of Yakshagana, Kambala, drama, music Dhaivaradhana work and other forms of arts.","Language, Literature, Tradition and Culture",[],[]
A198,To create a freedom memorial and theme park at Belgavi to commemorate the 1924 Congress Session- [the session presided over by Mahatma Gandhil.,"Language, Literature, Tradition and Culture","['Why Karnataka Congress wants to rekindle Gandhian spirit, ideals in Belagavi - The Federal. Why Karnataka Congress wants to rekindle Gandhian spirit, ideals in Belagavi&nbsp;&nbsp;The Federal', 'Forgotten tales of the freedom struggle in North Karnataka - The Hindu. Forgotten tales of the freedom struggle in North Karnataka&nbsp;&nbsp;The Hindu', ""Congress holds 'Jai Bhim, Jai Bapu, Jai Samvidhan' rally: Karnataka CM Siddaramaiah says Gandhi was a 'true... - Bhaskar English. Congress holds 'Jai Bhim, Jai Bapu, Jai Samvidhan' rally: Karnataka CM Siddaramaiah says Gandhi was a 'true...&nbsp;&nbsp;Bhaskar English""]","['The Federal', 'The Hindu', 'Bhaskar English']"
A199,To Set up Festival Authority of Karnataka.,"Language, Literature, Tradition and Culture","['Karnataka Social Welfare Minister H.C. Mahadevappa inaugurates Dasara Film Festival 2025, says cinema is a powerful medium - The Hindu. Karnataka Social Welfare Minister H.C. Mahadevappa inaugurates Dasara Film Festival 2025, says cinema is a powerful medium&nbsp;&nbsp;The Hindu', 'Hasanamba festival in Karnataka’s Hassan: Temple to be opened on Oct. 9, 2 lakh devotees expected per day - The Hindu. Hasanamba festival in Karnataka’s Hassan: Temple to be opened on Oct. 9, 2 lakh devotees expected per day&nbsp;&nbsp;The Hindu', 'Karnataka high court orders setting up unified digital platform for solid waste management - The Times of India. Karnataka high court orders setting up unified digital platform for solid waste management&nbsp;&nbsp;The Times of India', 'Karnataka: Symbolic Cauvery Aarti ceremony will be held at KRS during Dasara, says Srirangapatna MLA - The Hindu. Karnataka: Symbolic Cauvery Aarti ceremony will be held at KRS during Dasara, says Srirangapatna MLA&nbsp;&nbsp;The Hindu', 'Karnataka PGCET 2025 counselling schedule released: Option entry starts Sept 24 - The Times of India. Karnataka PGCET 2025 counselling schedule released: Option entry starts Sept 24&nbsp;&nbsp;The Times of India', 'Karnataka Budget | CM Siddaramaiah announces initiatives for development of Kannada, culture, literature - Deccan Herald. Karnataka Budget | CM Siddaramaiah announces initiatives for development of Kannada, culture, literature&nbsp;&nbsp;Deccan Herald', 'Karnataka to enforce Greater Bengaluru Governance Act on May 15, restructuring BBMP: Report | Bengaluru - Hindustan Times. Karnataka to enforce Greater Bengaluru Governance Act on May 15, restructuring BBMP: Report | Bengaluru&nbsp;&nbsp;Hindustan Times', '10 crore action plan for Kittur development approved by Karnataka government - The Hans India. 10 crore action plan for Kittur development approved by Karnataka government&nbsp;&nbsp;The Hans India', 'Dasara symbolises women’s pride and strength: Karnataka Minister - The Hindu. Dasara symbolises women’s pride and strength: Karnataka Minister&nbsp;&nbsp;The Hindu', 'Karnataka government moves to roll out Apartment Bill 2025: All you need to know | Real Estate News - Hindustan Times. Karnataka government moves to roll out Apartment Bill 2025: All you need to know | Real Estate News&nbsp;&nbsp;Hindustan Times']","['The Hindu', 'The Hindu', 'The Times of India', 'The Hindu', 'The Times of India', 'Deccan Herald', 'Hindustan Times', 'The Hans India', 'The Hindu', 'Hindustan Times']"
A200,"To set up the Shivaram Karantha Literature Fund of Rs. 100 Crore to encourage Kannada writing, both poetry and prose, among students of classes 8-12.","Language, Literature, Tradition and Culture",[],[]
A201,"To give a cash prize of Rs 10,000 to students who score 100% in Kannada in their 10th exam in the name of Rashtra Kavi Manjeshwara Govinda Pai.","Language, Literature, Tradition and Culture",[],[]
A202,"To publish a book on Karnataka's history and it's culture called ""Hemmeya Beedu Namma Karunadu"" and make it a non-test subject in all UG courses.","Language, Literature, Tradition and Culture",[],[]
A203,"To provide Rupees one lakh annual grant to people pursuing PhDs in Kannada literature and a Rs. 25,000 annual grant to people pursuing PG in Kannada literature under ""Da Ra Bendre Kannada Bhasha Adhyayana Puraskara Nidhi""","Language, Literature, Tradition and Culture",[],[]
A204,"To double the amount of money awarded to poets and authors under the Rajyotsava Award, Pampa Award, Kannada Sahitya Academy awards etc. limiting the number of awardees.","Language, Literature, Tradition and Culture",[],[]
A205,"To start ""Nrupatunga Kannada Sahithya Puraskara Abhiyana"" to promote 500 young poets and authors in the state by giving them financial assistance of Rs 25,000 to each.","Language, Literature, Tradition and Culture",[],[]
A206,"To establish in various universities, Kanakadasa Dasa Sahithya Adhyayana Peetha, Sarvagna Tripadi Sahithya Adhyayana Peeta, Basavanna Vachana Sahithya, Adhyayana Peeta, D V Gundappa Navodhaya sahithya Adhyayana Peeta, Pampa Hale Kannada sahithya Adhayayana Peeta, Kumaravyasa Nadukannada Sahithya Adhyayana Peeta, by providing necessary funds.","Language, Literature, Tradition and Culture",[],[]
A207,To increase funding to Hampi Kannada University to encourage the holistic research on Kannada literature.,"Language, Literature, Tradition and Culture",[],[]
A208,"To create a dedicated fund of Rs 100 Crore ""Shasana samshodhana mattu samrakshana Nidhi"" - for the restoration, renovation, and promotion of research on inscriptions.","Language, Literature, Tradition and Culture",[],[]
A209,To set up Rs 500 Crore revolving fund - Subbiah Naidu Kalabhivruddhi Nidhi - for the revival of ethnic art forms and folk sports.,"Language, Literature, Tradition and Culture",[],[]
A210,"To organize a Mega cultural festival called ""Karnataka Arunodaya Samavesha"" in every assembly constituency to promote local folk arts and music.","Language, Literature, Tradition and Culture",[],[]
A211,To set up Rs 30 Crore “C Ashwath Music Fellowship Fund” to honour young lyricists and singers.,"Language, Literature, Tradition and Culture",[],[]
A212,"To provide Rs 10,000 honorarium per month to all senior folk artists and performing artists under ""Gangu Bai Hanagal”","Language, Literature, Tradition and Culture",[],[]
A213,To take suitable actions to get the Tulu language declared as Adhikritha Bhashe and to upgrade Tulu Sahitya Academy as Tulu Bhasha Abhivriddhi Pradhikara.,"Language, Literature, Tradition and Culture",[],[]
A214,To provide Rs. 1 crore grant for the development of the unique Kodava Culture.,"Language, Literature, Tradition and Culture","['Karnataka Chief Minister announces ₹1 crore grant to Kodava hockey tournament - The Hindu. Karnataka Chief Minister announces ₹1 crore grant to Kodava hockey tournament&nbsp;&nbsp;The Hindu', 'Why is the Karnataka government giving priority to Urdu over Kannada? State language is neglected while Siddaramaiah tries to divert the truth - HinduPost. Why is the Karnataka government giving priority to Urdu over Kannada? State language is neglected while Siddaramaiah tries to divert the truth&nbsp;&nbsp;HinduPost']","['The Hindu', 'HinduPost']"
A215,"Karnataka has around 1,80,000 temples, of which only 35,500 temples come under the Muzrai department. These temples are neglected by the Muzarai Department. Separate special Pooja Nidhi to be established.",Temples and Pilgrim Centres:,[],[]
A216,To increase monthly grants to Muzarai temples.,Temples and Pilgrim Centres:,"['Temples in Karnataka got highest allocation of funds under BJP in last 5 years - The Indian Express. Temples in Karnataka got highest allocation of funds under BJP in last 5 years&nbsp;&nbsp;The Indian Express', 'Archakas’ federation demands increase in thasthik in Karnataka - The Hindu. Archakas’ federation demands increase in thasthik in Karnataka&nbsp;&nbsp;The Hindu', 'No diversion of temple funds, let BJP leaders read law first: Ramalinga Reddy, Karnataka Minister for Tran - The Economic Times. No diversion of temple funds, let BJP leaders read law first: Ramalinga Reddy, Karnataka Minister for Tran&nbsp;&nbsp;The Economic Times', 'Karnataka government to directly pay salaries of temple employees - The Hindu. Karnataka government to directly pay salaries of temple employees&nbsp;&nbsp;The Hindu', 'The Karnataka temple tax legislation: Claims, counterclaims & FACTS - Alt News. The Karnataka temple tax legislation: Claims, counterclaims & FACTS&nbsp;&nbsp;Alt News', 'Is Karnataka Govt Using Temples Funds for Churches & Mosques? A Fact-Check - The Quint. Is Karnataka Govt Using Temples Funds for Churches & Mosques? A Fact-Check&nbsp;&nbsp;The Quint', '80 years on, Karnataka’s Muzrai department gets nod to have own HQ near Vidhana Soudha - The Times of India. 80 years on, Karnataka’s Muzrai department gets nod to have own HQ near Vidhana Soudha&nbsp;&nbsp;The Times of India', ""Karnataka Budget 2025 Highlights: Priests' salary, movie ticket prices, ‘Brand Bengaluru’ inside ₹4 lakh crore budget - Mint. Karnataka Budget 2025 Highlights: Priests' salary, movie ticket prices, ‘Brand Bengaluru’ inside ₹4 lakh crore budget&nbsp;&nbsp;Mint""]","['The Indian Express', 'The Hindu', 'The Economic Times', 'The Hindu', 'Alt News', 'The Quint', 'The Times of India', 'Mint']"
A217,"To set up a “Dharmika Nidhi,” fund of Rs 1,000Crore, for the restoration and renovation of minor temples and Mathas across the state.",Temples and Pilgrim Centres:,[],[]
A218,"To provide Rs 5,000 honorarium per month to all senior priests [above 60 years of age] of temples, mosques, churches, and other religious institutions after they reach the age of sixty, “Archaka Gowrava Nidhi Scheme.",Temples and Pilgrim Centres:,[],[]
A219,"To increase the allowances to Rs.5,000/- per month for meeting the expenditure on Poojadravya and honorarium for small rural temples, and to bring temples of gramadevatas under the purview of Muzarai.",Temples and Pilgrim Centres:,[],[]
A220,"To provide a grant of up to Rs.20,000 to all Grama Devathe and Theru Habba Festivals celebrated at the village level.",Temples and Pilgrim Centres:,[],[]
