promise_id,promise_text,category,evidence_googlenews,news_sources
A2,To fill up approved vacancies in all Government Departments with in one year.,Public Service:,"['Karnataka Police gears up to fill large vacancies over next two years - The Hindu. Karnataka Police gears up to fill large vacancies over next two years&nbsp;&nbsp;The Hindu', 'Vacancies at govt. departments in Kalyana Karnataka will be filled shortly: CM - The Hindu. Vacancies at govt. departments in Kalyana Karnataka will be filled shortly: CM&nbsp;&nbsp;The Hindu', 'Job-seekers take to the streets urging State govt. to fill vacancies - The Hindu. Job-seekers take to the streets urging State govt. to fill vacancies&nbsp;&nbsp;The Hindu', 'Karnataka has 2.84 lakh vacancies in 43 departments, maximum in six departments - The Hindu. Karnataka has 2.84 lakh vacancies in 43 departments, maximum in six departments&nbsp;&nbsp;The Hindu', 'Soaring expenditure threatens Karnataka CM’s plan to fill 35k vacancies - The Times of India. Soaring expenditure threatens Karnataka CM’s plan to fill 35k vacancies&nbsp;&nbsp;The Times of India', 'Karnataka must raise health spending, fill vacancies and expand facilities, says report on assessment of public health facilities - The Hindu. Karnataka must raise health spending, fill vacancies and expand facilities, says report on assessment of public health facilities&nbsp;&nbsp;The Hindu', 'Hiring on, yet 58% Karnataka depts have 50% vacancies - The Times of India. Hiring on, yet 58% Karnataka depts have 50% vacancies&nbsp;&nbsp;The Times of India', 'Signature campaign by All India Democratic Youth Organization demanding filling up of vacant government posts - The Hindu. Signature campaign by All India Democratic Youth Organization demanding filling up of vacant government posts&nbsp;&nbsp;The Hindu', 'Maharashtra CM approves recruitment of 5,012 assistant professors in non-government colleges - The Times of India. Maharashtra CM approves recruitment of 5,012 assistant professors in non-government colleges&nbsp;&nbsp;The Times of India', 'Govt to fill 56k new posts, job fairs to connect youth with employers: Min - The Times of India. Govt to fill 56k new posts, job fairs to connect youth with employers: Min&nbsp;&nbsp;The Times of India']","['The Hindu', 'The Hindu', 'The Hindu', 'The Hindu', 'The Times of India', 'The Hindu', 'The Times of India', 'The Hindu', 'The Times of India', 'The Times of India']"
A1,"To make all activities connected with procurements, developmental and infrastructural activities and recruitments transparent and accountable.",ADMINISTRATION AND GOVERNANCE,"['Karnataka to Publish Govt Drug Procurement Details Online for Transparency - Deccan Herald. Karnataka to Publish Govt Drug Procurement Details Online for Transparency&nbsp;&nbsp;Deccan Herald', 'Karnataka passes public procurement amendment bill to boost local body autonomy - India Today. Karnataka passes public procurement amendment bill to boost local body autonomy&nbsp;&nbsp;India Today', 'KPSC exam row: Govt to probe irregularities, assure fair recruitment system - The Indian Express. KPSC exam row: Govt to probe irregularities, assure fair recruitment system&nbsp;&nbsp;The Indian Express', 'Govt. committed to bring in transparency in every sector: Pralhad Joshi - The Hindu. Govt. committed to bring in transparency in every sector: Pralhad Joshi&nbsp;&nbsp;The Hindu', 'Internal quota finalised, govt kickstarts recruitment to 2.7 lakh posts - The Times of India. Internal quota finalised, govt kickstarts recruitment to 2.7 lakh posts&nbsp;&nbsp;The Times of India', 'TTD to launch e-procurement portal for Tirumala laddu ingredients - The Times of India. TTD to launch e-procurement portal for Tirumala laddu ingredients&nbsp;&nbsp;The Times of India', 'Governing AI with Trust, Scale and Responsibility - Elets Technomedia. Governing AI with Trust, Scale and Responsibility&nbsp;&nbsp;Elets Technomedia', 'Karnataka forms committee to develop ‘responsible AI’ policy | India News - Hindustan Times. Karnataka forms committee to develop ‘responsible AI’ policy | India News&nbsp;&nbsp;Hindustan Times', 'Karnataka govt sets up committee on Responsible AI - The Times of India. Karnataka govt sets up committee on Responsible AI&nbsp;&nbsp;The Times of India', 'Solar Agri Bulletin: 2025 budget special edition - International Institute for Sustainable Development. Solar Agri Bulletin: 2025 budget special edition&nbsp;&nbsp;International Institute for Sustainable Development']","['Deccan Herald', 'India Today', 'The Indian Express', 'The Hindu', 'The Times of India', 'The Times of India', 'Elets Technomedia', 'Hindustan Times', 'The Times of India', 'International Institute for Sustainable Development']"
A4,To regularize the services of the presently working in source employees under,Public Service:,"['Service of 9,000 co-workers in cleaning will also be regularised, says CM Siddaramaiah - The Hindu. Service of 9,000 co-workers in cleaning will also be regularised, says CM Siddaramaiah&nbsp;&nbsp;The Hindu', 'Pourakarmikas seek regularization of sanitation workers simultaneously - The Hindu. Pourakarmikas seek regularization of sanitation workers simultaneously&nbsp;&nbsp;The Hindu', 'Kerala govt decides to regularise 114 contractual employees at C-DIT - Onmanorama. Kerala govt decides to regularise 114 contractual employees at C-DIT&nbsp;&nbsp;Onmanorama', 'Anganwadi workers to lock centres, boycott work as part of mass protest on July 9 - The Hindu. Anganwadi workers to lock centres, boycott work as part of mass protest on July 9&nbsp;&nbsp;The Hindu', 'Karnataka High Court directs State government to give status report on implementation of Rights of Persons with Disabilities Act - The Hindu. Karnataka High Court directs State government to give status report on implementation of Rights of Persons with Disabilities Act&nbsp;&nbsp;The Hindu', 'Karnataka defers decision on water, power connections for buildings without completion and occupancy certificates - The Indian Express. Karnataka defers decision on water, power connections for buildings without completion and occupancy certificates&nbsp;&nbsp;The Indian Express', 'Hyderabad: First cabinet meet at new Secretariat - The Hans India. Hyderabad: First cabinet meet at new Secretariat&nbsp;&nbsp;The Hans India']","['The Hindu', 'The Hindu', 'Onmanorama', 'The Hindu', 'The Hindu', 'The Indian Express', 'The Hans India']"
A3,To Sympathetically consider extension of OPS to the pensionable government employees who joined service since 2006,Public Service:,"['Maharashtra cabinet nod for OPS to state employees who joined service after November 2005 - The Times of India. Maharashtra cabinet nod for OPS to state employees who joined service after November 2005&nbsp;&nbsp;The Times of India', 'Karnataka to implement old pension scheme for 13,000 govt employees who joined before April 2006 - The Indian Express. Karnataka to implement old pension scheme for 13,000 govt employees who joined before April 2006&nbsp;&nbsp;The Indian Express', 'Karnataka govt. issues notification bringing back about 11,300 employees to OPS - The Hindu. Karnataka govt. issues notification bringing back about 11,300 employees to OPS&nbsp;&nbsp;The Hindu', 'Karnataka team to visit Rajasthan to study old pension plan (OPS) implementation - The Times of India. Karnataka team to visit Rajasthan to study old pension plan (OPS) implementation&nbsp;&nbsp;The Times of India', 'Karnataka govt under pressure as employees want Old Pension Scheme restored - The Federal. Karnataka govt under pressure as employees want Old Pension Scheme restored&nbsp;&nbsp;The Federal', 'Kuvempu University staff demand Old Pension Scheme on par with State government employees - The Hindu. Kuvempu University staff demand Old Pension Scheme on par with State government employees&nbsp;&nbsp;The Hindu', 'Karnataka govt staffers want state to bring back Old Pension Scheme - The New Indian Express. Karnataka govt staffers want state to bring back Old Pension Scheme&nbsp;&nbsp;The New Indian Express', 'New contributory pension scheme not applicable to judicial officers: HC - The Hindu. New contributory pension scheme not applicable to judicial officers: HC&nbsp;&nbsp;The Hindu', 'Karnataka government awaits notification on guidelines to assess impact of proposed Unified Pension Scheme - The Hindu. Karnataka government awaits notification on guidelines to assess impact of proposed Unified Pension Scheme&nbsp;&nbsp;The Hindu', 'U-turn in Karnataka: BJP govt to form panel to study OPS revival - The Times of India. U-turn in Karnataka: BJP govt to form panel to study OPS revival&nbsp;&nbsp;The Times of India']","['The Times of India', 'The Indian Express', 'The Hindu', 'The Times of India', 'The Federal', 'The Hindu', 'The New Indian Express', 'The Hindu', 'The Hindu', 'The Times of India']"
A6,Giving due weightage to the contractual and guest faculties by brining suitable amendments to the recruitment rules.,Public Service:,"['In Tamil Nadu, despite UGC regulations and protests, guest faculty remains excluded, exploited - The Indian Express. In Tamil Nadu, despite UGC regulations and protests, guest faculty remains excluded, exploited&nbsp;&nbsp;The Indian Express', 'Guest lecturers of degree colleges urge State govt. not to remove lecturers with no UGC qualification - The Hindu. Guest lecturers of degree colleges urge State govt. not to remove lecturers with no UGC qualification&nbsp;&nbsp;The Hindu', 'HC upholds new recruitment rules for ITI jr instructor - The Times of India. HC upholds new recruitment rules for ITI jr instructor&nbsp;&nbsp;The Times of India', 'Job-seekers take to the streets urging State govt. to fill vacancies - The Hindu. Job-seekers take to the streets urging State govt. to fill vacancies&nbsp;&nbsp;The Hindu', 'Crippling shortage of staff in Karnataka Engineering colleges: Minister blames Finance department - The South First. Crippling shortage of staff in Karnataka Engineering colleges: Minister blames Finance department&nbsp;&nbsp;The South First', 'Karnataka academicians favour scrapping of 4-year degree programme - Education Times. Karnataka academicians favour scrapping of 4-year degree programme&nbsp;&nbsp;Education Times']","['The Indian Express', 'The Hindu', 'The Times of India', 'The Hindu', 'The South First', 'Education Times']"
A5,Health & Family Welfare Department on the lines of the actions being taken by the Congress Governments of Rajasthan and Himachalhal Pradesh,Public Service:,"['Uttar Pradesh: Economy, Tourism, Industries & Development - IBEF. Uttar Pradesh: Economy, Tourism, Industries & Development&nbsp;&nbsp;IBEF', 'Let Congress extend Dalit Bandhu like scheme in States under its rule: Minister - The Hindu. Let Congress extend Dalit Bandhu like scheme in States under its rule: Minister&nbsp;&nbsp;The Hindu', 'Ministry of Finance Year Ender 2023: Department of Expenditure - PIB. Ministry of Finance Year Ender 2023: Department of Expenditure&nbsp;&nbsp;PIB', 'State-wise Healthcare Spending in India for 2025 - India Data Map. State-wise Healthcare Spending in India for 2025&nbsp;&nbsp;India Data Map', 'Top 10 companies for CSR in Healthcare in India 2023 - The CSR Journal. Top 10 companies for CSR in Healthcare in India 2023&nbsp;&nbsp;The CSR Journal', 'Top 100 Companies for CSR and Sustainability in 2024 - The CSR Journal. Top 100 Companies for CSR and Sustainability in 2024&nbsp;&nbsp;The CSR Journal']","['IBEF', 'The Hindu', 'PIB', 'India Data Map', 'The CSR Journal', 'The CSR Journal']"
A8,"To give benefits to Mini Anganwadi workers from to Rs. 7,500 to Rs.10,000 and retirement benefit of Rs. 2 Lakhs on premature death or retirement",Public Service:,"['Modi govt increased honorarium of Anganwadi workers to Rs 4,500: Smriti Irani - The Indian Express. Modi govt increased honorarium of Anganwadi workers to Rs 4,500: Smriti Irani&nbsp;&nbsp;The Indian Express', ""Anganwadi workers' retirement benefits reinstated after years - The Times of India. Anganwadi workers' retirement benefits reinstated after years&nbsp;&nbsp;The Times of India"", 'Tamil Nadu CM announces hike in pension, retirement benefits for noon meal organisers, Anganwadi workers - Deccan Herald. Tamil Nadu CM announces hike in pension, retirement benefits for noon meal organisers, Anganwadi workers&nbsp;&nbsp;Deccan Herald', 'Anganwadi workers to now retire at 65 years - The Times of India. Anganwadi workers to now retire at 65 years&nbsp;&nbsp;The Times of India', 'Karnataka: Government Blinks, Huge win for Anganwadi Workers - newsclick.in. Karnataka: Government Blinks, Huge win for Anganwadi Workers&nbsp;&nbsp;newsclick.in', 'Anganwadi workers and helpers in Andhra Pradesh launch 36-hour protest over long-pending demands - The Hindu. Anganwadi workers and helpers in Andhra Pradesh launch 36-hour protest over long-pending demands&nbsp;&nbsp;The Hindu', '5G phones distributed to 58,204 Anganwadi workers - The Hans India. 5G phones distributed to 58,204 Anganwadi workers&nbsp;&nbsp;The Hans India', 'Anganwadi and midday meal workers to launch indefinite stir from Dec 1 - The Times of India. Anganwadi and midday meal workers to launch indefinite stir from Dec 1&nbsp;&nbsp;The Times of India', 'Why Karnataka Anganwadi workers want to return 64,340 mobiles to govt - The Federal. Why Karnataka Anganwadi workers want to return 64,340 mobiles to govt&nbsp;&nbsp;The Federal', 'Andhra Pradesh CM Y S Jagan Mohan Reddy credits Rs 285 crore to small businesses - The Times of India. Andhra Pradesh CM Y S Jagan Mohan Reddy credits Rs 285 crore to small businesses&nbsp;&nbsp;The Times of India']","['The Indian Express', 'The Times of India', 'Deccan Herald', 'The Times of India', 'newsclick.in', 'The Hindu', 'The Hans India', 'The Times of India', 'The Federal', 'The Times of India']"
A7,"To give benefits to Increase monthly salary of Anganwadi Workers from to Rs. 11,500 to Rs. 15,000/ - and retirement benefit of Rs. 3 Lakhs on premature death or retirement",Public Service:,"['Anganwadi workers’ union demands gratuity for retired employees - The Hindu. Anganwadi workers’ union demands gratuity for retired employees&nbsp;&nbsp;The Hindu', ""Anganwadi workers' retirement benefits reinstated after years - The Times of India. Anganwadi workers' retirement benefits reinstated after years&nbsp;&nbsp;The Times of India"", 'Anganwadi workers to now retire at 65 years - The Times of India. Anganwadi workers to now retire at 65 years&nbsp;&nbsp;The Times of India', 'Bihar CM hikes stipend for anganwadi workers and helpers - The Hindu. Bihar CM hikes stipend for anganwadi workers and helpers&nbsp;&nbsp;The Hindu', 'Anganwadi workers call for stir in response to Budget - The Hindu. Anganwadi workers call for stir in response to Budget&nbsp;&nbsp;The Hindu', 'Anganwadi workers protest for wage hike, job recognition - Bangalore Mirror. Anganwadi workers protest for wage hike, job recognition&nbsp;&nbsp;Bangalore Mirror', 'State earmarks 20cr for retd anganwadi employees - The Times of India. State earmarks 20cr for retd anganwadi employees&nbsp;&nbsp;The Times of India', 'Anganwadi workers to stage indefinite strike from tomorrow - The Hindu. Anganwadi workers to stage indefinite strike from tomorrow&nbsp;&nbsp;The Hindu', 'Steps to address financial crunch of anganwadi welfare fund board: Minister - The Hindu. Steps to address financial crunch of anganwadi welfare fund board: Minister&nbsp;&nbsp;The Hindu', 'Anganwadi, ASHA workers stage protest to press for demands - The Hindu. Anganwadi, ASHA workers stage protest to press for demands&nbsp;&nbsp;The Hindu']","['The Hindu', 'The Times of India', 'The Times of India', 'The Hindu', 'The Hindu', 'Bangalore Mirror', 'The Times of India', 'The Hindu', 'The Hindu', 'The Hindu']"
A9,"To provide ASHA workers with a fixed monthly honorarium of Rs. 5,000/- to Rs. 8,000/-",Public Service:,"['Karnataka ASHA workers call off strike after CM announces Rs 10,000 monthly honorarium, incentives - The New Indian Express. Karnataka ASHA workers call off strike after CM announces Rs 10,000 monthly honorarium, incentives&nbsp;&nbsp;The New Indian Express', 'ASHA workers urge Karnataka government to keep its Rs 10,000-honorarium promise - The Times of India. ASHA workers urge Karnataka government to keep its Rs 10,000-honorarium promise&nbsp;&nbsp;The Times of India', 'ASHA workers demand govt action on honorarium and job security - The Times of India. ASHA workers demand govt action on honorarium and job security&nbsp;&nbsp;The Times of India', 'ASHA workers urge Centre to release pending hike, seek minimum wages of ₹28,000 - The Hindu. ASHA workers urge Centre to release pending hike, seek minimum wages of ₹28,000&nbsp;&nbsp;The Hindu', 'One year on, ASHA workers in Karnataka await promised honorarium; to strike again on February 12 - The Hindu. One year on, ASHA workers in Karnataka await promised honorarium; to strike again on February 12&nbsp;&nbsp;The Hindu', 'ASHA workers protest seeking honorarium hike and halt to retrenchment - The Hindu. ASHA workers protest seeking honorarium hike and halt to retrenchment&nbsp;&nbsp;The Hindu', 'ASHA workers call off strike after Karnataka govt agrees to raise honorarium - The News Minute. ASHA workers call off strike after Karnataka govt agrees to raise honorarium&nbsp;&nbsp;The News Minute', 'Mysuru ASHA workers seek hike in honorarium, meet Minister - The Hindu. Mysuru ASHA workers seek hike in honorarium, meet Minister&nbsp;&nbsp;The Hindu', 'ASHA workers hold massive protest in Belagavi, demand hike in honorarium - The Times of India. ASHA workers hold massive protest in Belagavi, demand hike in honorarium&nbsp;&nbsp;The Times of India', 'Why ASHA Workers should receive Fixed Salaries - healthcareexecutive.in. Why ASHA Workers should receive Fixed Salaries&nbsp;&nbsp;healthcareexecutive.in']","['The New Indian Express', 'The Times of India', 'The Times of India', 'The Hindu', 'The Hindu', 'The Hindu', 'The News Minute', 'The Hindu', 'The Times of India', 'healthcareexecutive.in']"
A10,"Toenhance honorarium to Midday Meal Cooks from Rs.3,600 to Rs.6,000/-",Public Service:,"[""No hike in midday meal cooks' honorarium since 2009 in 10 states; workers gather at Jantar Mantar - EdexLive. No hike in midday meal cooks' honorarium since 2009 in 10 states; workers gather at Jantar Mantar&nbsp;&nbsp;EdexLive"", ""Midday meal cooks' pay stuck at 2009 level in 10 states/UTs - The Times of India. Midday meal cooks' pay stuck at 2009 level in 10 states/UTs&nbsp;&nbsp;The Times of India"", 'Most states and UTs suggested Centre to hike midday meal workers’ wages - The Indian Express. Most states and UTs suggested Centre to hike midday meal workers’ wages&nbsp;&nbsp;The Indian Express', 'Midday Meal Workers Protest In Bengaluru, Demand Minimum Wage And Benefits - ETV Bharat. Midday Meal Workers Protest In Bengaluru, Demand Minimum Wage And Benefits&nbsp;&nbsp;ETV Bharat', ""Transforming India's Nutrition With Mid-Day Meal (PM POSHAN) Scheme - IBEF. Transforming India's Nutrition With Mid-Day Meal (PM POSHAN) Scheme&nbsp;&nbsp;IBEF"", 'Concrete welfare measures continue to evade Anganwadis, ASHA and Mid-Day Meal workers - The Leaflet. Concrete welfare measures continue to evade Anganwadis, ASHA and Mid-Day Meal workers&nbsp;&nbsp;The Leaflet', ""It's too much work for too little pay, say Karnataka anganwadi workers cooking hot meals for mothers - Scroll.in. It's too much work for too little pay, say Karnataka anganwadi workers cooking hot meals for mothers&nbsp;&nbsp;Scroll.in"", ""K'taka Budget 2025: Rs 4 lac cr outlay with key allocations for Dakshina Kannada, Udupi - Daijiworld. K'taka Budget 2025: Rs 4 lac cr outlay with key allocations for Dakshina Kannada, Udupi&nbsp;&nbsp;Daijiworld"", 'Imposing a food culture - Frontline Magazine. Imposing a food culture&nbsp;&nbsp;Frontline Magazine', 'Overview of Karnataka Budget 2023-24 - NammaKPSC. Overview of Karnataka Budget 2023-24&nbsp;&nbsp;NammaKPSC']","['EdexLive', 'The Times of India', 'The Indian Express', 'ETV Bharat', 'IBEF', 'The Leaflet', 'Scroll.in', 'Daijiworld', 'Frontline Magazine', 'NammaKPSC']"
A11,"To abolish corruption in public works and to create a transparent tender systems in PWD, Rural Development, Irrigation, Urban Development and Power sector by enacting a special law to punish the perpetrators of corruption.",Public Works:,"['Belagavi to have two solid waste management facilities: PWD Minister Satish Jarkiholi - The Hindu. Belagavi to have two solid waste management facilities: PWD Minister Satish Jarkiholi&nbsp;&nbsp;The Hindu', 'Karnataka govt engineer refuses to open dooras anti-corruption sleuths came knocking - The Times of India. Karnataka govt engineer refuses to open dooras anti-corruption sleuths came knocking&nbsp;&nbsp;The Times of India', 'Did Cisco get a sweet deal? Karnataka government backs KSWAN tender - The New Indian Express. Did Cisco get a sweet deal? Karnataka government backs KSWAN tender&nbsp;&nbsp;The New Indian Express', 'Karnataka’s Major eGovernance Initiatives - Elets Technomedia. Karnataka’s Major eGovernance Initiatives&nbsp;&nbsp;Elets Technomedia', 'RGRHCL: Benefits, eligibility, beneficiary status 2025 check online - Housing. RGRHCL: Benefits, eligibility, beneficiary status 2025 check online&nbsp;&nbsp;Housing', ""'E-office' software to come into effect from October 1 at BDA - The Hans India. 'E-office' software to come into effect from October 1 at BDA&nbsp;&nbsp;The Hans India"", 'Karnataka Congress releases manifesto — from welfare schemes for women and farmers to salaries and pensions - CNBC TV18. Karnataka Congress releases manifesto — from welfare schemes for women and farmers to salaries and pensions&nbsp;&nbsp;CNBC TV18', 'Poor funding, inadequate training affect Modi govt’s One Stop Centre scheme - The News Minute. Poor funding, inadequate training affect Modi govt’s One Stop Centre scheme&nbsp;&nbsp;The News Minute', 'HC directs govt to develop unified and tech-driven platform for solid waste management in Bengaluru - The Hindu. HC directs govt to develop unified and tech-driven platform for solid waste management in Bengaluru&nbsp;&nbsp;The Hindu', 'Government plans to link Nirman 2.0 with Sakala - The Times of India. Government plans to link Nirman 2.0 with Sakala&nbsp;&nbsp;The Times of India']","['The Hindu', 'The Times of India', 'The New Indian Express', 'Elets Technomedia', 'Housing', 'The Hans India', 'CNBC TV18', 'The News Minute', 'The Hindu', 'The Times of India']"
A12,"To ensure that the works begin within 90 days of the issue of the work order, get the work completed within the time specified in the contract and settle the bills of the contractors within the time-frame of contractual agreement.",Public Works:,"['Contractors association issues 60-day ultimatum to govt to clear Rs 20,000cr bills - The Times of India. Contractors association issues 60-day ultimatum to govt to clear Rs 20,000cr bills&nbsp;&nbsp;The Times of India', 'Maharashtra: On strike for five days, contractors may opt for legal remedy against govt - The Indian Express. Maharashtra: On strike for five days, contractors may opt for legal remedy against govt&nbsp;&nbsp;The Indian Express', 'Clear 37K-cr dues or we’ll strike work, warn contractors - The Times of India. Clear 37K-cr dues or we’ll strike work, warn contractors&nbsp;&nbsp;The Times of India', 'Karnataka: Contractors up in arms against state govt over corruption, commission and non-payment of bills - Organiser. Karnataka: Contractors up in arms against state govt over corruption, commission and non-payment of bills&nbsp;&nbsp;Organiser', 'Contractor Dues Karnataka: Govt Mulls One-Time Settlement of Rs 32,000 Crore - Deccan Herald. Contractor Dues Karnataka: Govt Mulls One-Time Settlement of Rs 32,000 Crore&nbsp;&nbsp;Deccan Herald', 'State govt. will provide work worth ₹4,000 crore to benefit small contractors, promises CM - The Hindu. State govt. will provide work worth ₹4,000 crore to benefit small contractors, promises CM&nbsp;&nbsp;The Hindu', 'Contractors threaten to stop work over Rs 33k-cr dues; CM dares them to move court - The Times of India. Contractors threaten to stop work over Rs 33k-cr dues; CM dares them to move court&nbsp;&nbsp;The Times of India', ""'Stop work if you want, govt will pay as per budget', govt to K'taka contractors - The Hans India. 'Stop work if you want, govt will pay as per budget', govt to K'taka contractors&nbsp;&nbsp;The Hans India"", 'Karnataka Contractors: Meeting with CM Siddaramaiah Planned - Deccan Herald. Karnataka Contractors: Meeting with CM Siddaramaiah Planned&nbsp;&nbsp;Deccan Herald', 'Summary of Landmark Judgments on Government Contracts and Tenders by the Supreme Court in 2024 - SCC Online. Summary of Landmark Judgments on Government Contracts and Tenders by the Supreme Court in 2024&nbsp;&nbsp;SCC Online']","['The Times of India', 'The Indian Express', 'The Times of India', 'Organiser', 'Deccan Herald', 'The Hindu', 'The Times of India', 'The Hans India', 'Deccan Herald', 'SCC Online']"
A14,To provide special allowance of Rs 5000 per month to police officials on night duty and one month's extra pay per year.,Police,"['Bengaluru: Over 16k cops physically unfit, dept to intervene - The Siasat Daily. Bengaluru: Over 16k cops physically unfit, dept to intervene&nbsp;&nbsp;The Siasat Daily', 'State allocates Rs 56k cr for guarantee schemes in 2024-25 budget - The Times of India. State allocates Rs 56k cr for guarantee schemes in 2024-25 budget&nbsp;&nbsp;The Times of India', '2025 New Year Celebration | Party Hours, Traffic Restrictions, Police Advisories In Major Cities - All You Need To Know - ETV Bharat. 2025 New Year Celebration | Party Hours, Traffic Restrictions, Police Advisories In Major Cities - All You Need To Know&nbsp;&nbsp;ETV Bharat', 'Frontline forest staff seek better pay scales - The New Indian Express. Frontline forest staff seek better pay scales&nbsp;&nbsp;The New Indian Express', 'Karnataka budget 2025: CM Siddaramaiah allocates Rs 42,018 crore for SC/ST welfare - The News Minute. Karnataka budget 2025: CM Siddaramaiah allocates Rs 42,018 crore for SC/ST welfare&nbsp;&nbsp;The News Minute', 'Karnataka Budget 2025: Key takeaways - Deccan Herald. Karnataka Budget 2025: Key takeaways&nbsp;&nbsp;Deccan Herald', 'Karnataka receives ₹7,559 crore for rail projects in 2024-25 Union Budget - The Hindu. Karnataka receives ₹7,559 crore for rail projects in 2024-25 Union Budget&nbsp;&nbsp;The Hindu', '11 Richest States Allocate 4% Of Budget For Justice Delivery - Indiaspend. 11 Richest States Allocate 4% Of Budget For Justice Delivery&nbsp;&nbsp;Indiaspend', 'Karnataka’s 2.5 lakh vacancies expose fiscal strain, legal hurdles and rising youth anger - The New Indian Express. Karnataka’s 2.5 lakh vacancies expose fiscal strain, legal hurdles and rising youth anger&nbsp;&nbsp;The New Indian Express', 'Union Budget 2025: A big push for border infrastructure and management - The Hindu. Union Budget 2025: A big push for border infrastructure and management&nbsp;&nbsp;The Hindu']","['The Siasat Daily', 'The Times of India', 'ETV Bharat', 'The New Indian Express', 'The News Minute', 'Deccan Herald', 'The Hindu', 'Indiaspend', 'The New Indian Express', 'The Hindu']"
A13,To increase recruitment of women in Police Force to 33% of the total strength with at least 1% reservation for Gender Minorities.,Police,"['Goa Police approves 33% quota for women in force - The Times of India. Goa Police approves 33% quota for women in force&nbsp;&nbsp;The Times of India', 'Police Force sans Diversity: Poor rep of SCs, STs, Women, OBCs, Muslims Invisibilized - SabrangIndia. Police Force sans Diversity: Poor rep of SCs, STs, Women, OBCs, Muslims Invisibilized&nbsp;&nbsp;SabrangIndia', 'Police department launches self-defense training for girls ahead of International Women’s Day - The Hindu. Police department launches self-defense training for girls ahead of International Women’s Day&nbsp;&nbsp;The Hindu', 'Karnataka reserves 33% government contract jobs for women - The Times of India. Karnataka reserves 33% government contract jobs for women&nbsp;&nbsp;The Times of India', '33% Karnataka govt jobs reserved for women - The Times of India. 33% Karnataka govt jobs reserved for women&nbsp;&nbsp;The Times of India', 'Women in police: Bihar leads, Bengal one of the lowest among large states - Business Standard. Women in police: Bihar leads, Bengal one of the lowest among large states&nbsp;&nbsp;Business Standard', 'Karnataka police grapple with slow progress in gender representation: Research - The Times of India. Karnataka police grapple with slow progress in gender representation: Research&nbsp;&nbsp;The Times of India', 'Calcutta High Court directs govt to implement horizontal reservation for transgender persons - The Leaflet. Calcutta High Court directs govt to implement horizontal reservation for transgender persons&nbsp;&nbsp;The Leaflet', 'In south, Karnataka has lowest number of women cops - The Times of India. In south, Karnataka has lowest number of women cops&nbsp;&nbsp;The Times of India', 'Karnataka Gender Minorities Survey Report: 10,365 Transgenders Identified, Here Are Some Key Recommendations - ETV Bharat. Karnataka Gender Minorities Survey Report: 10,365 Transgenders Identified, Here Are Some Key Recommendations&nbsp;&nbsp;ETV Bharat']","['The Times of India', 'SabrangIndia', 'The Hindu', 'The Times of India', 'The Times of India', 'Business Standard', 'The Times of India', 'The Leaflet', 'The Times of India', 'ETV Bharat']"
A15,To provide housing to all the police personnel within five years.,Police,"['Government will provide residential quarters to 1 lakh police personnel, says Karnataka Home Minister - The Hindu. Government will provide residential quarters to 1 lakh police personnel, says Karnataka Home Minister&nbsp;&nbsp;The Hindu', 'Plantation Directorate to implement housing scheme for workers - The Hindu. Plantation Directorate to implement housing scheme for workers&nbsp;&nbsp;The Hindu', 'KSP Recruitment 2020: Karnataka Police application process for 2672 vacancies to start from May 18 - The Times of India. KSP Recruitment 2020: Karnataka Police application process for 2672 vacancies to start from May 18&nbsp;&nbsp;The Times of India', 'Government to build 5 lakh houses for poor in the State, says Housing Minister Somanna - The Hindu. Government to build 5 lakh houses for poor in the State, says Housing Minister Somanna&nbsp;&nbsp;The Hindu', 'As 10,796 remain untraced, Karnataka High Court directs police to effectively implement SOP for handling complaints of missing persons - The Hindu. As 10,796 remain untraced, Karnataka High Court directs police to effectively implement SOP for handling complaints of missing persons&nbsp;&nbsp;The Hindu', '‘State govt. aims to increase representation of women in police force to 25%’ - The Hindu. ‘State govt. aims to increase representation of women in police force to 25%’&nbsp;&nbsp;The Hindu', 'MPSC Group B Recruitment 2024 for 480 posts of Tax Inspector, Police SI and ASO: Direct link to apply her - The Times of India. MPSC Group B Recruitment 2024 for 480 posts of Tax Inspector, Police SI and ASO: Direct link to apply her&nbsp;&nbsp;The Times of India', 'Kerala Budget 2025: housing a major thrust area with new cooperative housing project for middle class - The Hindu. Kerala Budget 2025: housing a major thrust area with new cooperative housing project for middle class&nbsp;&nbsp;The Hindu', 'DDA Premium Housing Scheme 2025: Eligibility, categories, documents required, auction rules and how to ap - The Times of India. DDA Premium Housing Scheme 2025: Eligibility, categories, documents required, auction rules and how to ap&nbsp;&nbsp;The Times of India', 'Delhi Development Authority launches Apna Ghar Awaas Yojana 2025, offering 7,500 flats - The Times of India. Delhi Development Authority launches Apna Ghar Awaas Yojana 2025, offering 7,500 flats&nbsp;&nbsp;The Times of India']","['The Hindu', 'The Hindu', 'The Times of India', 'The Hindu', 'The Hindu', 'The Hindu', 'The Times of India', 'The Hindu', 'The Times of India', 'The Times of India']"
A16,To establish a seed fund of Rs.200 crores to create infrastructure in Cyber Crimes and financial investigations.,Police,"['Criminal Investigation Department finds Rs 100-crore transactions in mule account scam - The Times of India. Criminal Investigation Department finds Rs 100-crore transactions in mule account scam&nbsp;&nbsp;The Times of India', 'Karnataka earmarks over ₹100 cr. to implement Cyber Security Policy - The Hindu. Karnataka earmarks over ₹100 cr. to implement Cyber Security Policy&nbsp;&nbsp;The Hindu', 'Home min: K’taka lost Rs 861 Cr to cybercrooks until July 2025 - The Times of India. Home min: K’taka lost Rs 861 Cr to cybercrooks until July 2025&nbsp;&nbsp;The Times of India', 'Karnataka High Court directs State government to set up cyber investigation bureau or give life to cyber command centre with expert investigating officers - The Hindu. Karnataka High Court directs State government to set up cyber investigation bureau or give life to cyber command centre with expert investigating officers&nbsp;&nbsp;The Hindu', 'Think before you click: Calls to cybercrime helpline 1930 surge to 24 lakh in Karnataka in 4 years - The Times of India. Think before you click: Calls to cybercrime helpline 1930 surge to 24 lakh in Karnataka in 4 years&nbsp;&nbsp;The Times of India', 'Karnataka CM Siddaramaiah gives capital boost for urban infrastructure upgrade - The Times of India. Karnataka CM Siddaramaiah gives capital boost for urban infrastructure upgrade&nbsp;&nbsp;The Times of India', 'Modern cybercrime police stations to be set up in every district in AP - The Times of India. Modern cybercrime police stations to be set up in every district in AP&nbsp;&nbsp;The Times of India', 'Highlights Of Karnataka Budget 2023 - Oneindia. Highlights Of Karnataka Budget 2023&nbsp;&nbsp;Oneindia', 'Karnataka accounted for 9% of India’s ransomware cases in 2025-26, finds report - The Hindu. Karnataka accounted for 9% of India’s ransomware cases in 2025-26, finds report&nbsp;&nbsp;The Hindu', 'Karnataka to set up 300-acre data centre park at Tavarekere in 18 months - The Hindu. Karnataka to set up 300-acre data centre park at Tavarekere in 18 months&nbsp;&nbsp;The Hindu']","['The Times of India', 'The Hindu', 'The Times of India', 'The Hindu', 'The Times of India', 'The Times of India', 'The Times of India', 'Oneindia', 'The Hindu', 'The Hindu']"
A17,To set up a dedicated fund of Rs 2000 crore to modernise all the existing courts of the state.,LAW AND JUSTICE -- All are equal before law.,"['Amrit Bharat Station Yojna: List Of Stations To Be Developed Under Rs 25,000 Crore Modernisation Project - India.Com. Amrit Bharat Station Yojna: List Of Stations To Be Developed Under Rs 25,000 Crore Modernisation Project&nbsp;&nbsp;India.Com', 'In Punjab’s budget, supplementary demands of over Rs 25,000 crore made during FY 2024-25 - The Times of India. In Punjab’s budget, supplementary demands of over Rs 25,000 crore made during FY 2024-25&nbsp;&nbsp;The Times of India', 'A.P CM Jagan Mohan Reddy launches Nadu-Nedu, a whopping ₹ 15,337-crore govt. hospitals revamp scheme - The Hindu. A.P CM Jagan Mohan Reddy launches Nadu-Nedu, a whopping ₹ 15,337-crore govt. hospitals revamp scheme&nbsp;&nbsp;The Hindu', 'Congress leader Haji Mudassar Patel thanks CM Eknath Shinde for granting Rs 10 lakh to each madrassa for - The Times of India. Congress leader Haji Mudassar Patel thanks CM Eknath Shinde for granting Rs 10 lakh to each madrassa for&nbsp;&nbsp;The Times of India', '11 Richest States Allocate 4% Of Budget For Justice Delivery - Indiaspend. 11 Richest States Allocate 4% Of Budget For Justice Delivery&nbsp;&nbsp;Indiaspend', 'Amrit Bharat Station scheme: Here is the list of stations, facilities to be developed under Rs 25,000 cror - The Economic Times. Amrit Bharat Station scheme: Here is the list of stations, facilities to be developed under Rs 25,000 cror&nbsp;&nbsp;The Economic Times', 'K’taka govt launches pilot project to make courts paperless - The Times of India. K’taka govt launches pilot project to make courts paperless&nbsp;&nbsp;The Times of India', 'E-Courts Mission Mode Project - PIB. E-Courts Mission Mode Project&nbsp;&nbsp;PIB', 'Special team formed to secure central funds for irrigation projects - The Times of India. Special team formed to secure central funds for irrigation projects&nbsp;&nbsp;The Times of India', 'Karnataka Budget | CM Siddaramaiah awaits central clearance, funds for irrigation projects - Deccan Herald. Karnataka Budget | CM Siddaramaiah awaits central clearance, funds for irrigation projects&nbsp;&nbsp;Deccan Herald']","['India.Com', 'The Times of India', 'The Hindu', 'The Times of India', 'Indiaspend', 'The Economic Times', 'The Times of India', 'PIB', 'The Times of India', 'Deccan Herald']"
A18,To reduce registration fee concerning Gift & Will on landed property within the family .,LAW AND JUSTICE -- All are equal before law.,"['T.N. Budget 2025: Registration fee reduced by 1% for immovable assets under women’s name - The Hindu. T.N. Budget 2025: Registration fee reduced by 1% for immovable assets under women’s name&nbsp;&nbsp;The Hindu', 'All about gift deed stamp duty and registration charges in India 2025 - Housing. All about gift deed stamp duty and registration charges in India 2025&nbsp;&nbsp;Housing', 'Mixed reaction to slashing of registration fee, reversal of guideline value - The Hindu. Mixed reaction to slashing of registration fee, reversal of guideline value&nbsp;&nbsp;The Hindu', 'What is Maharashtra’s ‘One State, One Registration’ policy, aimed at easing property registration - The Indian Express. What is Maharashtra’s ‘One State, One Registration’ policy, aimed at easing property registration&nbsp;&nbsp;The Indian Express', 'Guideline value revision annuls gain of registration fee cut - The Times of India. Guideline value revision annuls gain of registration fee cut&nbsp;&nbsp;The Times of India', 'Stamp duty sop for property transfer through gift deeds - The Times of India. Stamp duty sop for property transfer through gift deeds&nbsp;&nbsp;The Times of India', 'Stamp duty in Kerala: Know land registration charges in 2025 - Housing. Stamp duty in Kerala: Know land registration charges in 2025&nbsp;&nbsp;Housing', 'Karnataka Introduces Automatic Property Mutation To Speed Up Land Transactions - News18. Karnataka Introduces Automatic Property Mutation To Speed Up Land Transactions&nbsp;&nbsp;News18', 'UP Govt Likely to Extend Rs 5,000 Stamp Duty Facility To Industrial & Commercial Properties - KNN India. UP Govt Likely to Extend Rs 5,000 Stamp Duty Facility To Industrial & Commercial Properties&nbsp;&nbsp;KNN India', 'Karnataka Introduces Automatic Property Mutation System to Speed Up Land Transactions - Adda247. Karnataka Introduces Automatic Property Mutation System to Speed Up Land Transactions&nbsp;&nbsp;Adda247']","['The Hindu', 'Housing', 'The Hindu', 'The Indian Express', 'The Times of India', 'The Times of India', 'Housing', 'News18', 'KNN India', 'Adda247']"
A20,To set up high-speed WiFi hotspots in every Panchayath.,Regional and Rural Development,"['TRAI seeks to limit cost of setting up Wi-Fi hotspots - The Hindu. TRAI seeks to limit cost of setting up Wi-Fi hotspots&nbsp;&nbsp;The Hindu', 'Tamil Nadu CM launches free Amma Wi-Fi hotspots - The Times of India. Tamil Nadu CM launches free Amma Wi-Fi hotspots&nbsp;&nbsp;The Times of India', 'PM-WANI to allow local shops to become Wi-Fi providers in Coimbatore - The Hindu. PM-WANI to allow local shops to become Wi-Fi providers in Coimbatore&nbsp;&nbsp;The Hindu', '13 tourist spots to get free Wi-Fi connectivity - The Times of India. 13 tourist spots to get free Wi-Fi connectivity&nbsp;&nbsp;The Times of India', 'Under the PM-WANI scheme, the Government of India is not offering or installing free Wi-Fi - FACTLY. Under the PM-WANI scheme, the Government of India is not offering or installing free Wi-Fi&nbsp;&nbsp;FACTLY', 'Free WiFi service down for over a year in Delhi; govt working on new plan - The Indian Express. Free WiFi service down for over a year in Delhi; govt working on new plan&nbsp;&nbsp;The Indian Express', 'Prime Minister Wi-Fi Access Network Interface Scheme (PM-WANI) - Vajiram & Ravi. Prime Minister Wi-Fi Access Network Interface Scheme (PM-WANI)&nbsp;&nbsp;Vajiram & Ravi', 'What is Wi-Fi Choupal? - The Indian Express. What is Wi-Fi Choupal?&nbsp;&nbsp;The Indian Express', 'Disconnected, govt.’s free WiFi scheme unlikely to reboot anytime soon - The Hindu. Disconnected, govt.’s free WiFi scheme unlikely to reboot anytime soon&nbsp;&nbsp;The Hindu', 'Upload regulatory approval details for wireless devices, govt. tells e-com platforms - The Hindu. Upload regulatory approval details for wireless devices, govt. tells e-com platforms&nbsp;&nbsp;The Hindu']","['The Hindu', 'The Times of India', 'The Hindu', 'The Times of India', 'FACTLY', 'The Indian Express', 'Vajiram & Ravi', 'The Indian Express', 'The Hindu', 'The Hindu']"
A19,"The Congress Party is committed to take firm and decisive action against individuals and organisations spreading hatred amongst communities on grounds of caste or religion. We believe that law and Constitution is sacrosanct and can not be violated by individuals and Organisations like Bajrang Dal, PFI or others promoting enmity or hatred, whether among majority or minority communities. We will take decisive action as per law including imposing a ban on any such organisations. Regional and Rural Development",LAW AND JUSTICE -- All are equal before law.,"['Hatred fuelled on basis of caste and religion, claims Congress after Dalit woman’s killing in U.P. - The Hindu. Hatred fuelled on basis of caste and religion, claims Congress after Dalit woman’s killing in U.P.&nbsp;&nbsp;The Hindu', 'Karnataka Assembly Elections 2023 | Congress releases manifesto, promises to repeal ‘anti-people laws’ passed by BJP - The Hindu. Karnataka Assembly Elections 2023 | Congress releases manifesto, promises to repeal ‘anti-people laws’ passed by BJP&nbsp;&nbsp;The Hindu', 'BJP warns Congress govt. will collapse if it bans RSS and Bajrang Dal - The Hindu. BJP warns Congress govt. will collapse if it bans RSS and Bajrang Dal&nbsp;&nbsp;The Hindu', 'Karnataka Congress likens Bajrang Dal to PFI, proposes ban - The Times of India. Karnataka Congress likens Bajrang Dal to PFI, proposes ban&nbsp;&nbsp;The Times of India', 'Bajrang Dal ban: Congress leaders sing different tune in Karnataka - The Times of India. Bajrang Dal ban: Congress leaders sing different tune in Karnataka&nbsp;&nbsp;The Times of India', 'Congress vows Hanuman temples, says no Bajrang Dal ban plan - The Times of India. Congress vows Hanuman temples, says no Bajrang Dal ban plan&nbsp;&nbsp;The Times of India', 'Karnataka State Budget 2025: Congress prioritizes minority appeasement and freebies over state development, BJP labels as halal or modern muslim league budget - HinduPost. Karnataka State Budget 2025: Congress prioritizes minority appeasement and freebies over state development, BJP labels as halal or modern muslim league budget&nbsp;&nbsp;HinduPost', 'Karnataka elections: Congress assurance on banning Bajrang Dal will boomerang on party, say BJP leaders - The Hindu. Karnataka elections: Congress assurance on banning Bajrang Dal will boomerang on party, say BJP leaders&nbsp;&nbsp;The Hindu', ""'Brahmastra against opposition': Karnataka assembly passes anti-hate speech bill; BJP cries suppression o - The Times of India. 'Brahmastra against opposition': Karnataka assembly passes anti-hate speech bill; BJP cries suppression o&nbsp;&nbsp;The Times of India"", 'PFI-like ban on Bajrang Dal in Cong’s manifesto | India News - Hindustan Times. PFI-like ban on Bajrang Dal in Cong’s manifesto | India News&nbsp;&nbsp;Hindustan Times']","['The Hindu', 'The Hindu', 'The Hindu', 'The Times of India', 'The Times of India', 'The Times of India', 'HinduPost', 'The Hindu', 'The Times of India', 'Hindustan Times']"
A21,"Mahatma Gandhi Gram Swaraj Scheme - To invest Rs. 50 thousand crores in five years to improve facilities in villages, to provide clean drinking water, sanitation, basic education, health and all weather roads.",Regional and Rural Development,"['Union Budget 2026: Mahatma Gandhi Khadi Swaraj Scheme to be launched for handicrafts; 200 industrial corridor - India.Com. Union Budget 2026: Mahatma Gandhi Khadi Swaraj Scheme to be launched for handicrafts; 200 industrial corridor&nbsp;&nbsp;India.Com', 'Gandhi’s Gram Swaraj Ideal and the Limits of Decentralisation - Vajiram & Ravi. Gandhi’s Gram Swaraj Ideal and the Limits of Decentralisation&nbsp;&nbsp;Vajiram & Ravi', 'New scheme named after Mahatma Gandhi in Budget 2026 amid MGNREGA repeal row — this one focused on khadi | India News - Hindustan Times. New scheme named after Mahatma Gandhi in Budget 2026 amid MGNREGA repeal row — this one focused on khadi | India News&nbsp;&nbsp;Hindustan Times', 'Gandhi’s khadi to Modi’s ‘no matter the colour of investment’: A new shade of Swadeshi - The Indian Express. Gandhi’s khadi to Modi’s ‘no matter the colour of investment’: A new shade of Swadeshi&nbsp;&nbsp;The Indian Express', 'Gandhi Bharata logo unveiled in Belagavi - The Hindu. Gandhi Bharata logo unveiled in Belagavi&nbsp;&nbsp;The Hindu', 'MGNREGA row: Siddaramaiah slams Centre over VB-G RAM-G scheme rollout - Deccan Herald. MGNREGA row: Siddaramaiah slams Centre over VB-G RAM-G scheme rollout&nbsp;&nbsp;Deccan Herald', 'Union Budget 2026: Will bolster India’s global image as attractive investment destination, says Amit Shah - The Hindu. Union Budget 2026: Will bolster India’s global image as attractive investment destination, says Amit Shah&nbsp;&nbsp;The Hindu', 'Governor says effective implementation of education, farming, employment schemes crucial for rural development - The Hindu. Governor says effective implementation of education, farming, employment schemes crucial for rural development&nbsp;&nbsp;The Hindu', 'Budget 2026: Labour-intensive textile sector sees almost 25% jump in funds allocation - The Hindu. Budget 2026: Labour-intensive textile sector sees almost 25% jump in funds allocation&nbsp;&nbsp;The Hindu', 'Karnataka launches software for better management of funds and projects - The Hindu. Karnataka launches software for better management of funds and projects&nbsp;&nbsp;The Hindu']","['India.Com', 'Vajiram & Ravi', 'Hindustan Times', 'The Indian Express', 'The Hindu', 'Deccan Herald', 'The Hindu', 'The Hindu', 'The Hindu', 'The Hindu']"
A22,To extend Bengaluru's TenderSURE road model to cities with a population more than 10 Lakh.,Urban Development,"['Rs 1 lakh crore to develop Bengaluru as India’s second capital: Cong manifesto - The News Minute. Rs 1 lakh crore to develop Bengaluru as India’s second capital: Cong manifesto&nbsp;&nbsp;The News Minute', 'Congress promises action, including ban, on organisations spreading hatred in Karnataka manifesto - Telegraph India. Congress promises action, including ban, on organisations spreading hatred in Karnataka manifesto&nbsp;&nbsp;Telegraph India']","['The News Minute', 'Telegraph India']"
A23,"To take up construction of apartments with all facilities, regularise all slums, provide them title deeds and re name the slums as Shramika Vasathi Samuchhaya",Urban Development,"['Month-long drive begins to regularise ownership in Mumbai’s stalled slum redevelopment projects - The Indian Express. Month-long drive begins to regularise ownership in Mumbai’s stalled slum redevelopment projects&nbsp;&nbsp;The Indian Express', 'Slum-dwellers demand regularisation of houses - The Hindu. Slum-dwellers demand regularisation of houses&nbsp;&nbsp;The Hindu', 'Slum redevelopment plans ready for Jogeshwari, Chembur & Kurla - The Times of India. Slum redevelopment plans ready for Jogeshwari, Chembur & Kurla&nbsp;&nbsp;The Times of India', 'Housing, slum redevelopment, green projects: Mahayuti govt’s Mumbai infra push before BMC polls next month - The Indian Express. Housing, slum redevelopment, green projects: Mahayuti govt’s Mumbai infra push before BMC polls next month&nbsp;&nbsp;The Indian Express', 'No need of slum-dwellers’ nod for Dharavi project, says CEO - The Times of India. No need of slum-dwellers’ nod for Dharavi project, says CEO&nbsp;&nbsp;The Times of India', 'Why Bombay HC has initiated a review of Maharashtra Slum Areas Act, 1971 - The Indian Express. Why Bombay HC has initiated a review of Maharashtra Slum Areas Act, 1971&nbsp;&nbsp;The Indian Express', '5-yr target set to build 58,917 rural homes in Vijayanagara dist: Min - The Times of India. 5-yr target set to build 58,917 rural homes in Vijayanagara dist: Min&nbsp;&nbsp;The Times of India', 'Maharashtra Cabinet clears proposals on urban development, disaster management - The Hindu. Maharashtra Cabinet clears proposals on urban development, disaster management&nbsp;&nbsp;The Hindu', 'Drive to hand over encroachments on govt lands to occupants begins | Mumbai news - Hindustan Times. Drive to hand over encroachments on govt lands to occupants begins | Mumbai news&nbsp;&nbsp;Hindustan Times', 'Bitten by poll bug, DyCM shifts focus on Ngp voters; tells NMC to speed up devpt projects - The Times of India. Bitten by poll bug, DyCM shifts focus on Ngp voters; tells NMC to speed up devpt projects&nbsp;&nbsp;The Times of India']","['The Indian Express', 'The Hindu', 'The Times of India', 'The Indian Express', 'The Times of India', 'The Indian Express', 'The Times of India', 'The Hindu', 'Hindustan Times', 'The Times of India']"
A24,"To amend Karnataka Apartment Ownership Act, 1972 to provide for conveyance of property and land to group of owners.",Urban Development,"['There is no repugnancy between provisions of RERA and Karnataka Apartment Ownership Act: Karnataka High Court - The Hindu. There is no repugnancy between provisions of RERA and Karnataka Apartment Ownership Act: Karnataka High Court&nbsp;&nbsp;The Hindu', 'Karnataka aims to finalise apartment act by 2025-end, owners rue delay - The Times of India. Karnataka aims to finalise apartment act by 2025-end, owners rue delay&nbsp;&nbsp;The Times of India', 'Karnataka’s new Apartment Ownership Act nearly ready: What you need to know | Real Estate News - Hindustan Times. Karnataka’s new Apartment Ownership Act nearly ready: What you need to know | Real Estate News&nbsp;&nbsp;Hindustan Times', 'Karnataka moves to amend SC/ST land transfer law, 25-year time bar on claims by grantees to be removed - The Indian Express. Karnataka moves to amend SC/ST land transfer law, 25-year time bar on claims by grantees to be removed&nbsp;&nbsp;The Indian Express', 'Bengaluru homebuyers urge Karnataka government to ensure title transfer under new apartment law | Real Estate News - Hindustan Times. Bengaluru homebuyers urge Karnataka government to ensure title transfer under new apartment law | Real Estate News&nbsp;&nbsp;Hindustan Times', 'Karnataka Dy CM Shivakumar says he wants to leave legacy for Bengaluru, seeks support of flat owners for new law for apartments - The Indian Express. Karnataka Dy CM Shivakumar says he wants to leave legacy for Bengaluru, seeks support of flat owners for new law for apartments&nbsp;&nbsp;The Indian Express', 'Caught in limbo: Homebuyers push Karnataka government to notify new apartment Act - The Times of India. Caught in limbo: Homebuyers push Karnataka government to notify new apartment Act&nbsp;&nbsp;The Times of India', 'Karnataka government moves to roll out Apartment Bill 2025: All you need to know | Real Estate News - Hindustan Times. Karnataka government moves to roll out Apartment Bill 2025: All you need to know | Real Estate News&nbsp;&nbsp;Hindustan Times', 'Uncertainty set to end? Draft of new apartment law in Karnataka nearly ready - The Times of India. Uncertainty set to end? Draft of new apartment law in Karnataka nearly ready&nbsp;&nbsp;The Times of India', 'Bangalore Apartment Federation disappointed with Karnataka budget - The Hindu. Bangalore Apartment Federation disappointed with Karnataka budget&nbsp;&nbsp;The Hindu']","['The Hindu', 'The Times of India', 'Hindustan Times', 'The Indian Express', 'Hindustan Times', 'The Indian Express', 'The Times of India', 'Hindustan Times', 'The Times of India', 'The Hindu']"
A26,"Krishi Sarvodaya Nidhi - To allocate Rs. 1.50 lakh crores in five years for modernization of agriculture, subsidy, loan and insurance.",Agriculture and farming,[],[]
A25,To frame rules to double the FAR for buildings in II tier cities to enterprises which generate employment.,Urban Development,"['City Economic Region to boost Tier 2, 3 cities near Bengaluru - The New Indian Express. City Economic Region to boost Tier 2, 3 cities near Bengaluru&nbsp;&nbsp;The New Indian Express', 'Manufacturing Industries in India & its Growth - IBEF. Manufacturing Industries in India & its Growth&nbsp;&nbsp;IBEF', 'PM Modi inaugurates Shivamogga airport in poll-bound Karnataka - Daijiworld. PM Modi inaugurates Shivamogga airport in poll-bound Karnataka&nbsp;&nbsp;Daijiworld', 'BBMP budget 2024-25: Allocations and climate action plan in conflict - Citizen Matters. BBMP budget 2024-25: Allocations and climate action plan in conflict&nbsp;&nbsp;Citizen Matters']","['The New Indian Express', 'IBEF', 'Daijiworld', 'Citizen Matters']"
A27,"Committed to AICC session held at Raipur the congress party would implement guarantees of MSP based on the report of Agricultural price fixation commission, in consultation with the farmers representatives to the Agricultural and Horticultural produce",Agriculture and farming,"['Farmers are crying for the purchase of their crops at MSP, and Modi ji is giving ‘Jumlas’ about increasing their income - inc.in. Farmers are crying for the purchase of their crops at MSP, and Modi ji is giving ‘Jumlas’ about increasing their income&nbsp;&nbsp;inc.in', 'Karnataka to launch Price Deficiency Payment Scheme for mango farmers - Business Standard. Karnataka to launch Price Deficiency Payment Scheme for mango farmers&nbsp;&nbsp;Business Standard', 'Farmers and Agriculture Resolution - inc.in. Farmers and Agriculture Resolution&nbsp;&nbsp;inc.in', 'Press Note Details: Press Information Bureau - PIB. Press Note Details: Press Information Bureau&nbsp;&nbsp;PIB', 'Demand for Grants 2026-27 Analysis : Agriculture and Farmers Welfare - PRSIndia. Demand for Grants 2026-27 Analysis : Agriculture and Farmers Welfare&nbsp;&nbsp;PRSIndia', 'Karnataka Budget 2025-26: Focus on Agriculture, Infrastructure, and Welfare Schemes - The Hans India. Karnataka Budget 2025-26: Focus on Agriculture, Infrastructure, and Welfare Schemes&nbsp;&nbsp;The Hans India', 'Rural Distress: Farmers as Voters - The Hindu Centre. Rural Distress: Farmers as Voters&nbsp;&nbsp;The Hindu Centre', 'Demand for Grants 2020-21 Analysis : Agriculture and Farmers’ Welfare - PRSIndia. Demand for Grants 2020-21 Analysis : Agriculture and Farmers’ Welfare&nbsp;&nbsp;PRSIndia', 'Tamil Nadu farmers push for climate-resilient agriculture budget - The South First. Tamil Nadu farmers push for climate-resilient agriculture budget&nbsp;&nbsp;The South First', 'Karnataka Budget 2024: Top Highlights and Insights, CM Siddaramaiah Budget Key Takeaways - Deccan Herald. Karnataka Budget 2024: Top Highlights and Insights, CM Siddaramaiah Budget Key Takeaways&nbsp;&nbsp;Deccan Herald']","['inc.in', 'Business Standard', 'inc.in', 'PIB', 'PRSIndia', 'The Hans India', 'The Hindu Centre', 'PRSIndia', 'The South First', 'Deccan Herald']"
A28,To increase interest free soft loans to the farmers from Rs. 3 lakhs to 10 lakhs and with minimum interest of 3% upto Rs. 15 lakhs and to reimburse the differential interest by Government.,Agriculture and farming,"['MP to continue soft-loan scheme for farmers, augment beds in five tribal-dominated districts - The Hans India. MP to continue soft-loan scheme for farmers, augment beds in five tribal-dominated districts&nbsp;&nbsp;The Hans India', 'Suresh promises soft loans for dairy farming - The Hindu. Suresh promises soft loans for dairy farming&nbsp;&nbsp;The Hindu', 'No proposal for complete loan waiver for farmers: Sitharaman - The Hindu. No proposal for complete loan waiver for farmers: Sitharaman&nbsp;&nbsp;The Hindu', 'Farmers want farm loan delinked from CIBIL score - The Hindu. Farmers want farm loan delinked from CIBIL score&nbsp;&nbsp;The Hindu', 'Farmers want delinking of crop loan from CIBIL score - The Hindu. Farmers want delinking of crop loan from CIBIL score&nbsp;&nbsp;The Hindu', ""Yavatmal farmers get notices on loan dues as government 'defaults' - The Times of India. Yavatmal farmers get notices on loan dues as government 'defaults'&nbsp;&nbsp;The Times of India"", 'Bill proposes to free borrowers from repayment of loans to unregistered lenders - The Hindu. Bill proposes to free borrowers from repayment of loans to unregistered lenders&nbsp;&nbsp;The Hindu', 'NABARD refinance for short-term agricultural loan at subsidised interest rate has dropped by 58%: Cooperation Minister K.N. Rajanna - The Hindu. NABARD refinance for short-term agricultural loan at subsidised interest rate has dropped by 58%: Cooperation Minister K.N. Rajanna&nbsp;&nbsp;The Hindu', 'CM Jagan transfers ₹200 crore into farmers’ bank accounts - The Hindu. CM Jagan transfers ₹200 crore into farmers’ bank accounts&nbsp;&nbsp;The Hindu', 'Karnataka budget: Big boost for agriculture, Rs 12,650 crore for loan waiver - The Times of India. Karnataka budget: Big boost for agriculture, Rs 12,650 crore for loan waiver&nbsp;&nbsp;The Times of India']","['The Hans India', 'The Hindu', 'The Hindu', 'The Hindu', 'The Hindu', 'The Times of India', 'The Hindu', 'The Hindu', 'The Hindu', 'The Times of India']"
A29,To promote Agro based village industries run by rural women by investing Rs.200 crores.,Agriculture and farming,"['Deendayal Antyodaya Yojana- National Rural Livelihoods Mission - PIB. Deendayal Antyodaya Yojana- National Rural Livelihoods Mission&nbsp;&nbsp;PIB', 'Key Budget Announcements For Agri & Allied Sectors: What Does It Offer To Farmers? - RuralVoice. Key Budget Announcements For Agri & Allied Sectors: What Does It Offer To Farmers?&nbsp;&nbsp;RuralVoice', 'Karnataka government committed to fostering technology-driven agricultural growth, says Minister - The Hindu. Karnataka government committed to fostering technology-driven agricultural growth, says Minister&nbsp;&nbsp;The Hindu', 'Agriculture, Rural and Environment Scheme, List, Impact - Physics Wallah. Agriculture, Rural and Environment Scheme, List, Impact&nbsp;&nbsp;Physics Wallah', 'Press Note Details - PIB. Press Note Details&nbsp;&nbsp;PIB', ""Dairy Dream: Nandini's journey of rural revival - The Caravan. Dairy Dream: Nandini's journey of rural revival&nbsp;&nbsp;The Caravan"", 'PMEGP Scheme: A Complete Guide for Aspiring Entrepreneurs in India - Entrepreneur India. PMEGP Scheme: A Complete Guide for Aspiring Entrepreneurs in India&nbsp;&nbsp;Entrepreneur India', 'Gist of Economic Survey 2023-24 - Drishti IAS. Gist of Economic Survey 2023-24&nbsp;&nbsp;Drishti IAS', 'Top CSR Projects in Andhra Pradesh - The CSR Journal. Top CSR Projects in Andhra Pradesh&nbsp;&nbsp;The CSR Journal', 'FM Sitharaman inaugurates Farmers Training Centre in Karnataka under MPLADS - Business Standard. FM Sitharaman inaugurates Farmers Training Centre in Karnataka under MPLADS&nbsp;&nbsp;Business Standard']","['PIB', 'RuralVoice', 'The Hindu', 'Physics Wallah', 'PIB', 'The Caravan', 'Entrepreneur India', 'Drishti IAS', 'The CSR Journal', 'Business Standard']"
A30,To repeal the anti farmer laws enacted by BJP Government and to withdraw all politically motivated cases against farmers.,Agriculture and farming,"['Karnataka farmers’ organisation demands State to clarify its stance on withdrawing amendments to farm-related laws introduced by BJP - The Hindu. Karnataka farmers’ organisation demands State to clarify its stance on withdrawing amendments to farm-related laws introduced by BJP&nbsp;&nbsp;The Hindu', 'Karnataka Assembly Elections 2023 | Congress releases manifesto, promises to repeal ‘anti-people laws’ passed by BJP - The Hindu. Karnataka Assembly Elections 2023 | Congress releases manifesto, promises to repeal ‘anti-people laws’ passed by BJP&nbsp;&nbsp;The Hindu', 'Lakhs Hit the Streets, Farmers Parliament Adopts No Confidence Motion Against Govt - thecitizen.in. Lakhs Hit the Streets, Farmers Parliament Adopts No Confidence Motion Against Govt&nbsp;&nbsp;thecitizen.in', 'Karnataka HC scraps Siddaramaiah govt order to withdraw 43 criminal cases, says it’s illegal | India News - Hindustan Times. Karnataka HC scraps Siddaramaiah govt order to withdraw 43 criminal cases, says it’s illegal | India News&nbsp;&nbsp;Hindustan Times', 'Karnataka | State Cabinet decides to withdraw 43 criminal cases from prosecution process - The Hindu. Karnataka | State Cabinet decides to withdraw 43 criminal cases from prosecution process&nbsp;&nbsp;The Hindu', 'Karnataka High Court sets aside govt order withdrawing 43 cases including those related to Hubballi riots - The Indian Express. Karnataka High Court sets aside govt order withdrawing 43 cases including those related to Hubballi riots&nbsp;&nbsp;The Indian Express', 'Farmers accuse government of betrayal, threaten to stage protest - The Hindu. Farmers accuse government of betrayal, threaten to stage protest&nbsp;&nbsp;The Hindu', 'Karnataka govt tables bill to repeal amendments to APMC Act - The Times of India. Karnataka govt tables bill to repeal amendments to APMC Act&nbsp;&nbsp;The Times of India', 'BJP demands White Paper on status of implementation of promises for development of North Karnataka - The Hindu. BJP demands White Paper on status of implementation of promises for development of North Karnataka&nbsp;&nbsp;The Hindu', 'Priority to farmers in State Budget, says Karnataka Chief Minister Basavaraj Bommai - The Hindu. Priority to farmers in State Budget, says Karnataka Chief Minister Basavaraj Bommai&nbsp;&nbsp;The Hindu']","['The Hindu', 'The Hindu', 'thecitizen.in', 'Hindustan Times', 'The Hindu', 'The Indian Express', 'The Hindu', 'The Times of India', 'The Hindu', 'The Hindu']"
A31,Savayava Saradaara Yojane to promote Organic farming investing Rs.2500 crores in five years.,Agriculture and farming,[],[]
A32,"Anew development board ""Negila Tuditha"" with seed money of Rs.500 crores. to focus on landless agricultural labourers and tenant farmers.",Agriculture and farming,[],[]
A33,Jala Chethana Andolana - 100% subsidy to drip and sprinkler irrigation,Agriculture and farming,[],[]
A34,To reintroduce subsidy for installation of solar pump-sets with 75% of the cost as subsidy.,Agriculture and farming,"['80% subsidy for solar irrigation pump sets - The Hindu. 80% subsidy for solar irrigation pump sets&nbsp;&nbsp;The Hindu', 'Karnataka 2024 Budget Allots ₹11.74 Billion for Solar Pumps - Mercomindia.com. Karnataka 2024 Budget Allots ₹11.74 Billion for Solar Pumps&nbsp;&nbsp;Mercomindia.com', 'Set up 40,000 solar pump sets under KUSUM: Siddaramaiah - The Hindu. Set up 40,000 solar pump sets under KUSUM: Siddaramaiah&nbsp;&nbsp;The Hindu', 'Karnataka to promote renewable energy with new scheme, shift pump sets to solar power - The Hindu. Karnataka to promote renewable energy with new scheme, shift pump sets to solar power&nbsp;&nbsp;The Hindu', 'Karnataka budget 2026-27 allocates funds for BESS, solar and power subsidies - Power Peak Digest. Karnataka budget 2026-27 allocates funds for BESS, solar and power subsidies&nbsp;&nbsp;Power Peak Digest', 'Over 2,500 farmers near Mangaluru want to install solar-powered IP sets in MESCOM limits - The Hindu. Over 2,500 farmers near Mangaluru want to install solar-powered IP sets in MESCOM limits&nbsp;&nbsp;The Hindu', 'Solar Agri Bulletin: 2025 budget special edition - International Institute for Sustainable Development. Solar Agri Bulletin: 2025 budget special edition&nbsp;&nbsp;International Institute for Sustainable Development', 'Industry Groups Slam Karnataka C&I Power Tariff Hike to Fund Farm Subsidy - Mercomindia.com. Industry Groups Slam Karnataka C&I Power Tariff Hike to Fund Farm Subsidy&nbsp;&nbsp;Mercomindia.com', 'Karnataka Budget 2026 Targets 3 GW Solar, 2 GWh BESS - Saur Energy. Karnataka Budget 2026 Targets 3 GW Solar, 2 GWh BESS&nbsp;&nbsp;Saur Energy', 'Karnataka Launches ‘Mukhya Mantri Saura Krishi Yojane’ to Deploy 3 GW Solar Power Plants - Energetica India Magazine. Karnataka Launches ‘Mukhya Mantri Saura Krishi Yojane’ to Deploy 3 GW Solar Power Plants&nbsp;&nbsp;Energetica India Magazine']","['The Hindu', 'Mercomindia.com', 'The Hindu', 'The Hindu', 'Power Peak Digest', 'The Hindu', 'International Institute for Sustainable Development', 'Mercomindia.com', 'Saur Energy', 'Energetica India Magazine']"
A35,To form self-help group for rural agriculturist women and provide Rs.3 lakhs interest free revolving loan.,Agriculture and farming,"['Interest-free loans to the tune of ₹20,000 crore to women’s SHGs every year: Telangana Deputy CM Bhatti - The Hindu. Interest-free loans to the tune of ₹20,000 crore to women’s SHGs every year: Telangana Deputy CM Bhatti&nbsp;&nbsp;The Hindu', 'Rural livelihood loan scheme launched, to help 1L families - The Times of India. Rural livelihood loan scheme launched, to help 1L families&nbsp;&nbsp;The Times of India', '₹344 crore interest subsidy to be credited to SHGs by July 18 - The Hindu. ₹344 crore interest subsidy to be credited to SHGs by July 18&nbsp;&nbsp;The Hindu', 'Deendayal Antyodaya Yojana- National Rural Livelihoods Mission - PIB. Deendayal Antyodaya Yojana- National Rural Livelihoods Mission&nbsp;&nbsp;PIB', 'List of Women Empowerment Schemes in India 2026 - ClearTax. List of Women Empowerment Schemes in India 2026&nbsp;&nbsp;ClearTax', 'Telangana Budget 2025-26: ₹31,605 crore allocated for Panchayat Raj and Rural Development dept. - The Hindu. Telangana Budget 2025-26: ₹31,605 crore allocated for Panchayat Raj and Rural Development dept.&nbsp;&nbsp;The Hindu', 'Lakhpati Didi initiative: How women entrepreneurs are transforming Uttar Pradesh’s economy - The Times of India. Lakhpati Didi initiative: How women entrepreneurs are transforming Uttar Pradesh’s economy&nbsp;&nbsp;The Times of India', 'SKDRDP to get all necessary assistance from government - The Hindu. SKDRDP to get all necessary assistance from government&nbsp;&nbsp;The Hindu', ""'Bachelor Farmers Struggling To Find Matches': Memorandum Demands Perks For Women Marrying Farmers’ Sons In Karnataka - ETV Bharat. 'Bachelor Farmers Struggling To Find Matches': Memorandum Demands Perks For Women Marrying Farmers’ Sons In Karnataka&nbsp;&nbsp;ETV Bharat"", 'Karnataka Mango Farmers: PDPS Scheme to Launch in 2025-26 with Rs 101 Cr Allocation - Deccan Herald. Karnataka Mango Farmers: PDPS Scheme to Launch in 2025-26 with Rs 101 Cr Allocation&nbsp;&nbsp;Deccan Herald']","['The Hindu', 'The Times of India', 'The Hindu', 'PIB', 'ClearTax', 'The Hindu', 'The Times of India', 'The Hindu', 'ETV Bharat', 'Deccan Herald']"
A36,To create Prakruthi Vikopa Nidhi - a permanent fund - by creating an initial corpus fund of Rs.5000 crores.,Agriculture and farming,"['Congress promises action, including ban, on organisations spreading hatred in Karnataka manifesto - Telegraph India. Congress promises action, including ban, on organisations spreading hatred in Karnataka manifesto&nbsp;&nbsp;Telegraph India']",['Telegraph India']
A37,To offer reasonable compensation during drought and famine situations for the loss of agricultural produce. To postpone the recovery of distressed loans and waive complete interest,Agriculture and farming,"['Farmers protest over hike in crop loss compensation - The Times of India. Farmers protest over hike in crop loss compensation&nbsp;&nbsp;The Times of India', 'Drought relief: Karnataka govt to pay ₹3,000 each to small and marginal farming families | Bengaluru - Hindustan Times. Drought relief: Karnataka govt to pay ₹3,000 each to small and marginal farming families | Bengaluru&nbsp;&nbsp;Hindustan Times', 'Drought relief is our right, says Minister - The Hindu. Drought relief is our right, says Minister&nbsp;&nbsp;The Hindu', 'Karnataka govt to begin crediting ₹2,000 as partial drought relief to farmers - The Hindu. Karnataka govt to begin crediting ₹2,000 as partial drought relief to farmers&nbsp;&nbsp;The Hindu', 'Drought relief of ₹3,000 each to be given to 17.9 lakh farmers - The Hindu. Drought relief of ₹3,000 each to be given to 17.9 lakh farmers&nbsp;&nbsp;The Hindu', 'Centre, Karnataka should resolve issue related to drought aid: Supreme Court - The Hindu. Centre, Karnataka should resolve issue related to drought aid: Supreme Court&nbsp;&nbsp;The Hindu', 'Farmers and Agriculture Resolution - inc.in. Farmers and Agriculture Resolution&nbsp;&nbsp;inc.in', 'Karnataka Budget: Govt to waive interest on overdue loans of district cooperative banks - The Economic Times. Karnataka Budget: Govt to waive interest on overdue loans of district cooperative banks&nbsp;&nbsp;The Economic Times', 'Karnataka govt releases Rs 105 crore to help drought-hit farmers - The Times of India. Karnataka govt releases Rs 105 crore to help drought-hit farmers&nbsp;&nbsp;The Times of India', 'Karnataka CM meets PM, seeks ₹18,177.44 cr drought relief from Centre - The Hindu. Karnataka CM meets PM, seeks ₹18,177.44 cr drought relief from Centre&nbsp;&nbsp;The Hindu']","['The Times of India', 'Hindustan Times', 'The Hindu', 'The Hindu', 'The Hindu', 'The Hindu', 'inc.in', 'The Economic Times', 'The Times of India', 'The Hindu']"
A38,To provide possession certificates to the famers of Malnad.,Agriculture and farming,"['Karnataka BJP MLA seeks gun licenses for Malnad residents to curb rising robberies - The Hans India. Karnataka BJP MLA seeks gun licenses for Malnad residents to curb rising robberies&nbsp;&nbsp;The Hans India', 'Man with 18 antlers, 9 horns of Indian gaur, 10.4 kg sandalwood, gun without licence is let off - The Hindu. Man with 18 antlers, 9 horns of Indian gaur, 10.4 kg sandalwood, gun without licence is let off&nbsp;&nbsp;The Hindu']","['The Hans India', 'The Hindu']"
A39,To establish an Agriculture Price Commission in each revenue division.,Agriculture and farming,"['Karnataka constitutes Agri price panel - Business Standard. Karnataka constitutes Agri price panel&nbsp;&nbsp;Business Standard', 'Crop insurance, infra take the centre stage in PMK’s shadow agriculture budget - The Hindu. Crop insurance, infra take the centre stage in PMK’s shadow agriculture budget&nbsp;&nbsp;The Hindu', 'Farmers push for debt relief commission as rains wipe out crops across Karnataka - The Times of India. Farmers push for debt relief commission as rains wipe out crops across Karnataka&nbsp;&nbsp;The Times of India', 'Karnataka Budget 2025-26: Focus on Agriculture, Infrastructure, and Welfare Schemes - The Hans India. Karnataka Budget 2025-26: Focus on Agriculture, Infrastructure, and Welfare Schemes&nbsp;&nbsp;The Hans India', 'Karnataka Budget: State to miss revenue target by around ₹6,000 crore for 2024-25 - The Hindu. Karnataka Budget: State to miss revenue target by around ₹6,000 crore for 2024-25&nbsp;&nbsp;The Hindu', 'Parliament panel bats for legal guarantee of MSP for farmers - The Times of India. Parliament panel bats for legal guarantee of MSP for farmers&nbsp;&nbsp;The Times of India', '₹243.52 crore interim crop insurance relief released to 2.9 lakh farmers in Kalaburagi - The Hindu. ₹243.52 crore interim crop insurance relief released to 2.9 lakh farmers in Kalaburagi&nbsp;&nbsp;The Hindu', 'Karnataka CM Siddaramaiah presents his record 16th Budget, with an outlay of ₹4,09,549 crore - The South First. Karnataka CM Siddaramaiah presents his record 16th Budget, with an outlay of ₹4,09,549 crore&nbsp;&nbsp;The South First', 'Karnataka Mango Farmers: PDPS Scheme to Launch in 2025-26 with Rs 101 Cr Allocation - Deccan Herald. Karnataka Mango Farmers: PDPS Scheme to Launch in 2025-26 with Rs 101 Cr Allocation&nbsp;&nbsp;Deccan Herald', ""Farmers' suicide rate shoots up as agricultural crisis grips Karnataka - The Federal. Farmers' suicide rate shoots up as agricultural crisis grips Karnataka&nbsp;&nbsp;The Federal""]","['Business Standard', 'The Hindu', 'The Times of India', 'The Hans India', 'The Hindu', 'The Times of India', 'The Hindu', 'The South First', 'Deccan Herald', 'The Federal']"
A40,Toassist the grape growers by providing subsidies - allotment of Rs.500 Crore.,Horticulture,"['Govt will look into relief in power bills for grape growers: Ajit Pawar - The Times of India. Govt will look into relief in power bills for grape growers: Ajit Pawar&nbsp;&nbsp;The Times of India', 'Krishak Bandhu Scheme: Rs 500 crore disbursed to 37 lakh farmers in eight months - The Indian Express. Krishak Bandhu Scheme: Rs 500 crore disbursed to 37 lakh farmers in eight months&nbsp;&nbsp;The Indian Express', 'Karnataka sugarcane farmers call off protest after state, factories agree to pay Rs 100 per tonne subsidy - The Indian Express. Karnataka sugarcane farmers call off protest after state, factories agree to pay Rs 100 per tonne subsidy&nbsp;&nbsp;The Indian Express', 'Subsidy for small farmers to buy power tillers, weeding machines - The Times of India. Subsidy for small farmers to buy power tillers, weeding machines&nbsp;&nbsp;The Times of India', 'Karnataka budget: Big boost for agriculture, Rs 12,650 crore for loan waiver - The Times of India. Karnataka budget: Big boost for agriculture, Rs 12,650 crore for loan waiver&nbsp;&nbsp;The Times of India', 'Ceiling for interest-free loans to farmers increased from ₹3 lakh to ₹5 lakh - The Hindu. Ceiling for interest-free loans to farmers increased from ₹3 lakh to ₹5 lakh&nbsp;&nbsp;The Hindu', 'Centre, Karnataka govt to share price gap relief for mango farmers - The Indian Express. Centre, Karnataka govt to share price gap relief for mango farmers&nbsp;&nbsp;The Indian Express', 'PM’s Dhan-Dhaanya: Major agriculture initiative launched in Union Budget 2025 - The Indian Express. PM’s Dhan-Dhaanya: Major agriculture initiative launched in Union Budget 2025&nbsp;&nbsp;The Indian Express', 'Overview of Karnataka Budget 2023-24 - NammaKPSC. Overview of Karnataka Budget 2023-24&nbsp;&nbsp;NammaKPSC', 'Approval for procurement of Bengal Gram (Channa) under PSS in Karnataka - Global Agriculture. Approval for procurement of Bengal Gram (Channa) under PSS in Karnataka&nbsp;&nbsp;Global Agriculture']","['The Times of India', 'The Indian Express', 'The Indian Express', 'The Times of India', 'The Times of India', 'The Hindu', 'The Indian Express', 'The Indian Express', 'NammaKPSC', 'Global Agriculture']"
A41,"To provide special package for development of floriculture in Bengaluru, Ramanagara and Chikkaballapura by investing Rs.500 crores.",Horticulture,"['Karnataka Mango Farmers: PDPS Scheme to Launch in 2025-26 with Rs 101 Cr Allocation - Deccan Herald. Karnataka Mango Farmers: PDPS Scheme to Launch in 2025-26 with Rs 101 Cr Allocation&nbsp;&nbsp;Deccan Herald', 'Overview of Karnataka Budget 2023-24 - NammaKPSC. Overview of Karnataka Budget 2023-24&nbsp;&nbsp;NammaKPSC', 'Karnataka to launch Price Deficiency Payment Scheme for mango farmers - Business Standard. Karnataka to launch Price Deficiency Payment Scheme for mango farmers&nbsp;&nbsp;Business Standard']","['Deccan Herald', 'NammaKPSC', 'Business Standard']"
A42,To create a brand for Coffee in Karnataka.,Horticulture,"['₹25 crore sanctioned for setting up 2,500 women-run coffee kiosks in Karnataka: Minister - The Hindu. ₹25 crore sanctioned for setting up 2,500 women-run coffee kiosks in Karnataka: Minister&nbsp;&nbsp;The Hindu', 'Coffee Board to launch four premium varieties under the ‘India Coffee’ brand on Amazon - The Hindu. Coffee Board to launch four premium varieties under the ‘India Coffee’ brand on Amazon&nbsp;&nbsp;The Hindu', '10 Best Indian Coffee Brands for Coffee Lovers - Indian Retailer. 10 Best Indian Coffee Brands for Coffee Lovers&nbsp;&nbsp;Indian Retailer', ""Karnataka government announces 'Akka Cafe': All you need to know about the initiative - MSN. Karnataka government announces 'Akka Cafe': All you need to know about the initiative&nbsp;&nbsp;MSN"", ""Perfect brew! Amul-model, cooperative-led coffee revolution in Kerala's Wayanad gains global attention - The New Indian Express. Perfect brew! Amul-model, cooperative-led coffee revolution in Kerala's Wayanad gains global attention&nbsp;&nbsp;The New Indian Express"", 'Kalaloka store opens at Bengaluru airport to showcase Karnataka’s GI products - newskarnataka.com. Kalaloka store opens at Bengaluru airport to showcase Karnataka’s GI products&nbsp;&nbsp;newskarnataka.com', 'Retail India News: Swiss Coffee Giant Nespresso Launches Its First Indian Boutique in Delhi - Indian Retailer. Retail India News: Swiss Coffee Giant Nespresso Launches Its First Indian Boutique in Delhi&nbsp;&nbsp;Indian Retailer', 'Lords Hotels Launches Two Resorts in Karnataka - Indian Retailer. Lords Hotels Launches Two Resorts in Karnataka&nbsp;&nbsp;Indian Retailer', 'First time in Asia: Bengaluru to host 5th World Coffee meet - RuralVoice. First time in Asia: Bengaluru to host 5th World Coffee meet&nbsp;&nbsp;RuralVoice', 'Coffee Farmers’ meeting – call for forming Coffee Farmers’ Federation of India: ‘Coffee is our livelihood’ - Peoples Democracy. Coffee Farmers’ meeting – call for forming Coffee Farmers’ Federation of India: ‘Coffee is our livelihood’&nbsp;&nbsp;Peoples Democracy']","['The Hindu', 'The Hindu', 'Indian Retailer', 'MSN', 'The New Indian Express', 'newskarnataka.com', 'Indian Retailer', 'Indian Retailer', 'RuralVoice', 'Peoples Democracy']"
A44,To provide Rs 3 lakh interest-free loans to all silk yarn reelers,Sericulture,[],[]
A45,To implement Ksheera Kranthi - Mission 1.5 Crore litres of milk production per day.,Dairy Development and Animal Husbandry:,"['MP Heggade explains ksheera kranti success in Bidar to PM - The Times of India. MP Heggade explains ksheera kranti success in Bidar to PM&nbsp;&nbsp;The Times of India', 'Cong. promises investment of ₹1.5 lakh crore over five years to complete irrigation projects - The Hindu. Cong. promises investment of ₹1.5 lakh crore over five years to complete irrigation projects&nbsp;&nbsp;The Hindu', 'Congress promises better days for farmers in Karnataka manifesto - RuralVoice. Congress promises better days for farmers in Karnataka manifesto&nbsp;&nbsp;RuralVoice', 'Congress promises action, including ban, on organisations spreading hatred in Karnataka manifesto - Telegraph India. Congress promises action, including ban, on organisations spreading hatred in Karnataka manifesto&nbsp;&nbsp;Telegraph India', 'Karnataka: Congress releases manifesto, promises action against Bajrang Dal, PFI - Deccan Chronicle. Karnataka: Congress releases manifesto, promises action against Bajrang Dal, PFI&nbsp;&nbsp;Deccan Chronicle', 'Karnataka Assembly Elections 2023 | Congress releases manifesto, promises to repeal ‘anti-people laws’ passed by BJP - The Hindu. Karnataka Assembly Elections 2023 | Congress releases manifesto, promises to repeal ‘anti-people laws’ passed by BJP&nbsp;&nbsp;The Hindu']","['The Times of India', 'The Hindu', 'RuralVoice', 'Telegraph India', 'Deccan Chronicle', 'The Hindu']"
A46,Pashu Bhagya - To give loans upto Rs.3 lakhs at zero interest to dairy farmers to purchase superior Cow/Buffalo breed.,Dairy Development and Animal Husbandry:,"['Pashu Bhagya scheme announced - The Hindu. Pashu Bhagya scheme announced&nbsp;&nbsp;The Hindu', 'Pashu Bhagya to be rolled out in a month’s time - The Hindu. Pashu Bhagya to be rolled out in a month’s time&nbsp;&nbsp;The Hindu', 'Milch cattle, buffaloes to be covered under livestock insurance - The Hindu. Milch cattle, buffaloes to be covered under livestock insurance&nbsp;&nbsp;The Hindu', 'Despite growing climate risk, livestock insurance is out of women farmers’ reach - BehanBox. Despite growing climate risk, livestock insurance is out of women farmers’ reach&nbsp;&nbsp;BehanBox', 'Karnataka: CM Siddaramaiah Cabinet gives in-principle approval for party’s 5-Guarantees - The Statesman. Karnataka: CM Siddaramaiah Cabinet gives in-principle approval for party’s 5-Guarantees&nbsp;&nbsp;The Statesman', ""BJP netas meterless', can't get fund: Karnataka CM - Deccan Chronicle. BJP netas meterless', can't get fund: Karnataka CM&nbsp;&nbsp;Deccan Chronicle"", 'Karnataka Chief Minister Siddaramaiah to present his 16th budget in March - theweek.in. Karnataka Chief Minister Siddaramaiah to present his 16th budget in March&nbsp;&nbsp;theweek.in', 'Minister urges veterinary, animal and fisheries sciences graduates to participate in rural development - The Hindu. Minister urges veterinary, animal and fisheries sciences graduates to participate in rural development&nbsp;&nbsp;The Hindu', 'Karnataka CM Siddaramaiah implements 5 poll promises in first Cabinet meet - Country and Politics. Karnataka CM Siddaramaiah implements 5 poll promises in first Cabinet meet&nbsp;&nbsp;Country and Politics', 'Eradicating corruption entrenched in system is a major challenge: Karnataka Governor - The Hindu. Eradicating corruption entrenched in system is a major challenge: Karnataka Governor&nbsp;&nbsp;The Hindu']","['The Hindu', 'The Hindu', 'The Hindu', 'BehanBox', 'The Statesman', 'Deccan Chronicle', 'theweek.in', 'The Hindu', 'Country and Politics', 'The Hindu']"
A47,"To establish Kurigahi Samvardhana Nidhi - Rs 1,000 Crore fund for sheep rearing.",Dairy Development and Animal Husbandry:,[],[]
A48,Ksheeradhare — To increase the per litre milk subsidy for all dairy farmers from Rs.5 to Rs.7/-.,Dairy Development and Animal Husbandry:,"['Karnataka becomes 2nd largest milk producer in India: CM Siddaramaiah - The Times of India. Karnataka becomes 2nd largest milk producer in India: CM Siddaramaiah&nbsp;&nbsp;The Times of India', 'Karnataka Assembly elections: From BSY to Siddaramaiah, the land of milk and money - The Indian Express. Karnataka Assembly elections: From BSY to Siddaramaiah, the land of milk and money&nbsp;&nbsp;The Indian Express', ""Dairy Dream: Nandini's journey of rural revival - The Caravan. Dairy Dream: Nandini's journey of rural revival&nbsp;&nbsp;The Caravan"", ""Karnataka Election: Congress Manifesto Out, Farmer Welfare To Bajrang Dal 'Ban'-Highlights - Times Now. Karnataka Election: Congress Manifesto Out, Farmer Welfare To Bajrang Dal 'Ban'-Highlights&nbsp;&nbsp;Times Now""]","['The Times of India', 'The Indian Express', 'The Caravan', 'Times Now']"
A49,Ksheera Kranti Credit Cards — To provide all dairy farmers with Ksheera,Dairy Development and Animal Husbandry:,[],[]
A50,"Kranthi Credit Cards with a credit limit of Rs.50,000.",Dairy Development and Animal Husbandry:,[],[]
A43,"To create ""Sericulture Stability Revolving Fund"" with Rs.2000 Crores as initial deposit.",Sericulture,[],[]
A52,To purchase cow-dung @Rs.3/- per KG and establish compost/manure centers in villages involving rural women/Youth.,Dairy Development and Animal Husbandry:,"['Earn Rs 30,000 from 1 kg Cow Dung, Reveals Nano-scientist Dr Satya Prakash Verma - The Financial World. Earn Rs 30,000 from 1 kg Cow Dung, Reveals Nano-scientist Dr Satya Prakash Verma&nbsp;&nbsp;The Financial World', ""India's Petroleum Industry - PIB. India's Petroleum Industry&nbsp;&nbsp;PIB"", 'Pratapgarh farmer’s sandalwood and turmeric farm draws Bhutan attention - The Times of India. Pratapgarh farmer’s sandalwood and turmeric farm draws Bhutan attention&nbsp;&nbsp;The Times of India', 'Rs 62,000 Crore Freebies: Congress win might cost Karnataka this much every year - The Economic Times. Rs 62,000 Crore Freebies: Congress win might cost Karnataka this much every year&nbsp;&nbsp;The Economic Times', 'MYRADA assesses the impact of planting trees on bunds in Kamasamudram, Karnataka: A field study - India Water Portal. MYRADA assesses the impact of planting trees on bunds in Kamasamudram, Karnataka: A field study&nbsp;&nbsp;India Water Portal']","['The Financial World', 'PIB', 'The Times of India', 'The Economic Times', 'India Water Portal']"
A53,To provide interest-free loans to women to buy 2 cows or buffalos.,Dairy Development and Animal Husbandry:,"['Rs 1 lakh interest-free loan for cattle rearers in Rajasthan: No CIBIL score needed; know the step-by-step ... - Bhaskar English. Rs 1 lakh interest-free loan for cattle rearers in Rajasthan: No CIBIL score needed; know the step-by-step ...&nbsp;&nbsp;Bhaskar English', 'Despite growing climate risk, livestock insurance is out of women farmers’ reach - BehanBox. Despite growing climate risk, livestock insurance is out of women farmers’ reach&nbsp;&nbsp;BehanBox', 'Karnataka govt to waive interest on overdue loans of district cooperative banks: CM Siddaramaiah - Deccan Herald. Karnataka govt to waive interest on overdue loans of district cooperative banks: CM Siddaramaiah&nbsp;&nbsp;Deccan Herald', 'Karnataka Budget: Govt to waive interest on overdue loans of district cooperative banks - The Economic Times. Karnataka Budget: Govt to waive interest on overdue loans of district cooperative banks&nbsp;&nbsp;The Economic Times', 'Karnataka budget 2025: CM Siddaramaiah allocates Rs 42,018 crore for SC/ST welfare - The News Minute. Karnataka budget 2025: CM Siddaramaiah allocates Rs 42,018 crore for SC/ST welfare&nbsp;&nbsp;The News Minute', 'Exemption for agri land conversion for industries - The Times of India. Exemption for agri land conversion for industries&nbsp;&nbsp;The Times of India', ""Karnataka Polls: Old Pension Scheme, Ban On Bajrang Dal, Vow to Remove BJP's 'Unjust Laws' In Congress Mani - News18. Karnataka Polls: Old Pension Scheme, Ban On Bajrang Dal, Vow to Remove BJP's 'Unjust Laws' In Congress Mani&nbsp;&nbsp;News18"", 'Karnataka Budget 2026–27: What are the key announcements? - The South First. Karnataka Budget 2026–27: What are the key announcements?&nbsp;&nbsp;The South First']","['Bhaskar English', 'BehanBox', 'Deccan Herald', 'The Economic Times', 'The News Minute', 'The Times of India', 'News18', 'The South First']"
A54,"Matsyakranthi - to make projects to rise in five years Rs 12,000 Crore Blue",Fisheries - Blue Economy,"['Cong. promises investment of ₹1.5 lakh crore over five years to complete irrigation projects - The Hindu. Cong. promises investment of ₹1.5 lakh crore over five years to complete irrigation projects&nbsp;&nbsp;The Hindu', 'Karnataka: Congress releases manifesto, promises action against Bajrang Dal, PFI - Deccan Chronicle. Karnataka: Congress releases manifesto, promises action against Bajrang Dal, PFI&nbsp;&nbsp;Deccan Chronicle', 'Congress promises better days for farmers in Karnataka manifesto - RuralVoice. Congress promises better days for farmers in Karnataka manifesto&nbsp;&nbsp;RuralVoice']","['The Hindu', 'Deccan Chronicle', 'RuralVoice']"
A55,"""Matysa Sarvodaya Nidhi"" - To establish a Rs 5000 Crore fund to improve the fishing sector as a whole.",Fisheries - Blue Economy,[],[]
A56,To provide interest-free loans of up to Rs 3 lakhs to fisherwomen.,Fisheries - Blue Economy,"['Congress has failed to fulfil promises made by Rahul Gandhi to fishermen: D. Vedavyas Kamath - The Hindu. Congress has failed to fulfil promises made by Rahul Gandhi to fishermen: D. Vedavyas Kamath&nbsp;&nbsp;The Hindu', 'Silent on loan waiver, Chief Minister Siddaramaiah reintroduces Krishi Bhagya - The New Indian Express. Silent on loan waiver, Chief Minister Siddaramaiah reintroduces Krishi Bhagya&nbsp;&nbsp;The New Indian Express', 'Highlights Of Karnataka Budget 2023 - Oneindia. Highlights Of Karnataka Budget 2023&nbsp;&nbsp;Oneindia', 'Karnataka elections: Congress has made promises that can be implemented, says Rahul Gandhi - The Hindu. Karnataka elections: Congress has made promises that can be implemented, says Rahul Gandhi&nbsp;&nbsp;The Hindu', 'Over 1,000 acres in Uppuru, Yellur, Santhru villages inspected for building new industrial areas in Udupi district, says Laxmi Hebbalkar - The Hindu. Over 1,000 acres in Uppuru, Yellur, Santhru villages inspected for building new industrial areas in Udupi district, says Laxmi Hebbalkar&nbsp;&nbsp;The Hindu', 'Udupi: New industrial zones and women empowerment plans - Construction World. Udupi: New industrial zones and women empowerment plans&nbsp;&nbsp;Construction World', '₹100cr seafood park to be set up in Byndoor: Vaidya - The Times of India. ₹100cr seafood park to be set up in Byndoor: Vaidya&nbsp;&nbsp;The Times of India']","['The Hindu', 'The New Indian Express', 'Oneindia', 'The Hindu', 'The Hindu', 'Construction World', 'The Times of India']"
A57,Matsya Bhagya — To provide 500 litres of tax-free diesel every year for deep sea fishing.,Fisheries - Blue Economy,"['Karnataka budget: Joida to be turned into state’s first organic taluk, dam gates to be checked - Public TV English. Karnataka budget: Joida to be turned into state’s first organic taluk, dam gates to be checked&nbsp;&nbsp;Public TV English']",['Public TV English']
A51,Runamuktha Kurigahi Yojane: To waive the Loan upto Rs | lakh of all sheep and goat rearing farmers.,Dairy Development and Animal Husbandry:,[],[]
A59,Matsya Mahithi Kendra - To establish a state-of-the-art satellite mapping centre at UDUPI.,Fisheries - Blue Economy,[],[]
A58,"To provide financial assistance of Rs 10,000 to all the Nadadoni fishermen",Fisheries - Blue Economy,['Karnataka’s first ‘Boat Ambulance’ service launched at sea by Ullal fishermen - Daijiworld. Karnataka’s first ‘Boat Ambulance’ service launched at sea by Ullal fishermen&nbsp;&nbsp;Daijiworld'],['Daijiworld']
A61,"""Matsya Ashraya Yojane"" - Ensure Housing to all economically disadvantaged fishermen.",Fisheries - Blue Economy,"['Congress has failed to fulfil promises made by Rahul Gandhi to fishermen: D. Vedavyas Kamath - The Hindu. Congress has failed to fulfil promises made by Rahul Gandhi to fishermen: D. Vedavyas Kamath&nbsp;&nbsp;The Hindu', 'Marine subsidies are a mess, say small scale fishers of southern Karnataka - Mongabay-India. Marine subsidies are a mess, say small scale fishers of southern Karnataka&nbsp;&nbsp;Mongabay-India']","['The Hindu', 'Mongabay-India']"
A62,"Mathsya Asha Kirana Yojane-—To provide Rs 6,000 to all the marine fishermen as alean period allowance during the fishing holiday.",Fisheries - Blue Economy,[],[]
A63,To Spend Rs. 1.5 lakh crores for irrigation in the next 5 years (2023 to 2028).,IRRIGATION - JEEVAJALA,"['As it Happened: MLA Constituency development fund increased to Rs. 1.5 crore - The Hindu. As it Happened: MLA Constituency development fund increased to Rs. 1.5 crore&nbsp;&nbsp;The Hindu', 'Bhatkal to launch Rs 30 crore project to combat drinking water crisis - The Times of India. Bhatkal to launch Rs 30 crore project to combat drinking water crisis&nbsp;&nbsp;The Times of India', 'Mandya dist secured over Rs 10,000 crore for development work: Minister - The Times of India. Mandya dist secured over Rs 10,000 crore for development work: Minister&nbsp;&nbsp;The Times of India', 'Key highlights from 2025 Karnataka Budget: In charts - The Hindu. Key highlights from 2025 Karnataka Budget: In charts&nbsp;&nbsp;The Hindu', 'AP posts highest revenue deficit of Rs 43,488 cr in FY23 - The Times of India. AP posts highest revenue deficit of Rs 43,488 cr in FY23&nbsp;&nbsp;The Times of India', 'Harish demands govt clarify its stand on Musi project - The Times of India. Harish demands govt clarify its stand on Musi project&nbsp;&nbsp;The Times of India', ""BJP's Bommai criticizes Karnataka state budget, warns of economic downturn | Bengaluru - Hindustan Times. BJP's Bommai criticizes Karnataka state budget, warns of economic downturn | Bengaluru&nbsp;&nbsp;Hindustan Times"", '‘40% commission’ charge of Karnataka contractors’ body during BJP rule might not be 100% true: Panel - The Indian Express. ‘40% commission’ charge of Karnataka contractors’ body during BJP rule might not be 100% true: Panel&nbsp;&nbsp;The Indian Express', ""CM hands over more job letters, says BJP's focus is on regular appointments - The Times of India. CM hands over more job letters, says BJP's focus is on regular appointments&nbsp;&nbsp;The Times of India"", 'BRS MLA KTR criticises Congress government’s unfulfilled promises, questions stark contradictions in chie - The Times of India. BRS MLA KTR criticises Congress government’s unfulfilled promises, questions stark contradictions in chie&nbsp;&nbsp;The Times of India']","['The Hindu', 'The Times of India', 'The Times of India', 'The Hindu', 'The Times of India', 'The Times of India', 'Hindustan Times', 'The Indian Express', 'The Times of India', 'The Times of India']"
A64,To pursue— and complete them within five years and provide budgetary support,IRRIGATION - JEEVAJALA,"['Budget 2026-27 restores big funding for rural water and sanitation after steep cuts, but delivery gaps from last year persist - Down To Earth. Budget 2026-27 restores big funding for rural water and sanitation after steep cuts, but delivery gaps from last year persist&nbsp;&nbsp;Down To Earth', 'Budget allocation to be sought for ₹150 crore-Kabini project: GTD - The Hindu. Budget allocation to be sought for ₹150 crore-Kabini project: GTD&nbsp;&nbsp;The Hindu', 'Budget focuses on health infrastructure, irrigation, roads and tank filling in parts of Kalyana Karnataka - The Hindu. Budget focuses on health infrastructure, irrigation, roads and tank filling in parts of Kalyana Karnataka&nbsp;&nbsp;The Hindu', 'Budget 2025-26: Big jump in funding for Jal Jeevan Mission - India Water Portal. Budget 2025-26: Big jump in funding for Jal Jeevan Mission&nbsp;&nbsp;India Water Portal', 'Karnataka Budget: Mysuru gets healthcare, aerospace and tourism projects - The Hindu. Karnataka Budget: Mysuru gets healthcare, aerospace and tourism projects&nbsp;&nbsp;The Hindu', ""Karnataka State Budget: Kumaraswamy's maiden budget announces farm loan waiver, increase in tax on fuel - The Hindu. Karnataka State Budget: Kumaraswamy's maiden budget announces farm loan waiver, increase in tax on fuel&nbsp;&nbsp;The Hindu"", 'Karnataka Budget 2026: Infra, Energy and Other Sectors Where the Govt Will Spend ₹4.48 Lakh Cr - Trade Brains. Karnataka Budget 2026: Infra, Energy and Other Sectors Where the Govt Will Spend ₹4.48 Lakh Cr&nbsp;&nbsp;Trade Brains', ""Budget 2026: Full text of Nirmala Sitharaman's Union Budget speech here | India News - Hindustan Times. Budget 2026: Full text of Nirmala Sitharaman's Union Budget speech here | India News&nbsp;&nbsp;Hindustan Times"", 'A.P. govt. to release ₹1,500 crore to give a boost to village infrastructure - The Hindu. A.P. govt. to release ₹1,500 crore to give a boost to village infrastructure&nbsp;&nbsp;The Hindu', 'Karnataka budget 2026: Rural development- concerns over consequences of VB-G-RAM-G scheme implementation - Dailyhunt. Karnataka budget 2026: Rural development- concerns over consequences of VB-G-RAM-G scheme implementation&nbsp;&nbsp;Dailyhunt']","['Down To Earth', 'The Hindu', 'The Hindu', 'India Water Portal', 'The Hindu', 'The Hindu', 'Trade Brains', 'Hindustan Times', 'The Hindu', 'Dailyhunt']"
A65,". New Projects : Project Cost - Mekedatu -Rs. 9,000 Cr, Mahadayi -Rs. 3,000 Cr",IRRIGATION - JEEVAJALA,"['Karnataka will implement Mekedatu project: Bommai - The Hindu. Karnataka will implement Mekedatu project: Bommai&nbsp;&nbsp;The Hindu', 'DK Shivakumar assures completion of Mekedatu project within current term | Bengaluru - Hindustan Times. DK Shivakumar assures completion of Mekedatu project within current term | Bengaluru&nbsp;&nbsp;Hindustan Times', 'Mekedatu project to submerge 1,079 hectares of forestland in Mandya - The Hindu. Mekedatu project to submerge 1,079 hectares of forestland in Mandya&nbsp;&nbsp;The Hindu', 'Preparations underway to implement Mekedatu project: Karnataka deputy CM | Bengaluru - Hindustan Times. Preparations underway to implement Mekedatu project: Karnataka deputy CM | Bengaluru&nbsp;&nbsp;Hindustan Times', 'Congress launches padayatra seeking early implementation of Mekedatu project - The Hindu. Congress launches padayatra seeking early implementation of Mekedatu project&nbsp;&nbsp;The Hindu', 'Grant approvals for Mekedatu project soon, Karnataka DyCM Shivakumar urges Centre - The Indian Express. Grant approvals for Mekedatu project soon, Karnataka DyCM Shivakumar urges Centre&nbsp;&nbsp;The Indian Express', 'Karnataka forms technical team to expedite Mekedatu project - The Hindu. Karnataka forms technical team to expedite Mekedatu project&nbsp;&nbsp;The Hindu', 'Mekedatu dam project: a long-standing source of friction between Tamil Nadu and Karnataka - The Hindu. Mekedatu dam project: a long-standing source of friction between Tamil Nadu and Karnataka&nbsp;&nbsp;The Hindu', 'Karnataka forms team for rapid implementation of Mekedatu project - The Indian Express. Karnataka forms team for rapid implementation of Mekedatu project&nbsp;&nbsp;The Indian Express', 'Mekedatu project: After DMK’s manifesto opposing it, Deve Gowda asks all Karnataka parties to promise implementation - The Indian Express. Mekedatu project: After DMK’s manifesto opposing it, Deve Gowda asks all Karnataka parties to promise implementation&nbsp;&nbsp;The Indian Express']","['The Hindu', 'Hindustan Times', 'The Hindu', 'Hindustan Times', 'The Hindu', 'The Indian Express', 'The Hindu', 'The Hindu', 'The Indian Express', 'The Indian Express']"
A60,To arrange dredging at the points of anchorages in the jetties/ports or places where the fishing boats are being anchored.,Fisheries - Blue Economy,"['Coastal legislators seek higher budget allocation for integrated development - The Hans India. Coastal legislators seek higher budget allocation for integrated development&nbsp;&nbsp;The Hans India', 'Coastal MLAs seek integrated development, higher budget allocation - Mangalore Today. Coastal MLAs seek integrated development, higher budget allocation&nbsp;&nbsp;Mangalore Today', 'Karnataka Budget 2026: Ask, and it shall be given - The New Indian Express. Karnataka Budget 2026: Ask, and it shall be given&nbsp;&nbsp;The New Indian Express']","['The Hans India', 'Mangalore Today', 'The New Indian Express']"
A66,". Existing projects : Upper Bhadra, Upper Krishna , Yethinahole and Varahi",IRRIGATION - JEEVAJALA,"['Karnataka petitions Centre again on pending approvals and funds for Yettinahole, Kalasa-Banduri, Upper Bhadra projects - The Hindu. Karnataka petitions Centre again on pending approvals and funds for Yettinahole, Kalasa-Banduri, Upper Bhadra projects&nbsp;&nbsp;The Hindu', 'Congress neglected Upper Bhadra Project since 1960s: Bommai - The Hindu. Congress neglected Upper Bhadra Project since 1960s: Bommai&nbsp;&nbsp;The Hindu', 'Chief Minister promises additional grants for Phase III of Upper Krishna Project - The Hindu. Chief Minister promises additional grants for Phase III of Upper Krishna Project&nbsp;&nbsp;The Hindu', 'Budget 2023 | FM Sitharaman announces ₹5300 crore grant for Upper Bhadra Irrigation Project in poll-bound Karnataka - The Hindu. Budget 2023 | FM Sitharaman announces ₹5300 crore grant for Upper Bhadra Irrigation Project in poll-bound Karnataka&nbsp;&nbsp;The Hindu', 'Karnataka: Upper Bhadra is close to being declared national project, says Minister Govind Karjol - The Times of India. Karnataka: Upper Bhadra is close to being declared national project, says Minister Govind Karjol&nbsp;&nbsp;The Times of India', 'Karnataka threatens to move SC over delay in central funds for Upper Bhadra project - The Times of India. Karnataka threatens to move SC over delay in central funds for Upper Bhadra project&nbsp;&nbsp;The Times of India', '60% work on Varahi project completed, says Sorake - The Hindu. 60% work on Varahi project completed, says Sorake&nbsp;&nbsp;The Hindu', 'Karnataka mulls over moving SC for funds denial by Centre to Upper Bhandra project - The Hindu. Karnataka mulls over moving SC for funds denial by Centre to Upper Bhandra project&nbsp;&nbsp;The Hindu', 'Varahi project: MLC demands meeting of experts - The Times of India. Varahi project: MLC demands meeting of experts&nbsp;&nbsp;The Times of India', 'Land acquisition pending to complete Varahi drinking water project, says Udupi MLA - The Hindu. Land acquisition pending to complete Varahi drinking water project, says Udupi MLA&nbsp;&nbsp;The Hindu']","['The Hindu', 'The Hindu', 'The Hindu', 'The Hindu', 'The Times of India', 'The Times of India', 'The Hindu', 'The Hindu', 'The Times of India', 'The Hindu']"
A68,Action willbe taken to obtain necessary clearances from the Union Government,IRRIGATION - JEEVAJALA,"['Karnataka govt did not seek Union ministry’s clearance for tree park at Jarakabande Kaval, reveals RTI - The Indian Express. Karnataka govt did not seek Union ministry’s clearance for tree park at Jarakabande Kaval, reveals RTI&nbsp;&nbsp;The Indian Express', 'Karnataka delegation meets Jal Shakti Minister seeking clearances for pending projects - The Hindu. Karnataka delegation meets Jal Shakti Minister seeking clearances for pending projects&nbsp;&nbsp;The Hindu', 'Inaction by Union government stalling irrigation projects, says CM - The Hindu. Inaction by Union government stalling irrigation projects, says CM&nbsp;&nbsp;The Hindu', 'Fact-finding report asks Karnataka govt. to revoke environmental clearance to Honnavar port project - The Hindu. Fact-finding report asks Karnataka govt. to revoke environmental clearance to Honnavar port project&nbsp;&nbsp;The Hindu', 'Priyank Kharge on clearance ‘denial’ for US travel: Will seek clear explanation from Centre - The Hindu. Priyank Kharge on clearance ‘denial’ for US travel: Will seek clear explanation from Centre&nbsp;&nbsp;The Hindu', 'Union government’s reforms fuel rise of Karnataka as leader in per capita income - Organiser. Union government’s reforms fuel rise of Karnataka as leader in per capita income&nbsp;&nbsp;Organiser', 'NWKRTC to get 450 e-buses soon, as proposal gets govt. clearance - The Hindu. NWKRTC to get 450 e-buses soon, as proposal gets govt. clearance&nbsp;&nbsp;The Hindu', 'Domestic workers’ union urges Karnataka govt. to revise draft welfare Bill - The Hindu. Domestic workers’ union urges Karnataka govt. to revise draft welfare Bill&nbsp;&nbsp;The Hindu', 'Union Budget 2026-27, Highlights and Economic Impact - IBEF. Union Budget 2026-27, Highlights and Economic Impact&nbsp;&nbsp;IBEF', 'Ahead of Union Budget, Karnataka raises concerns over fiscal devolution - The News Minute. Ahead of Union Budget, Karnataka raises concerns over fiscal devolution&nbsp;&nbsp;The News Minute']","['The Indian Express', 'The Hindu', 'The Hindu', 'The Hindu', 'The Hindu', 'Organiser', 'The Hindu', 'The Hindu', 'IBEF', 'The News Minute']"
A67,"BJP has failed to implement Mahadayi project denying 3.9 TMC of clean drinking water to over 50 lakh residents living across Belagavi, Hubli-Dharwaddistricts.",IRRIGATION - JEEVAJALA,"['KRRS-Hasiru Sene seeks removal of Water Resources Minister for not heeding pleas to implement Mahadayi project - The Hindu. KRRS-Hasiru Sene seeks removal of Water Resources Minister for not heeding pleas to implement Mahadayi project&nbsp;&nbsp;The Hindu', ""SC allows Karnataka's plea for implementation of Mahadayi Water Dispute tribunal's final award - The New Indian Express. SC allows Karnataka's plea for implementation of Mahadayi Water Dispute tribunal's final award&nbsp;&nbsp;The New Indian Express"", 'Outrage in Karnataka after Goa chief minister says Centre won’t approve Mahadayi project - The Times of India. Outrage in Karnataka after Goa chief minister says Centre won’t approve Mahadayi project&nbsp;&nbsp;The Times of India', 'Goa CM’s statement on Mahadayi project is shocking, says H.K. Patil - The Hindu. Goa CM’s statement on Mahadayi project is shocking, says H.K. Patil&nbsp;&nbsp;The Hindu', 'Protest rally against Mahadayi basin projects in Belagavi on June 3 - The Hindu. Protest rally against Mahadayi basin projects in Belagavi on June 3&nbsp;&nbsp;The Hindu', 'Mahadayi water project: Fund and approvals a matter of concern despite Budget bonanza - The Hindu. Mahadayi water project: Fund and approvals a matter of concern despite Budget bonanza&nbsp;&nbsp;The Hindu', 'D.K. Shivakumar asserts that Karnataka will go ahead with Mahadayi project - The Hindu. D.K. Shivakumar asserts that Karnataka will go ahead with Mahadayi project&nbsp;&nbsp;The Hindu', 'State takes decisive step towards Mahadayi project - The Hans India. State takes decisive step towards Mahadayi project&nbsp;&nbsp;The Hans India', 'Karnataka to take delegation to Union government over Mahadayi basin projects - The Hindu. Karnataka to take delegation to Union government over Mahadayi basin projects&nbsp;&nbsp;The Hindu', 'National Board for Wildlife defers decision on Kalasa-Banduri project in Mahadayi basin - The Hindu. National Board for Wildlife defers decision on Kalasa-Banduri project in Mahadayi basin&nbsp;&nbsp;The Hindu']","['The Hindu', 'The New Indian Express', 'The Times of India', 'The Hindu', 'The Hindu', 'The Hindu', 'The Hindu', 'The Hans India', 'The Hindu', 'The Hindu']"
A69,100% of the Mahadayi water allocated to Karnataka will be utilised,IRRIGATION - JEEVAJALA,"['Karnataka gets 13.5tmcft of Mahadayi water - The Times of India. Karnataka gets 13.5tmcft of Mahadayi water&nbsp;&nbsp;The Times of India', 'Mahadayi water battle ends: Goa says victory as it gets 24 TMC, Karnataka farmers happy with 13.4 - The Indian Express. Mahadayi water battle ends: Goa says victory as it gets 24 TMC, Karnataka farmers happy with 13.4&nbsp;&nbsp;The Indian Express', 'Mahadayi water sharing row between Goa, Karnataka: What is the issue, why it has flared up - The Indian Express. Mahadayi water sharing row between Goa, Karnataka: What is the issue, why it has flared up&nbsp;&nbsp;The Indian Express', 'CWC accepts DPRs of much-awaited Kalasa-Bhanduri drinking water scheme in Karnataka - The Hindu. CWC accepts DPRs of much-awaited Kalasa-Bhanduri drinking water scheme in Karnataka&nbsp;&nbsp;The Hindu', 'Supreme Court lets Karnataka implement Mahadayi order - Mint. Supreme Court lets Karnataka implement Mahadayi order&nbsp;&nbsp;Mint', 'Mahadayi water project: Fund and approvals a matter of concern despite Budget bonanza - The Hindu. Mahadayi water project: Fund and approvals a matter of concern despite Budget bonanza&nbsp;&nbsp;The Hindu', 'Outrage in Karnataka after Goa chief minister says Centre won’t approve Mahadayi project - The Times of India. Outrage in Karnataka after Goa chief minister says Centre won’t approve Mahadayi project&nbsp;&nbsp;The Times of India', 'Goa & Karnataka at loggerheads again over Kalasa-Banduri project as central body inspects Mahadayi basin - Down To Earth. Goa & Karnataka at loggerheads again over Kalasa-Banduri project as central body inspects Mahadayi basin&nbsp;&nbsp;Down To Earth', 'Mahadayi river water dispute receives final award - India Water Portal. Mahadayi river water dispute receives final award&nbsp;&nbsp;India Water Portal', 'KRRS-Hasiru Sene seeks removal of Water Resources Minister for not heeding pleas to implement Mahadayi project - The Hindu. KRRS-Hasiru Sene seeks removal of Water Resources Minister for not heeding pleas to implement Mahadayi project&nbsp;&nbsp;The Hindu']","['The Times of India', 'The Indian Express', 'The Indian Express', 'The Hindu', 'Mint', 'The Hindu', 'The Times of India', 'Down To Earth', 'India Water Portal', 'The Hindu']"
A70,Rs 500 crore will be allocated in the first cabinet meeting,IRRIGATION - JEEVAJALA,"[""Rs 12,650 crore: Karnataka cabinet approves Bengaluru's first tunnel road project - The Times of India. Rs 12,650 crore: Karnataka cabinet approves Bengaluru's first tunnel road project&nbsp;&nbsp;The Times of India"", 'Cabinet approves Rs 2.5k-crore upgrade for govt schools - The Times of India. Cabinet approves Rs 2.5k-crore upgrade for govt schools&nbsp;&nbsp;The Times of India', 'Krishak Bandhu Scheme: Rs 500 crore disbursed to 37 lakh farmers in eight months - The Indian Express. Krishak Bandhu Scheme: Rs 500 crore disbursed to 37 lakh farmers in eight months&nbsp;&nbsp;The Indian Express', 'Karnataka govt approves Rs 18 crore allocation for preparing plan to upgrade 800 govt schools with Rs 3,200 crore outlay - The Indian Express. Karnataka govt approves Rs 18 crore allocation for preparing plan to upgrade 800 govt schools with Rs 3,200 crore outlay&nbsp;&nbsp;The Indian Express', 'Delhi CM announces INR 100 crore for new schools, 500 crore plan for education hub in FY26 budget - The Times of India. Delhi CM announces INR 100 crore for new schools, 500 crore plan for education hub in FY26 budget&nbsp;&nbsp;The Times of India', '₹500 crore for suburban rail, 41 km of metro line to be operational in 2026-27, says Chief Minister - The Hindu. ₹500 crore for suburban rail, 41 km of metro line to be operational in 2026-27, says Chief Minister&nbsp;&nbsp;The Hindu', 'NGT asks Karnataka to shell out Rs 500 crore for lake clean-up - The Times of India. NGT asks Karnataka to shell out Rs 500 crore for lake clean-up&nbsp;&nbsp;The Times of India', 'Karnataka needs Rs 10 lakh crore by 2030 to meet development goals - The Times of India. Karnataka needs Rs 10 lakh crore by 2030 to meet development goals&nbsp;&nbsp;The Times of India', 'Karnataka budget 2023-24: Govt allocates Rs 90,000 crore for women and child welfare - The Times of India. Karnataka budget 2023-24: Govt allocates Rs 90,000 crore for women and child welfare&nbsp;&nbsp;The Times of India', 'Karnataka Cabinet meeting: Siddaramaiah govt to implement all 5 guarantees this year - The Times of India. Karnataka Cabinet meeting: Siddaramaiah govt to implement all 5 guarantees this year&nbsp;&nbsp;The Times of India']","['The Times of India', 'The Times of India', 'The Indian Express', 'The Indian Express', 'The Times of India', 'The Hindu', 'The Times of India', 'The Times of India', 'The Times of India', 'The Times of India']"
A71,All the components of Mahadayi river diversion projects shall be completed in the next 5 years with a total outlay of Rs 3000 Cr,IRRIGATION - JEEVAJALA,"['Report on Mahadayi cautions river diversion can dry up North Karnataka - The Hindu. Report on Mahadayi cautions river diversion can dry up North Karnataka&nbsp;&nbsp;The Hindu', 'Karnataka’s plan for diverting Mahadayi river water won’t have much impact on Goa: NIO hydrologists | India News - Hindustan Times. Karnataka’s plan for diverting Mahadayi river water won’t have much impact on Goa: NIO hydrologists | India News&nbsp;&nbsp;Hindustan Times', 'National Board for Wildlife defers decision on Kalasa-Banduri project in Mahadayi basin - The Hindu. National Board for Wildlife defers decision on Kalasa-Banduri project in Mahadayi basin&nbsp;&nbsp;The Hindu', 'Greens, religious leaders oppose land acquisition for Bandura Nala project in Mahadayi River basin - The Times of India. Greens, religious leaders oppose land acquisition for Bandura Nala project in Mahadayi River basin&nbsp;&nbsp;The Times of India', 'Protest against Mahadayi project in Goa - The Hindu. Protest against Mahadayi project in Goa&nbsp;&nbsp;The Hindu', 'Outrage in Karnataka after Goa chief minister says Centre won’t approve Mahadayi project - The Times of India. Outrage in Karnataka after Goa chief minister says Centre won’t approve Mahadayi project&nbsp;&nbsp;The Times of India', 'Mahadayi Water Disputes Tribunal: Trouble brewing in Paradise - South Asia Network on Dams, Rivers and People. Mahadayi Water Disputes Tribunal: Trouble brewing in Paradise&nbsp;&nbsp;South Asia Network on Dams, Rivers and People', 'Mahadayi River, Origin, Dispute, Length, Latest News - Vajiram & Ravi. Mahadayi River, Origin, Dispute, Length, Latest News&nbsp;&nbsp;Vajiram & Ravi', 'Karnataka CM Siddaramaiah writes to PM Modi seeking early clearance from National Board for Wildlife for Kalasa-Banduri Nala Diversion Project - The Hindu. Karnataka CM Siddaramaiah writes to PM Modi seeking early clearance from National Board for Wildlife for Kalasa-Banduri Nala Diversion Project&nbsp;&nbsp;The Hindu', ""Mahadayi: A dispute that's been on course since 2002 - The Times of India. Mahadayi: A dispute that's been on course since 2002&nbsp;&nbsp;The Times of India""]","['The Hindu', 'Hindustan Times', 'The Hindu', 'The Times of India', 'The Hindu', 'The Times of India', 'South Asia Network on Dams, Rivers and People', 'Vajiram & Ravi', 'The Hindu', 'The Times of India']"
A72,"Priority will be given to drinking water, agriculture, and then to electricity generation",IRRIGATION - JEEVAJALA,"['AMRUT 2.0 drinking water project to be implemented in seven Yadgir towns - The Hindu. AMRUT 2.0 drinking water project to be implemented in seven Yadgir towns&nbsp;&nbsp;The Hindu', 'Karnataka expects tap water supply in every rural home by 2023 after Rs 5,008-crore grant from Centre - The Indian Express. Karnataka expects tap water supply in every rural home by 2023 after Rs 5,008-crore grant from Centre&nbsp;&nbsp;The Indian Express', 'Residents of Jat, Maharashtra, seek faster completion of drinking water, irrigation projects - The Hindu. Residents of Jat, Maharashtra, seek faster completion of drinking water, irrigation projects&nbsp;&nbsp;The Hindu', 'Andhra Pradesh govt launches comprehensive drinking water scheme in Gurazala constituency - The Times of India. Andhra Pradesh govt launches comprehensive drinking water scheme in Gurazala constituency&nbsp;&nbsp;The Times of India', 'Bengaluru’s drinking water crisis is due to delay in Mekedatu project clearance, Karnataka writes to Jal Shakti Minister C R Paatil - The Indian Express. Bengaluru’s drinking water crisis is due to delay in Mekedatu project clearance, Karnataka writes to Jal Shakti Minister C R Paatil&nbsp;&nbsp;The Indian Express', 'Withdraw order posting executive engineer to rural drinking water supply department in Raichur, State govt. urged - The Hindu. Withdraw order posting executive engineer to rural drinking water supply department in Raichur, State govt. urged&nbsp;&nbsp;The Hindu', 'Dhami government to launch ‘Jalsakhi’ for rural drinking water supply after ‘Lakhpati Didi’, another game - The Times of India. Dhami government to launch ‘Jalsakhi’ for rural drinking water supply after ‘Lakhpati Didi’, another game&nbsp;&nbsp;The Times of India', 'TN Agriculture Budget: Allocation rises marginally for 2022-23 - The Hindu. TN Agriculture Budget: Allocation rises marginally for 2022-23&nbsp;&nbsp;The Hindu', 'Karnataka government announces Cauvery Stage VI project to cater to water demand of Bengaluru - The Hindu. Karnataka government announces Cauvery Stage VI project to cater to water demand of Bengaluru&nbsp;&nbsp;The Hindu', 'Davanagere villages get 24X7 drinking water supply under Jal Jeevan Mission - The Times of India. Davanagere villages get 24X7 drinking water supply under Jal Jeevan Mission&nbsp;&nbsp;The Times of India']","['The Hindu', 'The Indian Express', 'The Hindu', 'The Times of India', 'The Indian Express', 'The Hindu', 'The Times of India', 'The Hindu', 'The Hindu', 'The Times of India']"
A73,Congress will ensure responsible and secure rehabilitation of project affected families,IRRIGATION - JEEVAJALA,"['Andhra Pradesh Lokayukta ensures compensation and rehabilitation for polavaram project displaced families - The Times of India. Andhra Pradesh Lokayukta ensures compensation and rehabilitation for polavaram project displaced families&nbsp;&nbsp;The Times of India', 'Government formulates rehabilitation and resettlement package for families who will be displaced by the project - The Hindu. Government formulates rehabilitation and resettlement package for families who will be displaced by the project&nbsp;&nbsp;The Hindu', 'Polavaram project: Adivasi Mahasabha demands immediate rehabilitation for displaced families - The Hindu. Polavaram project: Adivasi Mahasabha demands immediate rehabilitation for displaced families&nbsp;&nbsp;The Hindu', 'APCC constitutes committee to study Polavaram project, rehabilitation issues - The Hindu. APCC constitutes committee to study Polavaram project, rehabilitation issues&nbsp;&nbsp;The Hindu', 'Govt. considering cash compensation instead of rehabilitation for UKP-III oustees: D.K. Shivakumar - The Hindu. Govt. considering cash compensation instead of rehabilitation for UKP-III oustees: D.K. Shivakumar&nbsp;&nbsp;The Hindu', 'Wildlife conservationist proposes ‘Project Displaced Persons’ Certificates’ to ease pressure on Karnataka forests - The Indian Express. Wildlife conservationist proposes ‘Project Displaced Persons’ Certificates’ to ease pressure on Karnataka forests&nbsp;&nbsp;The Indian Express', 'Karnataka Chief Minister says Kerala yet to respond to his offer for housing project for Wayanad landslide victims - The Hindu. Karnataka Chief Minister says Kerala yet to respond to his offer for housing project for Wayanad landslide victims&nbsp;&nbsp;The Hindu', 'Wayanad rehabilitation: Kerala Cabinet nod for townships on Elstone, Nedumpala estates; Uralungal to carry out constructions - The Hindu. Wayanad rehabilitation: Kerala Cabinet nod for townships on Elstone, Nedumpala estates; Uralungal to carry out constructions&nbsp;&nbsp;The Hindu', 'Telangana CM dares BRS and BJP leaders to stay in houses on Musi riverbed to prove claims against rejuvenation project - The Hindu. Telangana CM dares BRS and BJP leaders to stay in houses on Musi riverbed to prove claims against rejuvenation project&nbsp;&nbsp;The Hindu', ""'Such actions ... ': Congress flags Karnataka government's demolition drive; calls it 'serious concern' - The Times of India. 'Such actions ... ': Congress flags Karnataka government's demolition drive; calls it 'serious concern'&nbsp;&nbsp;The Times of India""]","['The Times of India', 'The Hindu', 'The Hindu', 'The Hindu', 'The Hindu', 'The Indian Express', 'The Hindu', 'The Hindu', 'The Hindu', 'The Times of India']"
A74,Congress will adopt latest state-of-the-art technology for the construction of Kalasa and Banduri dams to undertake desilting of Thungabadra Dam on priority to ensure the 200 TMC of storage is not lost and additional area of agricultural area is brought under irrigation,IRRIGATION - JEEVAJALA,['Karnataka faces hydra-headed problem in fight for water - The New Indian Express. Karnataka faces hydra-headed problem in fight for water&nbsp;&nbsp;The New Indian Express'],['The New Indian Express']
A76,To Establish a Gold and Diamond Park of International Standard in Mangaluru ina secure zone with all amenities to attract tourism and trade on par with Dubai.,Industry and Commerce,"['Malabar Gold & Diamonds launches grand bridal jewellery show in Mangaluru - Daijiworld. Malabar Gold & Diamonds launches grand bridal jewellery show in Mangaluru&nbsp;&nbsp;Daijiworld', 'Congress promises action, including ban, on organisations spreading hatred in Karnataka manifesto - Telegraph India. Congress promises action, including ban, on organisations spreading hatred in Karnataka manifesto&nbsp;&nbsp;Telegraph India']","['Daijiworld', 'Telegraph India']"
A77,To develop the industrial infrastructure in the border areas of the state Talaped (Kerala) Nippani (Maharastra) Bidar (Maharastara / Telangana) Sarjapura (Tamilnadu) and Srinivasapura (Andrapradesh) established Border Industrial Development Board with the investment of rs. 5000 Crs in five years.,Industry and Commerce,"['KSSIDC to set up more industrial estates - The Hindu. KSSIDC to set up more industrial estates&nbsp;&nbsp;The Hindu', 'Peenya Industrial Area notified as special investment region; industry bodies laud move - The Hindu. Peenya Industrial Area notified as special investment region; industry bodies laud move&nbsp;&nbsp;The Hindu', 'KDA urges govt. to implement 5% education quota for Kannadigas in border regions and outside State - The Hindu. KDA urges govt. to implement 5% education quota for Kannadigas in border regions and outside State&nbsp;&nbsp;The Hindu', ""Peenya, South Asia's Largest Industrial Cluster, Cries For Urgent Govt Attention - ETV Bharat. Peenya, South Asia's Largest Industrial Cluster, Cries For Urgent Govt Attention&nbsp;&nbsp;ETV Bharat"", 'Karnataka Global Investor Meet 2025 and Industrial Policy 2025-30 - India Briefing. Karnataka Global Investor Meet 2025 and Industrial Policy 2025-30&nbsp;&nbsp;India Briefing', 'Uttarakhand Tourism, Economy, Agriculture, and Industries Insights - IBEF. Uttarakhand Tourism, Economy, Agriculture, and Industries Insights&nbsp;&nbsp;IBEF', 'Industry bats for cheaper undeveloped land, not direct allotment scheme - The Times of India. Industry bats for cheaper undeveloped land, not direct allotment scheme&nbsp;&nbsp;The Times of India', 'Several scams have taken place through Eknath Shinde, claims Aaditya Thackeray - The Economic Times. Several scams have taken place through Eknath Shinde, claims Aaditya Thackeray&nbsp;&nbsp;The Economic Times', 'Gujarat Economy, GDP, Tourism, Industries & Agriculture Insights - IBEF. Gujarat Economy, GDP, Tourism, Industries & Agriculture Insights&nbsp;&nbsp;IBEF', '23.02.2026: Governor Acharya Devvrat Addresses First Session of 2026 - rajbhavan-maharashtra.gov.in. 23.02.2026: Governor Acharya Devvrat Addresses First Session of 2026&nbsp;&nbsp;rajbhavan-maharashtra.gov.in']","['The Hindu', 'The Hindu', 'The Hindu', 'ETV Bharat', 'India Briefing', 'IBEF', 'The Times of India', 'The Economic Times', 'IBEF', 'rajbhavan-maharashtra.gov.in']"
A78,To provide start-up fund of Rs. 10 crores to each constituency.,Industry and Commerce,"['As it Happened: MLA Constituency development fund increased to Rs. 1.5 crore - The Hindu. As it Happened: MLA Constituency development fund increased to Rs. 1.5 crore&nbsp;&nbsp;The Hindu', 'Each MLA in Karnataka to get ₹50 crore for developmental work in their constituency: Report | Bengaluru - Hindustan Times. Each MLA in Karnataka to get ₹50 crore for developmental work in their constituency: Report | Bengaluru&nbsp;&nbsp;Hindustan Times', 'Karnataka CM Siddaramaiah launches projects worth ₹1,107 crore for Varuna constituency - The Hindu. Karnataka CM Siddaramaiah launches projects worth ₹1,107 crore for Varuna constituency&nbsp;&nbsp;The Hindu', 'Increase funds under MPLADS to ₹10 crore: Stalin - The Hindu. Increase funds under MPLADS to ₹10 crore: Stalin&nbsp;&nbsp;The Hindu', 'Lok Sabha MPs:Full MPLADS funds spent in only 35 of 543 constituencies | Chennai News - The Times of India. Lok Sabha MPs:Full MPLADS funds spent in only 35 of 543 constituencies | Chennai News&nbsp;&nbsp;The Times of India', 'Govt Raises MLA LAD Fund To 15cr A Year - The Times of India. Govt Raises MLA LAD Fund To 15cr A Year&nbsp;&nbsp;The Times of India', 'Gujarat MPs spent just 4.2% of local area development funds: Report - The Times of India. Gujarat MPs spent just 4.2% of local area development funds: Report&nbsp;&nbsp;The Times of India', '₹5,000 crore allocation for infra devpt in Kalyana K’taka; funding for Raichur airport - The Times of India. ₹5,000 crore allocation for infra devpt in Kalyana K’taka; funding for Raichur airport&nbsp;&nbsp;The Times of India', 'Bengaluru Roads Fund: Karnataka Govt Allocates Rs 1,100 Cr for Repairs - Deccan Herald. Bengaluru Roads Fund: Karnataka Govt Allocates Rs 1,100 Cr for Repairs&nbsp;&nbsp;Deccan Herald', 'T.N. CM Stalin announces launch of co-creation fund to support startups - The Hindu. T.N. CM Stalin announces launch of co-creation fund to support startups&nbsp;&nbsp;The Hindu']","['The Hindu', 'Hindustan Times', 'The Hindu', 'The Hindu', 'The Times of India', 'The Times of India', 'The Times of India', 'The Times of India', 'Deccan Herald', 'The Hindu']"
A79,"To upgrade through Karnataka Industrial Area Development Board (KIADB) with all the facilities - Tech parks in Mysuru, Mangalore, and Hubli Dharwad with the prospect of creating one lakh employment under IT.",Industry and Commerce,"[""Karnataka elections: Congress manifesto aims to expand IT contribution to over 25% of state's GDP - Business Today. Karnataka elections: Congress manifesto aims to expand IT contribution to over 25% of state's GDP&nbsp;&nbsp;Business Today""]",['Business Today']
A80,To reopen Brahmavar Vani Vilas Co-operative sugar factory.,Industry and Commerce,[],[]
A81,To offer SGST concessions to 2 wheeler and 3 wheeler electric vehicles within urban limits as pollution free Green mobility solution.,Industry and Commerce,"['New EV Draft Policy Proposes No New Petrol Two-Wheeler Registrations In Delhi From 2028 - ACKO Drive. New EV Draft Policy Proposes No New Petrol Two-Wheeler Registrations In Delhi From 2028&nbsp;&nbsp;ACKO Drive', 'Sustainable Urban Mobility in India: Integrated Solutions for Growing Cities - Vision IAS. Sustainable Urban Mobility in India: Integrated Solutions for Growing Cities&nbsp;&nbsp;Vision IAS', 'Clean Fleets: Increasing deployment of sustainable mobility solutions - Indian Infrastructure Magazine. Clean Fleets: Increasing deployment of sustainable mobility solutions&nbsp;&nbsp;Indian Infrastructure Magazine', 'Corporation pushes for solar rooftop and e-vehicle subsidies to achieve zero carbon emission - The Times of India. Corporation pushes for solar rooftop and e-vehicle subsidies to achieve zero carbon emission&nbsp;&nbsp;The Times of India', 'Top EV-friendly States In India That Offer The Best Incentives To Electric Car Buyers - CarDekho. Top EV-friendly States In India That Offer The Best Incentives To Electric Car Buyers&nbsp;&nbsp;CarDekho', 'Karnataka’s Clean Mobility Policy 2025-30 Targets ₹500 Billion Investment - Mercomindia.com. Karnataka’s Clean Mobility Policy 2025-30 Targets ₹500 Billion Investment&nbsp;&nbsp;Mercomindia.com', 'Sustainable transportation in India - S&P Global. Sustainable transportation in India&nbsp;&nbsp;S&P Global', 'GST on Electric Vehicles (EVs): Latest Rates and Impact - ClearTax. GST on Electric Vehicles (EVs): Latest Rates and Impact&nbsp;&nbsp;ClearTax', 'EV Battery Recycling in India: A Green Revolution - IBEF. EV Battery Recycling in India: A Green Revolution&nbsp;&nbsp;IBEF', 'Electric Vehicle Market in India: Growth & Opportunities - Business Outreach Magazine. Electric Vehicle Market in India: Growth & Opportunities&nbsp;&nbsp;Business Outreach Magazine']","['ACKO Drive', 'Vision IAS', 'Indian Infrastructure Magazine', 'The Times of India', 'CarDekho', 'Mercomindia.com', 'S&P Global', 'ClearTax', 'IBEF', 'Business Outreach Magazine']"
A82,To create a Jean Capital of India in Bellary to boost exports to expand employments opportunities by creating an Apparel park by investing Rs. 5000 Cr,Industry and Commerce,"['Rahul promises to make Ballari the jeans capital of India - The Hindu. Rahul promises to make Ballari the jeans capital of India&nbsp;&nbsp;The Hindu', 'Karnataka halves land prices at Ballari Jeans Park to revive textile investments and jobs | Manufacturing News India - Apparel Resources. Karnataka halves land prices at Ballari Jeans Park to revive textile investments and jobs | Manufacturing News India&nbsp;&nbsp;Apparel Resources', 'KIADB to establish jeans park near Ballari, Government acquires 154 acres for project - Apparel Resources. KIADB to establish jeans park near Ballari, Government acquires 154 acres for project&nbsp;&nbsp;Apparel Resources', 'Plans for making Ballari world’s jeans capital are on, says Rahul Gandhi - The Hindu. Plans for making Ballari world’s jeans capital are on, says Rahul Gandhi&nbsp;&nbsp;The Hindu', 'What stops Bellary from becoming jeans hub? Govt apathy, says industry - The Siasat Daily. What stops Bellary from becoming jeans hub? Govt apathy, says industry&nbsp;&nbsp;The Siasat Daily', 'Ballari to get Jeans Park thanks to Karnataka government - Construction Week India. Ballari to get Jeans Park thanks to Karnataka government&nbsp;&nbsp;Construction Week India', 'Jeans Park to come up in Ballari as Karnataka sets out to implement Rahul’s promise - The Economic Times. Jeans Park to come up in Ballari as Karnataka sets out to implement Rahul’s promise&nbsp;&nbsp;The Economic Times', '‘Denim capital’ of Karnataka faces uncertain future: 36 jeans washing units shut over environmental concerns in Ballari - The Indian Express. ‘Denim capital’ of Karnataka faces uncertain future: 36 jeans washing units shut over environmental concerns in Ballari&nbsp;&nbsp;The Indian Express', 'Land Costs Halved As Karnataka Pushes Ballari Jeans Park Revival - Textile Excellence. Land Costs Halved As Karnataka Pushes Ballari Jeans Park Revival&nbsp;&nbsp;Textile Excellence', 'Select land to set up jeans park in Ballari: CM Siddaramaiah to officials - The New Indian Express. Select land to set up jeans park in Ballari: CM Siddaramaiah to officials&nbsp;&nbsp;The New Indian Express']","['The Hindu', 'Apparel Resources', 'Apparel Resources', 'The Hindu', 'The Siasat Daily', 'Construction Week India', 'The Economic Times', 'The Indian Express', 'Textile Excellence', 'The New Indian Express']"
A75,"To provide Rs. 1000 crores for cleaning all important rivers in Karnataka (Kali, Bedthi, Krishna, Tungabhadra, Malaprabha, Bhima, Cauvery, Kabini, Shimsha, Arkavathi, Yagachi, Kumaradhara and Nethravathi Rivers) over a period of 5 years.",IRRIGATION - JEEVAJALA,"['Citizens launch initiative to clean Cauvery - The Hindu. Citizens launch initiative to clean Cauvery&nbsp;&nbsp;The Hindu', 'DRP 260224: Karnataka faces Drought, Farmer Distress, water scarcity - South Asia Network on Dams, Rivers and People. DRP 260224: Karnataka faces Drought, Farmer Distress, water scarcity&nbsp;&nbsp;South Asia Network on Dams, Rivers and People', 'Girish Mahajan vows adequate funds for Kumbh Mela; Rs 700-crore works launched - The Times of India. Girish Mahajan vows adequate funds for Kumbh Mela; Rs 700-crore works launched&nbsp;&nbsp;The Times of India', 'Gomti Rejuvenation Mission Launched for River Restoration - GK Today. Gomti Rejuvenation Mission Launched for River Restoration&nbsp;&nbsp;GK Today', 'India faces severe water crisis: Solve major disputes, clean rivers on priority - The Economic Times. India faces severe water crisis: Solve major disputes, clean rivers on priority&nbsp;&nbsp;The Economic Times', ""What is ‘Sanchari Cauvery’? Bengaluru's new government-run water tanker service explained | Bengaluru - Hindustan Times. What is ‘Sanchari Cauvery’? Bengaluru's new government-run water tanker service explained | Bengaluru&nbsp;&nbsp;Hindustan Times"", 'India-led Global River Cities Alliance launched at COP28 - The Indian Express. India-led Global River Cities Alliance launched at COP28&nbsp;&nbsp;The Indian Express', 'Chhattisgarh’s Dhamtari launches ‘MAA’ to restore Mahanadi source focus on river revival, green cover & t - The Times of India. Chhattisgarh’s Dhamtari launches ‘MAA’ to restore Mahanadi source focus on river revival, green cover & t&nbsp;&nbsp;The Times of India', 'Top Water-Related Missions And Projects In News 2026: One-liners - Gkbooks. Top Water-Related Missions And Projects In News 2026: One-liners&nbsp;&nbsp;Gkbooks', 'CM promises ‘froth-free’ Yamuna to devotees during Chhath Puja - The Hindu. CM promises ‘froth-free’ Yamuna to devotees during Chhath Puja&nbsp;&nbsp;The Hindu']","['The Hindu', 'South Asia Network on Dams, Rivers and People', 'The Times of India', 'GK Today', 'The Economic Times', 'Hindustan Times', 'The Indian Express', 'The Times of India', 'Gkbooks', 'The Hindu']"
A84,To offer Start up subsidy upto Rs. 25 lakhs and soft loan upto Rs. One crore @,Industry and Commerce,"['SBI to offer collateral-free assistance up to ₹2 crore to start-ups - The Hindu. SBI to offer collateral-free assistance up to ₹2 crore to start-ups&nbsp;&nbsp;The Hindu', 'Kerala Financial Corporation announces loans up to Rs 10 crore for startups - The Times of India. Kerala Financial Corporation announces loans up to Rs 10 crore for startups&nbsp;&nbsp;The Times of India', 'Startups receive ₹25 crore grant under ELEVATE 2024 from Karnataka government - The Hindu. Startups receive ₹25 crore grant under ELEVATE 2024 from Karnataka government&nbsp;&nbsp;The Hindu', '₹20cr to 100 startups; K’taka 1st to give aid sans equity: Min - The Times of India. ₹20cr to 100 startups; K’taka 1st to give aid sans equity: Min&nbsp;&nbsp;The Times of India', 'Karnataka Budget: Three new schemes for start-ups announced - The Hindu. Karnataka Budget: Three new schemes for start-ups announced&nbsp;&nbsp;The Hindu', 'Karnataka launches new programmes to help start-ups - The Hindu. Karnataka launches new programmes to help start-ups&nbsp;&nbsp;The Hindu', 'Share of women-led start-ups in ELEVATE sees steady rise - The Hindu. Share of women-led start-ups in ELEVATE sees steady rise&nbsp;&nbsp;The Hindu', 'Karnataka tech push: New IT policy rolled out; Rs 50,000 perk for firms moving talent beyond Bengaluru - The Times of India. Karnataka tech push: New IT policy rolled out; Rs 50,000 perk for firms moving talent beyond Bengaluru&nbsp;&nbsp;The Times of India', '2 flagship startup programs launched in Karnataka - The Times of India. 2 flagship startup programs launched in Karnataka&nbsp;&nbsp;The Times of India', 'An Exhaustive List Of 200+ Startup Incubators in India - Inc42. An Exhaustive List Of 200+ Startup Incubators in India&nbsp;&nbsp;Inc42']","['The Hindu', 'The Times of India', 'The Hindu', 'The Times of India', 'The Hindu', 'The Hindu', 'The Hindu', 'The Times of India', 'The Times of India', 'Inc42']"
A83,"To create a Task Force to assist exporters in improving supply chains, market accessibility, and handholding for increasing exports.",Industry and Commerce,"['Government Forms Task Force to Boost Textile Exports to USD 100 Billion by 2030 - KNN India. Government Forms Task Force to Boost Textile Exports to USD 100 Billion by 2030&nbsp;&nbsp;KNN India', 'Maharashtra forms task force to shield MSMEs and exporters from Trump’s tariffs - The Economic Times. Maharashtra forms task force to shield MSMEs and exporters from Trump’s tariffs&nbsp;&nbsp;The Economic Times', 'Karnataka to form 6 task forces, draw up action plan to boost manufacturing sector - Moneycontrol.com. Karnataka to form 6 task forces, draw up action plan to boost manufacturing sector&nbsp;&nbsp;Moneycontrol.com', 'FTA benefit to India: EU markets open exports worth Rs 6.4 lakh crore from various states, says Piyush Go - The Times of India. FTA benefit to India: EU markets open exports worth Rs 6.4 lakh crore from various states, says Piyush Go&nbsp;&nbsp;The Times of India', '500 crore leather consignment from Kanpur struck near Hormuz, exporters raise concern - The Times of India. 500 crore leather consignment from Kanpur struck near Hormuz, exporters raise concern&nbsp;&nbsp;The Times of India', 'With stiffer tariffs on a neighbouring country, India now more competitive; could boost furniture exports: Swapneel Nagarkar, Business Head at Godrej Interio - The Indian Express. With stiffer tariffs on a neighbouring country, India now more competitive; could boost furniture exports: Swapneel Nagarkar, Business Head at Godrej Interio&nbsp;&nbsp;The Indian Express', 'Northeast task force reviews logistics costs and connectivity roadmap - Indian Transport & Logistics. Northeast task force reviews logistics costs and connectivity roadmap&nbsp;&nbsp;Indian Transport & Logistics', 'Bandipur National Park to get elephant task force - The Hindu. Bandipur National Park to get elephant task force&nbsp;&nbsp;The Hindu', 'Licence-Based Red Sanders Export Racket Busted - Deccan Chronicle. Licence-Based Red Sanders Export Racket Busted&nbsp;&nbsp;Deccan Chronicle', 'Budget expectations high among stakeholders in Mysuru - The Hindu. Budget expectations high among stakeholders in Mysuru&nbsp;&nbsp;The Hindu']","['KNN India', 'The Economic Times', 'Moneycontrol.com', 'The Times of India', 'The Times of India', 'The Indian Express', 'Indian Transport & Logistics', 'The Hindu', 'Deccan Chronicle', 'The Hindu']"
A85,"To set up a Welfare Fund worth Rs. 1,000 Crore to provide low-interest loans for small traders and shopkeepers to help revive key sectors of the local economy",MSMEs:,"['Karnataka is set to lose about ₹10,000 to ₹15,000 crore due to 16th FC’s recommendation, says Siddaramaiah - The Hindu. Karnataka is set to lose about ₹10,000 to ₹15,000 crore due to 16th FC’s recommendation, says Siddaramaiah&nbsp;&nbsp;The Hindu', 'Haryana CM launches one-time settlement scheme-2025 to provide relief to traders - The Times of India. Haryana CM launches one-time settlement scheme-2025 to provide relief to traders&nbsp;&nbsp;The Times of India', 'KPRDO calls on state govt to allocate funds for welfare of pharmacists in state Budget 2025-26 - Pharmabiz.com. KPRDO calls on state govt to allocate funds for welfare of pharmacists in state Budget 2025-26&nbsp;&nbsp;Pharmabiz.com', 'Bengaluru UPI panic explained: Why small traders are saying ‘no to QR, yes to cash’ | Bengaluru - Hindustan Times. Bengaluru UPI panic explained: Why small traders are saying ‘no to QR, yes to cash’ | Bengaluru&nbsp;&nbsp;Hindustan Times', '16th Karnataka Budget balances between growth and welfare - The Hindu. 16th Karnataka Budget balances between growth and welfare&nbsp;&nbsp;The Hindu', 'Karnataka Siddaramaiah presents ‘guarantee Budget’ with promise of welfare for all - The Hindu. Karnataka Siddaramaiah presents ‘guarantee Budget’ with promise of welfare for all&nbsp;&nbsp;The Hindu', 'Why Karnataka must rethink its welfare architecture to make guarantees transformative - The South First. Why Karnataka must rethink its welfare architecture to make guarantees transformative&nbsp;&nbsp;The South First', 'Which Sector Gets the Biggest Slice of Karnataka’s ₹4.48 Lakh Crore Budget? - Oneindia. Which Sector Gets the Biggest Slice of Karnataka’s ₹4.48 Lakh Crore Budget?&nbsp;&nbsp;Oneindia', 'GST ‘bhagya’ thanks to UPI: Small vendors in Karnataka reject tax notices seeking lakhs that defy all logic - The South First. GST ‘bhagya’ thanks to UPI: Small vendors in Karnataka reject tax notices seeking lakhs that defy all logic&nbsp;&nbsp;The South First', 'Kejriwal, Mann meet Punjab traders: AAP promises direct support, no more office hurdles - english.punjabkesari.com. Kejriwal, Mann meet Punjab traders: AAP promises direct support, no more office hurdles&nbsp;&nbsp;english.punjabkesari.com']","['The Hindu', 'The Times of India', 'Pharmabiz.com', 'Hindustan Times', 'The Hindu', 'The Hindu', 'The South First', 'Oneindia', 'The South First', 'english.punjabkesari.com']"
A87,"To create a revolving fund of Rs. 5,000 crores for tourism development in the state.",Tourism,"['U.P. Government presents over ₹9.12 lakh crore budget - The Hindu. U.P. Government presents over ₹9.12 lakh crore budget&nbsp;&nbsp;The Hindu', 'Odisha CM presents Rs 3.10 lakh crore Budget with focus on agriculture, health - The Hans India. Odisha CM presents Rs 3.10 lakh crore Budget with focus on agriculture, health&nbsp;&nbsp;The Hans India', 'Overview of Karnataka Budget 2023-24 - NammaKPSC. Overview of Karnataka Budget 2023-24&nbsp;&nbsp;NammaKPSC', 'At 1st-ever Himachal Day event in Pangi, chief minister Sukhvinder Sukhu rolls out development schemes; R - The Times of India. At 1st-ever Himachal Day event in Pangi, chief minister Sukhvinder Sukhu rolls out development schemes; R&nbsp;&nbsp;The Times of India', 'Prime Minister Launches Atal Bhujal Yojana - PIB. Prime Minister Launches Atal Bhujal Yojana&nbsp;&nbsp;PIB', 'Odisha Budget 2024-2025 Highlights PDF: Budget Review - Adda247. Odisha Budget 2024-2025 Highlights PDF: Budget Review&nbsp;&nbsp;Adda247', 'YEAR END REVIEW 2025 OF MINISTRY OF TEXTILES - PIB. YEAR END REVIEW 2025 OF MINISTRY OF TEXTILES&nbsp;&nbsp;PIB', 'How Indian states are promoting organic, natural farming - Down To Earth. How Indian states are promoting organic, natural farming&nbsp;&nbsp;Down To Earth', 'Why are Karnataka sugarcane farmers protesting? No solution in sight as Centre, State blame each other - The Financial Express. Why are Karnataka sugarcane farmers protesting? No solution in sight as Centre, State blame each other&nbsp;&nbsp;The Financial Express', 'Top 100 Companies for CSR and Sustainability in 2024 - The CSR Journal. Top 100 Companies for CSR and Sustainability in 2024&nbsp;&nbsp;The CSR Journal']","['The Hindu', 'The Hans India', 'NammaKPSC', 'The Times of India', 'PIB', 'Adda247', 'PIB', 'Down To Earth', 'The Financial Express', 'The CSR Journal']"
A86,To Reduce stamp duty to MSME for hypothecation and equitable mortgage for bank loans.,MSMEs:,"['T.N. orders stamp duty exemption for MSMEs - The Hindu. T.N. orders stamp duty exemption for MSMEs&nbsp;&nbsp;The Hindu', 'In Brief: Karnataka hikes stamp duty on loan agreements - Bangalore Mirror. In Brief: Karnataka hikes stamp duty on loan agreements&nbsp;&nbsp;Bangalore Mirror', 'UP government to remodel MSME policy to boost women entrepreneurship - Elets Technomedia. UP government to remodel MSME policy to boost women entrepreneurship&nbsp;&nbsp;Elets Technomedia', 'Punjab Budget 2025 | Industry hails push to MSMEs; pans reduced allocation - The Indian Express. Punjab Budget 2025 | Industry hails push to MSMEs; pans reduced allocation&nbsp;&nbsp;The Indian Express', 'KASSIA Submits Pre-Budget Memorandum Seeking Major MSME Reforms - KNN India. KASSIA Submits Pre-Budget Memorandum Seeking Major MSME Reforms&nbsp;&nbsp;KNN India', 'Karnataka CM promises dedicated MSME Department to promote small industries - The Hindu. Karnataka CM promises dedicated MSME Department to promote small industries&nbsp;&nbsp;The Hindu', 'Karnataka Budget Targets MSME Strengthening, GCC Expansion And Emerging Tech - KNN India. Karnataka Budget Targets MSME Strengthening, GCC Expansion And Emerging Tech&nbsp;&nbsp;KNN India', 'Union Budget 2022: Latest updates - Housing. Union Budget 2022: Latest updates&nbsp;&nbsp;Housing', 'Budget 2025 Highlights: PDF Download, Key Takeaways and Important Points - ClearTax. Budget 2025 Highlights: PDF Download, Key Takeaways and Important Points&nbsp;&nbsp;ClearTax', 'Mudra Yojana: Types, Interest Rates, Objectives, Eligibility - ClearTax. Mudra Yojana: Types, Interest Rates, Objectives, Eligibility&nbsp;&nbsp;ClearTax']","['The Hindu', 'Bangalore Mirror', 'Elets Technomedia', 'The Indian Express', 'KNN India', 'The Hindu', 'KNN India', 'Housing', 'ClearTax', 'ClearTax']"
A89,To provide 6% interest subvention for loans up to Rs. 5 lakh for any infrastructural development by home-stay owners and to review the legal provisions.,Tourism,"['RGRHCL: Benefits, eligibility, beneficiary status 2025 check online - Housing. RGRHCL: Benefits, eligibility, beneficiary status 2025 check online&nbsp;&nbsp;Housing', 'Pradhan Mantri Awas Yojana 2026: Beneficiaries, online, offline application - Housing. Pradhan Mantri Awas Yojana 2026: Beneficiaries, online, offline application&nbsp;&nbsp;Housing', 'Uttarakhand Tourism, Economy, Agriculture, and Industries Insights - IBEF. Uttarakhand Tourism, Economy, Agriculture, and Industries Insights&nbsp;&nbsp;IBEF', 'K-Homes to turn unoccupied houses to holiday homes for tourists in Kerala - The Hindu. K-Homes to turn unoccupied houses to holiday homes for tourists in Kerala&nbsp;&nbsp;The Hindu', 'Inspired by Japan? Kerala’s K-HOME plan repurposes vacant homes for tourism - The Economic Times. Inspired by Japan? Kerala’s K-HOME plan repurposes vacant homes for tourism&nbsp;&nbsp;The Economic Times', 'Karnataka to launch OneTAC, unified digital platform for tourism and cultural destinations - Moneycontrol.com. Karnataka to launch OneTAC, unified digital platform for tourism and cultural destinations&nbsp;&nbsp;Moneycontrol.com']","['Housing', 'Housing', 'IBEF', 'The Hindu', 'The Economic Times', 'Moneycontrol.com']"
A90,To give Industry Status to Hotels with more than 20 employees.,Hotel and Hospitality Industry,"['Hotel industry will flourish when hospitality sector is given industry status: APHA president Srinivasa Rao - The Hindu. Hotel industry will flourish when hospitality sector is given industry status: APHA president Srinivasa Rao&nbsp;&nbsp;The Hindu', 'Karnataka aims to create 1.5 lakh jobs in hospitality, attract ₹8,000 crore in investment by 2029: CM - The Hindu. Karnataka aims to create 1.5 lakh jobs in hospitality, attract ₹8,000 crore in investment by 2029: CM&nbsp;&nbsp;The Hindu', 'Karnataka govt subsidy to construct hotels and resorts only new tourist destinations: New tourism policy - The Times of India. Karnataka govt subsidy to construct hotels and resorts only new tourist destinations: New tourism policy&nbsp;&nbsp;The Times of India', 'Bangalore Hotels Association Challenges State’s Compulsory Menstrual Leave Policy in Karnataka HC - LawBeat. Bangalore Hotels Association Challenges State’s Compulsory Menstrual Leave Policy in Karnataka HC&nbsp;&nbsp;LawBeat', 'Hotels in rural areas of Shivamogga badly hit owing to disruption in supply of commercial LPG - The Hindu. Hotels in rural areas of Shivamogga badly hit owing to disruption in supply of commercial LPG&nbsp;&nbsp;The Hindu', 'Hotels, restaurants across India grapple with gas shortage as West Asia conflict prolongs - The Hindu. Hotels, restaurants across India grapple with gas shortage as West Asia conflict prolongs&nbsp;&nbsp;The Hindu', 'Bengaluru hotels plan ‘table charge’ to curb long-staying customers - The Hans India. Bengaluru hotels plan ‘table charge’ to curb long-staying customers&nbsp;&nbsp;The Hans India', ""Commercial LPG Shortage: Karnataka CM Seeks Centre's Intervention; Bengaluru PG Residents And Hotels Feel The Heat - ETV Bharat. Commercial LPG Shortage: Karnataka CM Seeks Centre's Intervention; Bengaluru PG Residents And Hotels Feel The Heat&nbsp;&nbsp;ETV Bharat"", 'Karnataka taxi drivers demand amenities in hotels and resorts - The Hindu. Karnataka taxi drivers demand amenities in hotels and resorts&nbsp;&nbsp;The Hindu', 'LPG shortage: Bengaluru hotels close today; Which major cities may suffer most? - The Economic Times. LPG shortage: Bengaluru hotels close today; Which major cities may suffer most?&nbsp;&nbsp;The Economic Times']","['The Hindu', 'The Hindu', 'The Times of India', 'LawBeat', 'The Hindu', 'The Hindu', 'The Hans India', 'ETV Bharat', 'The Hindu', 'The Economic Times']"
A91,To help small self - employed hotel / Bakery / Sweet Stall sector by offering loan up-to Rs 10 Lakhs with 6% interest,Hotel and Hospitality Industry,"['Yogi announces major relief for farmers in UP: Loan interest slashed to 6% under CM Krishak Samriddhi Yojan... - Bhaskar English. Yogi announces major relief for farmers in UP: Loan interest slashed to 6% under CM Krishak Samriddhi Yojan...&nbsp;&nbsp;Bhaskar English', 'Unlocking India’s MSME Potential - Drishti IAS. Unlocking India’s MSME Potential&nbsp;&nbsp;Drishti IAS', 'Is Minority Benefiting at the Cost of Majority? A Report on Central & State Govt schemes - indiafacts.org. Is Minority Benefiting at the Cost of Majority? A Report on Central & State Govt schemes&nbsp;&nbsp;indiafacts.org']","['Bhaskar English', 'Drishti IAS', 'indiafacts.org']"
A92,"To provide 200 units of free electricity to every house - ""GRUHAJYOTHI""",Power and Energy,"['1-yr of Gruha Jyothi: For consumers in newly built homes, 200-unit free power still a dream - The Times of India. 1-yr of Gruha Jyothi: For consumers in newly built homes, 200-unit free power still a dream&nbsp;&nbsp;The Times of India', 'Gruha Jyothi scheme: How to get 200 units of free power in Karnataka - The Hindu. Gruha Jyothi scheme: How to get 200 units of free power in Karnataka&nbsp;&nbsp;The Hindu', ""One year of 'Gruha Jyothi' scheme, Karnataka govt yet to reassess free units to newly built homes - The Times of India. One year of 'Gruha Jyothi' scheme, Karnataka govt yet to reassess free units to newly built homes&nbsp;&nbsp;The Times of India"", 'Gruha Jyothi scheme: Those with dues can also avail free power, says Karnataka energy department - The Times of India. Gruha Jyothi scheme: Those with dues can also avail free power, says Karnataka energy department&nbsp;&nbsp;The Times of India', 'Despite assurance, govt yet to reassess free units under Gruha Jyothi - The Times of India. Despite assurance, govt yet to reassess free units under Gruha Jyothi&nbsp;&nbsp;The Times of India', 'Gruha Jyothi scheme: GESCOM marks two years, saves ₹2,327 crore in power bills for 21 lakh homes - The Hindu. Gruha Jyothi scheme: GESCOM marks two years, saves ₹2,327 crore in power bills for 21 lakh homes&nbsp;&nbsp;The Hindu', 'New home buyers in Karnataka to get 58-59 units of free power - The Times of India. New home buyers in Karnataka to get 58-59 units of free power&nbsp;&nbsp;The Times of India', ""Karnataka govt formally launches 'Gruha Jyothi' free power scheme, CM & Kharge target PM Modi - The Times of India. Karnataka govt formally launches 'Gruha Jyothi' free power scheme, CM & Kharge target PM Modi&nbsp;&nbsp;The Times of India"", 'Gruha Jyothi applicable to new houses, new tenants - The Hindu. Gruha Jyothi applicable to new houses, new tenants&nbsp;&nbsp;The Hindu', 'One year of Gruha Jyothi: Consumers happy with savings, but quality power supply remains a concern - The Hindu. One year of Gruha Jyothi: Consumers happy with savings, but quality power supply remains a concern&nbsp;&nbsp;The Hindu']","['The Times of India', 'The Hindu', 'The Times of India', 'The Times of India', 'The Times of India', 'The Hindu', 'The Times of India', 'The Times of India', 'The Hindu', 'The Hindu']"
A93,To Offer 25% subsidy upto Rs. 3 lakhs for installing solar appliances for domestic use.,Power and Energy,"['80% subsidy for solar irrigation pump sets - The Hindu. 80% subsidy for solar irrigation pump sets&nbsp;&nbsp;The Hindu', 'PMAY-U 2.0: Govt allocates Rs 4,000 crore for credit-linked subsidy scheme in budget - The Times of India. PMAY-U 2.0: Govt allocates Rs 4,000 crore for credit-linked subsidy scheme in budget&nbsp;&nbsp;The Times of India', 'Karnataka government to chalk out scheme to give 50% subsidy to weavers - The Hindu. Karnataka government to chalk out scheme to give 50% subsidy to weavers&nbsp;&nbsp;The Hindu', 'Solar Agri Bulletin: 2025 budget special edition - International Institute for Sustainable Development. Solar Agri Bulletin: 2025 budget special edition&nbsp;&nbsp;International Institute for Sustainable Development', 'Karnataka Budget | Scheme to boost solar energy generation - Deccan Herald. Karnataka Budget | Scheme to boost solar energy generation&nbsp;&nbsp;Deccan Herald', 'Over 2,500 farmers near Mangaluru want to install solar-powered IP sets in MESCOM limits - The Hindu. Over 2,500 farmers near Mangaluru want to install solar-powered IP sets in MESCOM limits&nbsp;&nbsp;The Hindu', 'Karnataka govt launches ‘Surya Ghar’ scheme to cut electricity costs via rooftop solar panels - The Times of India. Karnataka govt launches ‘Surya Ghar’ scheme to cut electricity costs via rooftop solar panels&nbsp;&nbsp;The Times of India', 'KERC writes to State government to remove cross subsidy burden levied on industrial and commercial consumers - The Hindu. KERC writes to State government to remove cross subsidy burden levied on industrial and commercial consumers&nbsp;&nbsp;The Hindu', 'Karnataka govt. bets big on establishing solar power plants near power substations for local supply - The Hindu. Karnataka govt. bets big on establishing solar power plants near power substations for local supply&nbsp;&nbsp;The Hindu', 'Set up 40,000 solar pump sets under KUSUM: Siddaramaiah - The Hindu. Set up 40,000 solar pump sets under KUSUM: Siddaramaiah&nbsp;&nbsp;The Hindu']","['The Hindu', 'The Times of India', 'The Hindu', 'International Institute for Sustainable Development', 'Deccan Herald', 'The Hindu', 'The Times of India', 'The Hindu', 'The Hindu', 'The Hindu']"
A88,To provide loans at 5% interest rate and taxi permit to 50 youth in each constituency.,Tourism,"['Odisha Swayam Scheme 2024: Youth to get interest-free loan of Rs 1 lakh - Careers360. Odisha Swayam Scheme 2024: Youth to get interest-free loan of Rs 1 lakh&nbsp;&nbsp;Careers360', 'Odisha Swayam Scheme 2024 to provide Rs 1 lakh interest-free loan to budding entrepreneurs: Check eligibi - The Times of India. Odisha Swayam Scheme 2024 to provide Rs 1 lakh interest-free loan to budding entrepreneurs: Check eligibi&nbsp;&nbsp;The Times of India', 'Rajiv Yuva Vikasam Scheme 2025 to give up to Rs 4 lakh concessional loan; Know who is eligible and how to - The Economic Times. Rajiv Yuva Vikasam Scheme 2025 to give up to Rs 4 lakh concessional loan; Know who is eligible and how to&nbsp;&nbsp;The Economic Times', 'Is Minority Benefiting at the Cost of Majority? A Report on Central & State Govt schemes - indiafacts.org. Is Minority Benefiting at the Cost of Majority? A Report on Central & State Govt schemes&nbsp;&nbsp;indiafacts.org', ""MK Stalin unveils Tamil Nadu's Kalaignar Kaivinai Thittam, counters Centre’s Vishwakarma scheme - The South First. MK Stalin unveils Tamil Nadu's Kalaignar Kaivinai Thittam, counters Centre’s Vishwakarma scheme&nbsp;&nbsp;The South First""]","['Careers360', 'The Times of India', 'The Economic Times', 'indiafacts.org', 'The South First']"
A94,To establish EV charging infrastructure and battery manufacturing units with 50% exemption in SGST and special subsidy,Power and Energy,"['Govt Clarifies EV Charging Infrastructure Incentives, Ongoing Schemes to Promote EV Manufacturing - ACKO Drive. Govt Clarifies EV Charging Infrastructure Incentives, Ongoing Schemes to Promote EV Manufacturing&nbsp;&nbsp;ACKO Drive', 'Charging Infrastructure: The Missing Link in India’s EVs Transition - orfonline.org. Charging Infrastructure: The Missing Link in India’s EVs Transition&nbsp;&nbsp;orfonline.org', 'EV Battery Recycling in India: A Green Revolution - IBEF. EV Battery Recycling in India: A Green Revolution&nbsp;&nbsp;IBEF', 'Top 10 EV Charging Companies In 2026 - inventiva.co.in. Top 10 EV Charging Companies In 2026&nbsp;&nbsp;inventiva.co.in', 'After no bidders, govt drops plan to set up 2.5k EV charging stations - The Times of India. After no bidders, govt drops plan to set up 2.5k EV charging stations&nbsp;&nbsp;The Times of India', 'EV Automobile Budget 2025: Allocation for electric mobility schemes rise by 20% - The Hindu. EV Automobile Budget 2025: Allocation for electric mobility schemes rise by 20%&nbsp;&nbsp;The Hindu', 'Bescom to set up EV charging stations on APMC premises across State - The Hindu. Bescom to set up EV charging stations on APMC premises across State&nbsp;&nbsp;The Hindu', 'Tamil Nadu EV Subsidy 2025: Updated Rules, Benefits, Eligibility & On-Road Price Impact - EVTech.News. Tamil Nadu EV Subsidy 2025: Updated Rules, Benefits, Eligibility & On-Road Price Impact&nbsp;&nbsp;EVTech.News', 'Union Budget 2026: Converting India’s EV Surge into Manufacturing Power - The Times of India. Union Budget 2026: Converting India’s EV Surge into Manufacturing Power&nbsp;&nbsp;The Times of India', 'Karnataka government drops plan to set up 2,500 public EV charging stations - The Hindu. Karnataka government drops plan to set up 2,500 public EV charging stations&nbsp;&nbsp;The Hindu']","['ACKO Drive', 'orfonline.org', 'IBEF', 'inventiva.co.in', 'The Times of India', 'The Hindu', 'The Hindu', 'EVTech.News', 'The Times of India', 'The Hindu']"
A95,"To encourage more mega Solar Parks, to produce additional generation of 5000 MW Power",Power and Energy,"['5,000MW solar park to come up in Dholera - The Times of India. 5,000MW solar park to come up in Dholera&nbsp;&nbsp;The Times of India', 'How Gujarat is building ‘world’s largest’ solar power park, close to its border with Pakistan - ThePrint. How Gujarat is building ‘world’s largest’ solar power park, close to its border with Pakistan&nbsp;&nbsp;ThePrint', 'Karnataka Floats Tender For 250 MW Solar With 1100 MWh BESS Project At Pavagada - SolarQuarter. Karnataka Floats Tender For 250 MW Solar With 1100 MWh BESS Project At Pavagada&nbsp;&nbsp;SolarQuarter', 'Top 10 Solar Energy Producing States of India in 2025 - Renewable Affairs. Top 10 Solar Energy Producing States of India in 2025&nbsp;&nbsp;Renewable Affairs', ""India's mega power plant a boost to clean energy sources - Citizen Digital. India's mega power plant a boost to clean energy sources&nbsp;&nbsp;Citizen Digital"", ""India's Solar Power Revolution: Leading the Way in Renewable E... - Invest India. India's Solar Power Revolution: Leading the Way in Renewable E...&nbsp;&nbsp;Invest India"", ""India's Renewable Energy Capacity Hits New Milestone - PIB. India's Renewable Energy Capacity Hits New Milestone&nbsp;&nbsp;PIB"", 'Solar Strides: Recent policy and industry developments - Renewable Watch Magazine. Solar Strides: Recent policy and industry developments&nbsp;&nbsp;Renewable Watch Magazine', 'Priyank Kharge Reviews Progress on Mega Textile Park in Kalaburagi - Deccan Chronicle. Priyank Kharge Reviews Progress on Mega Textile Park in Kalaburagi&nbsp;&nbsp;Deccan Chronicle', ""India's Renewable Energy Initiatives: Driving Clean and Affordable Power - IBEF. India's Renewable Energy Initiatives: Driving Clean and Affordable Power&nbsp;&nbsp;IBEF""]","['The Times of India', 'ThePrint', 'SolarQuarter', 'Renewable Affairs', 'Citizen Digital', 'Invest India', 'PIB', 'Renewable Watch Magazine', 'Deccan Chronicle', 'IBEF']"
A96,SHAKTI - Free travel to all women through out the state in regular KSRTC Busses,Transportation,"['Shakti scheme: In 9 days, 4.24 crore women avail free bus rides in Karnataka - The Indian Express. Shakti scheme: In 9 days, 4.24 crore women avail free bus rides in Karnataka&nbsp;&nbsp;The Indian Express', 'Free bus travel for women in Karnataka | How does Shakti scheme work? - The Hindu. Free bus travel for women in Karnataka | How does Shakti scheme work?&nbsp;&nbsp;The Hindu', 'Shakti scheme: KSRTC bus crew to face action if they do not pick up women passengers - The Hindu. Shakti scheme: KSRTC bus crew to face action if they do not pick up women passengers&nbsp;&nbsp;The Hindu', 'Smart travel: Soon, Shakti card to enable women’s travel on buses and Metro in Bengaluru - The Times of India. Smart travel: Soon, Shakti card to enable women’s travel on buses and Metro in Bengaluru&nbsp;&nbsp;The Times of India', 'Free bus travel for women in Karnataka from June 1: Transport Minister - The Hindu. Free bus travel for women in Karnataka from June 1: Transport Minister&nbsp;&nbsp;The Hindu', 'Shakti scheme reaches new milestone with 500 crore women passengers - The Hindu. Shakti scheme reaches new milestone with 500 crore women passengers&nbsp;&nbsp;The Hindu', 'Shakti boosts RTC ridership with 13.07 crore women availing of the scheme so far - The Hindu. Shakti boosts RTC ridership with 13.07 crore women availing of the scheme so far&nbsp;&nbsp;The Hindu', 'Free bus travel for women: Powerful mechanism for empowerment, say activists - The Hindu. Free bus travel for women: Powerful mechanism for empowerment, say activists&nbsp;&nbsp;The Hindu', 'Confusion over Shakti scheme creates a rift between female passengers and bus staff - The Times of India. Confusion over Shakti scheme creates a rift between female passengers and bus staff&nbsp;&nbsp;The Times of India', 'Free rides for women: passengers in parts of Karnataka will miss out on benefit - The Hindu. Free rides for women: passengers in parts of Karnataka will miss out on benefit&nbsp;&nbsp;The Hindu']","['The Indian Express', 'The Hindu', 'The Hindu', 'The Times of India', 'The Hindu', 'The Hindu', 'The Hindu', 'The Hindu', 'The Times of India', 'The Hindu']"
A97,To ensure that the strength of Electric Buses is increased sharply so that within 2 years 50% of the buses are Electricity operated.,Transportation,"['BMTC inducts 100 electric buses in Bengaluru, to add 1,400 more - The Hindu. BMTC inducts 100 electric buses in Bengaluru, to add 1,400 more&nbsp;&nbsp;The Hindu', 'Odisha launches 40 new electric buses to boost sustainable urban mobility - The Times of India. Odisha launches 40 new electric buses to boost sustainable urban mobility&nbsp;&nbsp;The Times of India', 'Karnataka seeks electric buses under PM E-Drive; Union Minister Kumaraswamy assures support - The Hindu. Karnataka seeks electric buses under PM E-Drive; Union Minister Kumaraswamy assures support&nbsp;&nbsp;The Hindu', 'Karnataka gets 750 electric buses under PM-eBus Sewa scheme - The Hindu. Karnataka gets 750 electric buses under PM-eBus Sewa scheme&nbsp;&nbsp;The Hindu', 'Karnataka requests electric buses under PM E-Drive scheme - The Indian Express. Karnataka requests electric buses under PM E-Drive scheme&nbsp;&nbsp;The Indian Express', 'Maharashtra dethrones Delhi as India’s top electric bus market in 2025 - Mint. Maharashtra dethrones Delhi as India’s top electric bus market in 2025&nbsp;&nbsp;Mint', '₹2,000 crore electric bus programme with World Bank aid announced in Karnataka Budget 2026 - The Hindu. ₹2,000 crore electric bus programme with World Bank aid announced in Karnataka Budget 2026&nbsp;&nbsp;The Hindu', 'Centre floats tender for 10,900 electric buses, Bengaluru gets highest allocation - Moneycontrol.com. Centre floats tender for 10,900 electric buses, Bengaluru gets highest allocation&nbsp;&nbsp;Moneycontrol.com', 'KSRTC to receive prototype of electric bus on December 31 - The Hindu. KSRTC to receive prototype of electric bus on December 31&nbsp;&nbsp;The Hindu', 'Karnataka Budget 2025-26: BMTC to get 9,000 electric buses, 1,000 diesel buses - Bangalore Mirror. Karnataka Budget 2025-26: BMTC to get 9,000 electric buses, 1,000 diesel buses&nbsp;&nbsp;Bangalore Mirror']","['The Hindu', 'The Times of India', 'The Hindu', 'The Hindu', 'The Indian Express', 'Mint', 'The Hindu', 'Moneycontrol.com', 'The Hindu', 'Bangalore Mirror']"
A98,To encourage E-vehicles - To make it compulsory to install E- Vehicle Charging points in apartments. Installation of E-Vehicle Charging points in all important junctions and Highways.,Transportation,"['EV charge facility to be mandatory in all apartments across state soon - The Hans India. EV charge facility to be mandatory in all apartments across state soon&nbsp;&nbsp;The Hans India', 'Karnataka announces new rules for installation of EV chargers in apartments and high-rises - The Economic Times. Karnataka announces new rules for installation of EV chargers in apartments and high-rises&nbsp;&nbsp;The Economic Times', 'Ev Owners, Rwas Cross Swords Over Charging Points Infra In Apartments | Bengaluru News - The Times of India. Ev Owners, Rwas Cross Swords Over Charging Points Infra In Apartments | Bengaluru News&nbsp;&nbsp;The Times of India', 'Minimum two EV charging points in buildings, complexes with 250-kW load and over 5,000 sq. m built-up area - The Hindu. Minimum two EV charging points in buildings, complexes with 250-kW load and over 5,000 sq. m built-up area&nbsp;&nbsp;The Hindu', 'EV charging facility made mandatory for bigger buildings in Tamil Nadu - DT Next. EV charging facility made mandatory for bigger buildings in Tamil Nadu&nbsp;&nbsp;DT Next', 'Bengaluru: After RWA snub, EV owner hauls e-scooter to 5th floor kitchen for charging - The Times of India. Bengaluru: After RWA snub, EV owner hauls e-scooter to 5th floor kitchen for charging&nbsp;&nbsp;The Times of India', 'FAQ: How to set up a community EV charging station in your apartment complex - Citizen Matters. FAQ: How to set up a community EV charging station in your apartment complex&nbsp;&nbsp;Citizen Matters', 'BESCOM to Install EV Chargers on Bengaluru-Belagavi Highway & 40 Toll Points - GaadiKey. BESCOM to Install EV Chargers on Bengaluru-Belagavi Highway & 40 Toll Points&nbsp;&nbsp;GaadiKey', 'Karnataka Budget 2026: 1,250 EV charging stations to come up under PM-E Drive scheme - Moneycontrol.com. Karnataka Budget 2026: 1,250 EV charging stations to come up under PM-E Drive scheme&nbsp;&nbsp;Moneycontrol.com', 'Survey for electric vehicle charging stations planned for condos in Noida - The Times of India. Survey for electric vehicle charging stations planned for condos in Noida&nbsp;&nbsp;The Times of India']","['The Hans India', 'The Economic Times', 'The Times of India', 'The Hindu', 'DT Next', 'The Times of India', 'Citizen Matters', 'GaadiKey', 'Moneycontrol.com', 'The Times of India']"
A100,To increase the KSRTC fleet — to 15000 Busses in five years,Transportation,"['KSRTC to add 2,000 new buses, cashless travel this year - The Hindu. KSRTC to add 2,000 new buses, cashless travel this year&nbsp;&nbsp;The Hindu', 'KSRTC plans induction of 644 new buses to strengthen rural services - The Hindu. KSRTC plans induction of 644 new buses to strengthen rural services&nbsp;&nbsp;The Hindu', 'KSRTC to launch 100 electric buses in Mysuru - The Times of India. KSRTC to launch 100 electric buses in Mysuru&nbsp;&nbsp;The Times of India', 'KSRTC inducts 70 more ‘Pallakki’ sleeper buses and 45 Sarige buses - The Hindu. KSRTC inducts 70 more ‘Pallakki’ sleeper buses and 45 Sarige buses&nbsp;&nbsp;The Hindu', 'KSRTC to roll out real-time bus tracking system soon - The Hindu. KSRTC to roll out real-time bus tracking system soon&nbsp;&nbsp;The Hindu', 'KSRTC finalises tender process for new bus stand in Mysuru - The Times of India. KSRTC finalises tender process for new bus stand in Mysuru&nbsp;&nbsp;The Times of India', 'KSRTC bags Global Sustainability Leadership award - The Hindu. KSRTC bags Global Sustainability Leadership award&nbsp;&nbsp;The Hindu', 'Karnataka’s transport corporation refurbishes 18% ofits 8,900 buses to check spending - The Times of India. Karnataka’s transport corporation refurbishes 18% ofits 8,900 buses to check spending&nbsp;&nbsp;The Times of India', 'Karnataka Budget 2025-26: Allocation for Shakti scheme increased to ₹5,300 crore, redevelopment of Kempegowda bus stand - The Hindu. Karnataka Budget 2025-26: Allocation for Shakti scheme increased to ₹5,300 crore, redevelopment of Kempegowda bus stand&nbsp;&nbsp;The Hindu', 'Expanding reach: You can soon board Bengaluru Metropolitan Transport Corporation buses to 40km into city - The Times of India. Expanding reach: You can soon board Bengaluru Metropolitan Transport Corporation buses to 40km into city&nbsp;&nbsp;The Times of India']","['The Hindu', 'The Hindu', 'The Times of India', 'The Hindu', 'The Hindu', 'The Times of India', 'The Hindu', 'The Times of India', 'The Hindu', 'The Times of India']"
A99,To increase the fleet strength of BMTC — to 10000 in five years.,Transportation,"['BMTC fleet to touch 10,000 as Centre okays 4,500 e-buses - Deccan Herald. BMTC fleet to touch 10,000 as Centre okays 4,500 e-buses&nbsp;&nbsp;Deccan Herald', 'BMTC Plans Major Expansion Of Bengaluru Bus Services - Construction World. BMTC Plans Major Expansion Of Bengaluru Bus Services&nbsp;&nbsp;Construction World', ""We're drawing up a workable revenue generating model for BMTC: MD - Deccan Herald. We're drawing up a workable revenue generating model for BMTC: MD&nbsp;&nbsp;Deccan Herald"", ""Reversing the trend: Bengaluru's BMTC regains ridership with free bus travel for women - Moneycontrol.com. Reversing the trend: Bengaluru's BMTC regains ridership with free bus travel for women&nbsp;&nbsp;Moneycontrol.com"", 'Shakti scheme: Karnataka transport department seeks nod to recruit 9,000 employees, increase bus fleet - The Indian Express. Shakti scheme: Karnataka transport department seeks nod to recruit 9,000 employees, increase bus fleet&nbsp;&nbsp;The Indian Express', 'Namma Metro Expansion & BMTC Bus Updates: Siddaramaiah Announces Plans - Deccan Herald. Namma Metro Expansion & BMTC Bus Updates: Siddaramaiah Announces Plans&nbsp;&nbsp;Deccan Herald', 'PM e-Drive scheme: Electric buses to take Bengaluru fleet size to over 10,000 - The Times of India. PM e-Drive scheme: Electric buses to take Bengaluru fleet size to over 10,000&nbsp;&nbsp;The Times of India', 'KSRTC to add 2,000 new buses, cashless travel this year - The Hindu. KSRTC to add 2,000 new buses, cashless travel this year&nbsp;&nbsp;The Hindu', 'Six years on, scrapping of JNNURM hits Karnataka STUs - The Times of India. Six years on, scrapping of JNNURM hits Karnataka STUs&nbsp;&nbsp;The Times of India', 'Karnataka’s 4 road transport corporations face Rs 1,694-crore deficit over Shakti scheme reimbursements: Minister Ramalinga Reddy - The Indian Express. Karnataka’s 4 road transport corporations face Rs 1,694-crore deficit over Shakti scheme reimbursements: Minister Ramalinga Reddy&nbsp;&nbsp;The Indian Express']","['Deccan Herald', 'Construction World', 'Deccan Herald', 'Moneycontrol.com', 'The Indian Express', 'Deccan Herald', 'The Times of India', 'The Hindu', 'The Times of India', 'The Indian Express']"
A102,To stop the mining Mafia and stop the loot of natural resources and make suitable changes to mining laws.,"Mining, Forest & Environment Protection","['Mining mafia destroying Aravali hills, looting public resources: Surjewala - The Hindu. Mining mafia destroying Aravali hills, looting public resources: Surjewala&nbsp;&nbsp;The Hindu', 'Illegal Soil Excavation in Broad Daylight: Soil Mafia Looting Government Land as Mining Officials Remain... - The Hans India. Illegal Soil Excavation in Broad Daylight: Soil Mafia Looting Government Land as Mining Officials Remain...&nbsp;&nbsp;The Hans India', ""Dotasara slams illegal mining reels inspired by 'Pushpa': Julie accuses BJP of mafia rule and employee atta... - Bhaskar English. Dotasara slams illegal mining reels inspired by 'Pushpa': Julie accuses BJP of mafia rule and employee atta...&nbsp;&nbsp;Bhaskar English"", 'Riverbed Mining India 2021 Overview: Govts’ Changing Policies to Mine Revenues - South Asia Network on Dams, Rivers and People. Riverbed Mining India 2021 Overview: Govts’ Changing Policies to Mine Revenues&nbsp;&nbsp;South Asia Network on Dams, Rivers and People', 'SAD demands CBI probe into 400 crore sand mining scam of AAP govt - The Indian Express. SAD demands CBI probe into 400 crore sand mining scam of AAP govt&nbsp;&nbsp;The Indian Express', 'Karnataka Sand Mining 2018: Hopeless, But Action Packed! - South Asia Network on Dams, Rivers and People. Karnataka Sand Mining 2018: Hopeless, But Action Packed!&nbsp;&nbsp;South Asia Network on Dams, Rivers and People', 'Madhya Pradesh River Sand Mining 2019: Rivers mined Dry; Govt not bothered - South Asia Network on Dams, Rivers and People. Madhya Pradesh River Sand Mining 2019: Rivers mined Dry; Govt not bothered&nbsp;&nbsp;South Asia Network on Dams, Rivers and People', 'Tamil Nadu Sand Mining 2018: Story of Nexus exposed by a brave Journalists - South Asia Network on Dams, Rivers and People. Tamil Nadu Sand Mining 2018: Story of Nexus exposed by a brave Journalists&nbsp;&nbsp;South Asia Network on Dams, Rivers and People', 'India’s Wildlife Conservation Milestones - PIB. India’s Wildlife Conservation Milestones&nbsp;&nbsp;PIB', 'Overview of Karnataka Budget 2023-24 - NammaKPSC. Overview of Karnataka Budget 2023-24&nbsp;&nbsp;NammaKPSC']","['The Hindu', 'The Hans India', 'Bhaskar English', 'South Asia Network on Dams, Rivers and People', 'The Indian Express', 'South Asia Network on Dams, Rivers and People', 'South Asia Network on Dams, Rivers and People', 'South Asia Network on Dams, Rivers and People', 'PIB', 'NammaKPSC']"
A101,To launch arural minibus program in collaboration with public participation,Transportation,['Mini-buses to serve TN rural areas from December; govt begins identifying routes - The New Indian Express. Mini-buses to serve TN rural areas from December; govt begins identifying routes&nbsp;&nbsp;The New Indian Express'],['The New Indian Express']
A104,Torejuvenate existing Indira Canteens and extend them throughout the state.,"Food, Civil Supplies and Consumer issues:","['22 Indira Canteens in State await inauguration for six months: Minister - The Hindu. 22 Indira Canteens in State await inauguration for six months: Minister&nbsp;&nbsp;The Hindu', 'Explained | The sorry state of affairs at Indira Canteens - The Hindu. Explained | The sorry state of affairs at Indira Canteens&nbsp;&nbsp;The Hindu', 'Karnataka’s Indira Canteen to be renamed after Valmiki, Cong says BJP playing politics - The Indian Express. Karnataka’s Indira Canteen to be renamed after Valmiki, Cong says BJP playing politics&nbsp;&nbsp;The Indian Express', 'Indira Rasois to Amma canteens: Subsidised meal schemes a key ingredient of states’ welfare pie - The Indian Express. Indira Rasois to Amma canteens: Subsidised meal schemes a key ingredient of states’ welfare pie&nbsp;&nbsp;The Indian Express', 'Indira Canteens to make a comeback, 250 in Bengaluru and more across Karnataka - The Times of India. Indira Canteens to make a comeback, 250 in Bengaluru and more across Karnataka&nbsp;&nbsp;The Times of India', 'Karnataka govt introduces new digital system to order food online from Indira Canteens: Report - Hindustan Times. Karnataka govt introduces new digital system to order food online from Indira Canteens: Report&nbsp;&nbsp;Hindustan Times', ""Karnataka launches 'Indira Canteen' in Bengaluru - The Hindu. Karnataka launches 'Indira Canteen' in Bengaluru&nbsp;&nbsp;The Hindu"", 'Indira Canteen opened at Bengaluru airport; CM announced 600 more across Karnataka - The Hindu. Indira Canteen opened at Bengaluru airport; CM announced 600 more across Karnataka&nbsp;&nbsp;The Hindu', 'Lok Sabha Elections: Disappointment with Karnataka govt over delay in revamping Indira Canteens - The Hindu. Lok Sabha Elections: Disappointment with Karnataka govt over delay in revamping Indira Canteens&nbsp;&nbsp;The Hindu', 'Karnataka to provide free food through Indira Canteens till May 24 - The Hindu. Karnataka to provide free food through Indira Canteens till May 24&nbsp;&nbsp;The Hindu']","['The Hindu', 'The Hindu', 'The Indian Express', 'The Indian Express', 'The Times of India', 'Hindustan Times', 'The Hindu', 'The Hindu', 'The Hindu', 'The Hindu']"
A103,ANNABHAGYA 10 kgs of free rice supply per person,"Food, Civil Supplies and Consumer issues:","[""Karnataka Congress revives 'Anna Bhagya' as poll guarantee: 10 kg free rice for BPL families - The South First. Karnataka Congress revives 'Anna Bhagya' as poll guarantee: 10 kg free rice for BPL families&nbsp;&nbsp;The South First"", 'Karnataka to end cash transfers under Anna Bhagya, full 10 kg rice distribution from February: Report | Bengaluru - Hindustan Times. Karnataka to end cash transfers under Anna Bhagya, full 10 kg rice distribution from February: Report | Bengaluru&nbsp;&nbsp;Hindustan Times', 'Karnataka to provide additional 5 kg rice instead of cash under Anna Bhagya from this month - The Hindu. Karnataka to provide additional 5 kg rice instead of cash under Anna Bhagya from this month&nbsp;&nbsp;The Hindu', 'Anna Bhagya scheme: Karnataka plans to replace cash aid for drought-hit taluks with 5 kg rice | India News - Hindustan Times. Anna Bhagya scheme: Karnataka plans to replace cash aid for drought-hit taluks with 5 kg rice | India News&nbsp;&nbsp;Hindustan Times', 'Anna Bhagya scheme | Karnataka BPL families will get cash instead of free rice promised - The Hindu. Anna Bhagya scheme | Karnataka BPL families will get cash instead of free rice promised&nbsp;&nbsp;The Hindu', 'CID team investigates illegal export of rice under annabhagya scheme - The Times of India. CID team investigates illegal export of rice under annabhagya scheme&nbsp;&nbsp;The Times of India', 'FCI told to stop rice supply in Karnataka, Centre trying to scuttle Anna Bhagya scheme: CM Siddaramaiah - The Times of India. FCI told to stop rice supply in Karnataka, Centre trying to scuttle Anna Bhagya scheme: CM Siddaramaiah&nbsp;&nbsp;The Times of India', 'Govt to end cash transfer, provide rice under Anna Bhagya - The Times of India. Govt to end cash transfer, provide rice under Anna Bhagya&nbsp;&nbsp;The Times of India', 'Karnataka: Anna Bhagya rice to be cut - The Times of India. Karnataka: Anna Bhagya rice to be cut&nbsp;&nbsp;The Times of India', 'Indira Food Kit To Replace Extra Rice Under Anna Bhagya Scheme In Karnataka - News18. Indira Food Kit To Replace Extra Rice Under Anna Bhagya Scheme In Karnataka&nbsp;&nbsp;News18']","['The South First', 'Hindustan Times', 'The Hindu', 'Hindustan Times', 'The Hindu', 'The Times of India', 'The Times of India', 'The Times of India', 'The Times of India', 'News18']"
A106,Toregulate the fees in the schools and to reduce the fees of BPL Students.,EDUCATION,"['Bihar plans reduce BPL lines through skill development trainings - Elets Technomedia. Bihar plans reduce BPL lines through skill development trainings&nbsp;&nbsp;Elets Technomedia', 'Govt plans to regulate pvt schools’ fee structures: HP education min - The Indian Express. Govt plans to regulate pvt schools’ fee structures: HP education min&nbsp;&nbsp;The Indian Express', 'Around 99.9% of BPL families’ bank accounts linked to Gruha Lakshmi scheme: Karnataka minister Lakshmi Hebbalkar ahead of launch - The Indian Express. Around 99.9% of BPL families’ bank accounts linked to Gruha Lakshmi scheme: Karnataka minister Lakshmi Hebbalkar ahead of launch&nbsp;&nbsp;The Indian Express', 'Preference for Kids from BPL Families for RTE Seats - The New Indian Express. Preference for Kids from BPL Families for RTE Seats&nbsp;&nbsp;The New Indian Express', 'SC Rules Kerala Cannot Create Corpus Fund from NRI Medical Fees Without Legislation - Deccan Herald. SC Rules Kerala Cannot Create Corpus Fund from NRI Medical Fees Without Legislation&nbsp;&nbsp;Deccan Herald', 'Kendriya Vidyalaya Bangalore Admission 2026-27: Registration, Last Date, Age Limit, Fees - Careers360. Kendriya Vidyalaya Bangalore Admission 2026-27: Registration, Last Date, Age Limit, Fees&nbsp;&nbsp;Careers360', 'Karnataka cabinet decides to put government schools first under RTE - The Times of India. Karnataka cabinet decides to put government schools first under RTE&nbsp;&nbsp;The Times of India', 'Kendriya Vidyalaya Admission 2026-27 Online Registration - Procedure for Classes 1-12 by KVS - Careers360. Kendriya Vidyalaya Admission 2026-27 Online Registration - Procedure for Classes 1-12 by KVS&nbsp;&nbsp;Careers360', 'Saving Mothers, Strengthening Futures - PIB. Saving Mothers, Strengthening Futures&nbsp;&nbsp;PIB', 'National Girl Child Day 2024: Govt Schemes for girls - The CSR Journal. National Girl Child Day 2024: Govt Schemes for girls&nbsp;&nbsp;The CSR Journal']","['Elets Technomedia', 'The Indian Express', 'The Indian Express', 'The New Indian Express', 'Deccan Herald', 'Careers360', 'The Times of India', 'Careers360', 'PIB', 'The CSR Journal']"
A105,To fill up all the vacancies of teachers and staff in Government and aided Schools/Colleges within one year,EDUCATION,"['Karnataka faces 45,590 teacher vacancies in government schools - The Times of India. Karnataka faces 45,590 teacher vacancies in government schools&nbsp;&nbsp;The Times of India', 'Recruitment of 18,000 teachers for govt. and aided schools under way in Karnataka, says Minister Madhu Bangarappa - The Hindu. Recruitment of 18,000 teachers for govt. and aided schools under way in Karnataka, says Minister Madhu Bangarappa&nbsp;&nbsp;The Hindu', 'Anbumani urges T.N. government to hold talks with Livelihood Mission workers, fill headmaster vacancies - The Hindu. Anbumani urges T.N. government to hold talks with Livelihood Mission workers, fill headmaster vacancies&nbsp;&nbsp;The Hindu', 'Why is India struggling to fill its teacher vacancies? - The Times of India. Why is India struggling to fill its teacher vacancies?&nbsp;&nbsp;The Times of India', 'Teacher recruitment in aided colleges in Maharashtra gets go-ahead - The Times of India. Teacher recruitment in aided colleges in Maharashtra gets go-ahead&nbsp;&nbsp;The Times of India', '‘Take steps to prevent closure of aided schools’: Basavaraj Horatti - Deccan Herald. ‘Take steps to prevent closure of aided schools’: Basavaraj Horatti&nbsp;&nbsp;Deccan Herald', 'EMRS Recruitment 2025 Out for 7267 Vacancies, Selection Process - Adda247. EMRS Recruitment 2025 Out for 7267 Vacancies, Selection Process&nbsp;&nbsp;Adda247', 'Maharashtra CM approves recruitment of 5,012 assistant professors in non-government colleges - The Times of India. Maharashtra CM approves recruitment of 5,012 assistant professors in non-government colleges&nbsp;&nbsp;The Times of India', 'Karnataka must raise health spending, fill vacancies and expand facilities, says report on assessment of public health facilities - The Hindu. Karnataka must raise health spending, fill vacancies and expand facilities, says report on assessment of public health facilities&nbsp;&nbsp;The Hindu', 'Process to recruit 18,600 teachers will begin soon: Minister - The Times of India. Process to recruit 18,600 teachers will begin soon: Minister&nbsp;&nbsp;The Times of India']","['The Times of India', 'The Hindu', 'The Hindu', 'The Times of India', 'The Times of India', 'Deccan Herald', 'Adda247', 'The Times of India', 'The Hindu', 'The Times of India']"
A108,To establish Karnataka State Educational Financial Corporation with a seed money of Rs.2000 Crores for the purpose of bringing all State Scholarships in respect of all the categories under one umbrella for speedy and quick disbursement.,EDUCATION,"['Karnataka govt initiates e-RUPI disbursement for education scholarship - The Hindu. Karnataka govt initiates e-RUPI disbursement for education scholarship&nbsp;&nbsp;The Hindu', 'Karnataka’s road transport corporations seek Rs 2,000-crore loan to clear bill dues - The Times of India. Karnataka’s road transport corporations seek Rs 2,000-crore loan to clear bill dues&nbsp;&nbsp;The Times of India', 'Karnataka government seeks aid from corporates to build public schools - The Times of India. Karnataka government seeks aid from corporates to build public schools&nbsp;&nbsp;The Times of India', 'Karnataka Budget proposes new hostels, minority residential schools and education support schemes - The Hindu. Karnataka Budget proposes new hostels, minority residential schools and education support schemes&nbsp;&nbsp;The Hindu', 'Azim Premji drops Rs 750 crore power move: 2.5 lakh scholarships for girls across 18 states - Syllad. Azim Premji drops Rs 750 crore power move: 2.5 lakh scholarships for girls across 18 states&nbsp;&nbsp;Syllad', 'Karnataka govt to launch employability assessment for STEM graduates in Kalaburagi - The Hindu. Karnataka govt to launch employability assessment for STEM graduates in Kalaburagi&nbsp;&nbsp;The Hindu', 'Azim Premji Foundation to Support 2.5 Lakh Girls with Higher Education Scholarships Across 18 States - TheCSRUniverse. Azim Premji Foundation to Support 2.5 Lakh Girls with Higher Education Scholarships Across 18 States&nbsp;&nbsp;TheCSRUniverse', 'Nirmala Sitharaman says Karnataka and Bengaluru are set to benefit under many schemes announced in Budget - The Hindu. Nirmala Sitharaman says Karnataka and Bengaluru are set to benefit under many schemes announced in Budget&nbsp;&nbsp;The Hindu', 'Malabar Gold earmarks ₹200 crore for CSR in FY27, focus on education and welfare - The Hans India. Malabar Gold earmarks ₹200 crore for CSR in FY27, focus on education and welfare&nbsp;&nbsp;The Hans India', 'Karnataka Darshan study tour launched for govt school students - The Times of India. Karnataka Darshan study tour launched for govt school students&nbsp;&nbsp;The Times of India']","['The Hindu', 'The Times of India', 'The Times of India', 'The Hindu', 'Syllad', 'The Hindu', 'TheCSRUniverse', 'The Hindu', 'The Hans India', 'The Times of India']"
A107,"The BJP government has distorted the text books by insulting the great souls of Karnataka like Vishwa Guru Basavanna, Rastrakavi Kuvempu. The congress will restore the true values of Bharath and Karnataka and Scientific Temper in the text books to make the students evolved and complete.",EDUCATION,"['Writers resign from govt. panels to protest Karnataka textbook revision and defaming of Kuvempu - The Hindu. Writers resign from govt. panels to protest Karnataka textbook revision and defaming of Kuvempu&nbsp;&nbsp;The Hindu', 'Karnataka govt forms panels for textbook revision, undo changes made during BJP regime | Bengaluru - Hindustan Times. Karnataka govt forms panels for textbook revision, undo changes made during BJP regime | Bengaluru&nbsp;&nbsp;Hindustan Times', 'Modi, BJP, RSS have made it an occupation to criticise Gandhiji and Nehru: Siddaramaiah - The Hindu. Modi, BJP, RSS have made it an occupation to criticise Gandhiji and Nehru: Siddaramaiah&nbsp;&nbsp;The Hindu', 'School textbooks to be revised in phased manner in Karnataka: Education minister Madhu Bangarappa - The Times of India. School textbooks to be revised in phased manner in Karnataka: Education minister Madhu Bangarappa&nbsp;&nbsp;The Times of India', 'Karnataka Budget: ‘Navu Manujaru’ to inculcate social harmony among students - The Hindu. Karnataka Budget: ‘Navu Manujaru’ to inculcate social harmony among students&nbsp;&nbsp;The Hindu', 'State govt. plans to provide reservation for Karnataka students in foreign universities to be established in State - The Hindu. State govt. plans to provide reservation for Karnataka students in foreign universities to be established in State&nbsp;&nbsp;The Hindu', '75% textbooks reach educational blocks ahead of school reopening in Karnataka - The Times of India. 75% textbooks reach educational blocks ahead of school reopening in Karnataka&nbsp;&nbsp;The Times of India', 'Karnataka Budget| Siddaramaiah presents his last budget before elections - The Hindu. Karnataka Budget| Siddaramaiah presents his last budget before elections&nbsp;&nbsp;The Hindu', 'Status quo to continue until new state education policy is formed: Karnataka Higher Education Minister - The Indian Express. Status quo to continue until new state education policy is formed: Karnataka Higher Education Minister&nbsp;&nbsp;The Indian Express', 'Panel to be formed soon to draft state’s education policy: Karnataka CM | India News - Hindustan Times. Panel to be formed soon to draft state’s education policy: Karnataka CM | India News&nbsp;&nbsp;Hindustan Times']","['The Hindu', 'Hindustan Times', 'The Hindu', 'The Times of India', 'The Hindu', 'The Hindu', 'The Times of India', 'The Hindu', 'The Indian Express', 'Hindustan Times']"
A110,To upgrade 2500 Government Schools as smart schools in the state.,EDUCATION,"['Winds of change sweep over 8,000 govt schools in Odisha with smart classes, internet - The Times of India. Winds of change sweep over 8,000 govt schools in Odisha with smart classes, internet&nbsp;&nbsp;The Times of India', 'All govt schools in Odisha have smart classrooms: Min - The Times of India. All govt schools in Odisha have smart classrooms: Min&nbsp;&nbsp;The Times of India', 'Over 7k govt schools in state face closure under KPS Magnet plan, alleges AISEC - The Times of India. Over 7k govt schools in state face closure under KPS Magnet plan, alleges AISEC&nbsp;&nbsp;The Times of India', 'Karnataka Cabinet Allocates Rs 2,500 Crore to Upgrade Higher Education Institutions - The Times of India. Karnataka Cabinet Allocates Rs 2,500 Crore to Upgrade Higher Education Institutions&nbsp;&nbsp;The Times of India', 'Karnataka govt launches smart classrooms, distributes tablets and PCs among students - The Indian Express. Karnataka govt launches smart classrooms, distributes tablets and PCs among students&nbsp;&nbsp;The Indian Express', '200 schools in Kalyana Karnataka upgraded to KPS under Akshara Avishkara scheme - The Times of India. 200 schools in Kalyana Karnataka upgraded to KPS under Akshara Avishkara scheme&nbsp;&nbsp;The Times of India', 'Karnataka to set up 2,500 smart classrooms for digital learning in next 2 months | Hindustan Times - Hindustan Times. Karnataka to set up 2,500 smart classrooms for digital learning in next 2 months | Hindustan Times&nbsp;&nbsp;Hindustan Times', 'Early action plan released to boost govt school admissions - The Times of India. Early action plan released to boost govt school admissions&nbsp;&nbsp;The Times of India', 'Introduction of smart classrooms has led to 22% increase in enrolment across 19 cities: report - The Hindu. Introduction of smart classrooms has led to 22% increase in enrolment across 19 cities: report&nbsp;&nbsp;The Hindu', ""Gurudev Sri Sri Ravi Shankar's Green Vision Shines in Sikkim as AOL-SSRDP and Schneider Electric Make Bariakhop School a Smart Model School on Its 75th Anniversary - Business Standard. Gurudev Sri Sri Ravi Shankar's Green Vision Shines in Sikkim as AOL-SSRDP and Schneider Electric Make Bariakhop School a Smart Model School on Its 75th Anniversary&nbsp;&nbsp;Business Standard""]","['The Times of India', 'The Times of India', 'The Times of India', 'The Times of India', 'The Indian Express', 'The Times of India', 'Hindustan Times', 'The Times of India', 'The Hindu', 'Business Standard']"
A109,To increase the income limit from Rs.3.5 lakhs to Rs.5 Lakhs under RTE Act for eligibility for admission to schools.,EDUCATION,"['Gujarat sees rise in RTE applications after increasing income limit - The Times of India. Gujarat sees rise in RTE applications after increasing income limit&nbsp;&nbsp;The Times of India', 'Karnataka government makes registration of all private schools under RTE Act mandatory - The Hindu. Karnataka government makes registration of all private schools under RTE Act mandatory&nbsp;&nbsp;The Hindu', 'Parents’ body seeks extension of dates for admission under RTE - The Times of India. Parents’ body seeks extension of dates for admission under RTE&nbsp;&nbsp;The Times of India', 'State govts find myriad excuses as private schools stall RTE admissions - The Federal. State govts find myriad excuses as private schools stall RTE admissions&nbsp;&nbsp;The Federal', 'Revised age criteria introduced for admission under RTE - The Times of India. Revised age criteria introduced for admission under RTE&nbsp;&nbsp;The Times of India', 'Complaints filed over ineligible intakes under RTE - The Times of India. Complaints filed over ineligible intakes under RTE&nbsp;&nbsp;The Times of India', 'Delhi EWS, DG admissions 2026 open online for private schools under RTE quota; check documnets required a - The Times of India. Delhi EWS, DG admissions 2026 open online for private schools under RTE quota; check documnets required a&nbsp;&nbsp;The Times of India', 'Reimburse pending RTE dues urgently: Pvt schools - The Times of India. Reimburse pending RTE dues urgently: Pvt schools&nbsp;&nbsp;The Times of India', 'TN RTE admissions 2026–27: Key dates, eligibility and how to apply - The Times of India. TN RTE admissions 2026–27: Key dates, eligibility and how to apply&nbsp;&nbsp;The Times of India', 'Gujarat RTE admissions 2026 begin for over 84,000 seats in private schools at rte.orpgujarat.com; check d - The Times of India. Gujarat RTE admissions 2026 begin for over 84,000 seats in private schools at rte.orpgujarat.com; check d&nbsp;&nbsp;The Times of India']","['The Times of India', 'The Hindu', 'The Times of India', 'The Federal', 'The Times of India', 'The Times of India', 'The Times of India', 'The Times of India', 'The Times of India', 'The Times of India']"
A112,To fill up vacancies of staffand doctors in all Government Hospitals.,Health Services,"['Long-standing critical vacancies in government hospitals filled through online counselling system in transfers, says Minister Dinesh Gundu Rao - The Hindu. Long-standing critical vacancies in government hospitals filled through online counselling system in transfers, says Minister Dinesh Gundu Rao&nbsp;&nbsp;The Hindu', 'State govt. to fill vacancies in Health Department in phases - The Hindu. State govt. to fill vacancies in Health Department in phases&nbsp;&nbsp;The Hindu', 'Annamalai criticises DMK govt. over vacancies of doctors in T.N. hospitals - The Hindu. Annamalai criticises DMK govt. over vacancies of doctors in T.N. hospitals&nbsp;&nbsp;The Hindu', 'Ahead of Budget session, doctors urge T.N. government to double staff strength in hospitals - The Hindu. Ahead of Budget session, doctors urge T.N. government to double staff strength in hospitals&nbsp;&nbsp;The Hindu', 'Karnataka Health Department identifies ‘critical vacancies’ to fill on priority; makes rural postings compulsory for all - The Hindu. Karnataka Health Department identifies ‘critical vacancies’ to fill on priority; makes rural postings compulsory for all&nbsp;&nbsp;The Hindu', 'Andhra Pradesh govt fills 41 assistant professor posts at government general hospitals and super-specialt - The Times of India. Andhra Pradesh govt fills 41 assistant professor posts at government general hospitals and super-specialt&nbsp;&nbsp;The Times of India', 'Shot in arm for govt hospitals: 700 doctors to be appointed in March in Haryana - The Times of India. Shot in arm for govt hospitals: 700 doctors to be appointed in March in Haryana&nbsp;&nbsp;The Times of India', 'Over 3,000 doctors to be recruited in Karnataka govt hospitals to battle shortage: Health minister - The Indian Express. Over 3,000 doctors to be recruited in Karnataka govt hospitals to battle shortage: Health minister&nbsp;&nbsp;The Indian Express', 'HC directs top officials to enumerate vacant doctors’ posts in Maharashtra hospitals - The Hindu. HC directs top officials to enumerate vacant doctors’ posts in Maharashtra hospitals&nbsp;&nbsp;The Hindu', 'One in three govt doctor posts vacant in Telangana, tertiary care worst-hit - The Times of India. One in three govt doctor posts vacant in Telangana, tertiary care worst-hit&nbsp;&nbsp;The Times of India']","['The Hindu', 'The Hindu', 'The Hindu', 'The Hindu', 'The Hindu', 'The Times of India', 'The Times of India', 'The Indian Express', 'The Hindu', 'The Times of India']"
A111,"To bear the college fee of 10% of the government school students on merit who study 6-12th class in Karnataka and secure an MBBS/IIT/IIM/Engineering seat on passing competitive examinations, in any college in India.",EDUCATION,"['Karnataka Government Scholarship: Farmer Student Scholarship - karnataka.com. Karnataka Government Scholarship: Farmer Student Scholarship&nbsp;&nbsp;karnataka.com', 'Shaheen Group of Institutions Announces ‘Shaheen Special Scholarship’ scheme for Kannada and Urdu medium students across Karnataka - The Hindustan Gazette. Shaheen Group of Institutions Announces ‘Shaheen Special Scholarship’ scheme for Kannada and Urdu medium students across Karnataka&nbsp;&nbsp;The Hindustan Gazette', 'Overview of Karnataka Budget 2023-24 - NammaKPSC. Overview of Karnataka Budget 2023-24&nbsp;&nbsp;NammaKPSC', 'Telangana Assembly| Akbaruddin Owaisi demands immediate steps to release fee reimbursement dues to students - The Hindu. Telangana Assembly| Akbaruddin Owaisi demands immediate steps to release fee reimbursement dues to students&nbsp;&nbsp;The Hindu', 'Shaheen Group Announces Special Scholarship for 500 Students from Government and Aided Schools - The Hindustan Gazette. Shaheen Group Announces Special Scholarship for 500 Students from Government and Aided Schools&nbsp;&nbsp;The Hindustan Gazette', '“SHRESHTA” Scheme for Meritorious Students of Scheduled Castes Launched by MoSJE Minister Dr. Virendra Kumar - AffairsCloud.com. “SHRESHTA” Scheme for Meritorious Students of Scheduled Castes Launched by MoSJE Minister Dr. Virendra Kumar&nbsp;&nbsp;AffairsCloud.com', 'Is Minority Benefiting at the Cost of Majority? A Report on Central & State Govt schemes - indiafacts.org. Is Minority Benefiting at the Cost of Majority? A Report on Central & State Govt schemes&nbsp;&nbsp;indiafacts.org', 'List of School, College Students Scholarships In Maharashtra, Delhi - Careers360. List of School, College Students Scholarships In Maharashtra, Delhi&nbsp;&nbsp;Careers360', 'PM Uchchatar Shiksha Protsahan Scholarship: Know about the scheme, eligibility & more | Hindustan Times - Hindustan Times. PM Uchchatar Shiksha Protsahan Scholarship: Know about the scheme, eligibility & more | Hindustan Times&nbsp;&nbsp;Hindustan Times', 'Mukhyamantri Medhavi Vidhyarti Yojana: Eligibility, Benefits, and Registration - Physics Wallah. Mukhyamantri Medhavi Vidhyarti Yojana: Eligibility, Benefits, and Registration&nbsp;&nbsp;Physics Wallah']","['karnataka.com', 'The Hindustan Gazette', 'NammaKPSC', 'The Hindu', 'The Hindustan Gazette', 'AffairsCloud.com', 'indiafacts.org', 'Careers360', 'Hindustan Times', 'Physics Wallah']"
A114,To extend Rashtriya Swasthya Bhima Yojna and bring all the health schemes under one umbrella and extend it to gig workers.,Health Services,"['Ayushman Bharat – Universal Healthcare Scheme & Key Initiatives - IBEF. Ayushman Bharat – Universal Healthcare Scheme & Key Initiatives&nbsp;&nbsp;IBEF', 'Kerala’s Karunya Arogya Suraksha Padhathi - GK Today. Kerala’s Karunya Arogya Suraksha Padhathi&nbsp;&nbsp;GK Today', 'The Saviour - Forbes India. The Saviour&nbsp;&nbsp;Forbes India', 'Budget 2018: Jaitley’s ‘World’s Largest Health Programme’ Rejigs Flailing Old Ones - The Wire Science. Budget 2018: Jaitley’s ‘World’s Largest Health Programme’ Rejigs Flailing Old Ones&nbsp;&nbsp;The Wire Science', 'Health Insurance For Poor: Fact or Myth? - Indiaspend. Health Insurance For Poor: Fact or Myth?&nbsp;&nbsp;Indiaspend', 'Congress Karnataka manifesto highlights: Increase in quota ceiling, a whistleblower protection act & ban on groups spreading hate - The Indian Express. Congress Karnataka manifesto highlights: Increase in quota ceiling, a whistleblower protection act & ban on groups spreading hate&nbsp;&nbsp;The Indian Express', '4 new medical colleges to come up in Chhattisgarh - Medical Dialogues. 4 new medical colleges to come up in Chhattisgarh&nbsp;&nbsp;Medical Dialogues', 'Path to privatisation - Frontline Magazine. Path to privatisation&nbsp;&nbsp;Frontline Magazine']","['IBEF', 'GK Today', 'Forbes India', 'The Wire Science', 'Indiaspend', 'The Indian Express', 'Medical Dialogues', 'Frontline Magazine']"
A115,"To ensure that everyone gets the medicine at a reasonable price, 10 Kasturba Aushadha Kendras in each Taluk.",Health Services,[],[]
A116,"To establish one Jayadeva like Heart Hospital, Kidwai like Cancer Hospital and NIMHANS type Psychiatric Hospitals in each revenue Division.",Health Services,"['Trauma centre to start offering services in three months, says Medical Education Minister Sharan Prakash Patil - The Hindu. Trauma centre to start offering services in three months, says Medical Education Minister Sharan Prakash Patil&nbsp;&nbsp;The Hindu', '‘Only 3% of Congress manifesto promises fulfilled’: Report - The Indian Express. ‘Only 3% of Congress manifesto promises fulfilled’: Report&nbsp;&nbsp;The Indian Express', 'Only 3% of promises in Congress manifesto fulfilled in Karnataka, says report - The New Indian Express. Only 3% of promises in Congress manifesto fulfilled in Karnataka, says report&nbsp;&nbsp;The New Indian Express']","['The Hindu', 'The Indian Express', 'The New Indian Express']"
A117,Puneeth Rajkumar Heart Health Scheme To offer subsidy to Doctors/ Clinics/Nursing Home to buy DEFIBRILLATOR (AED).,Health Services,"['Karnataka to launch scheme for heart patients as tribute to Puneeth Rajkumar - India Today. Karnataka to launch scheme for heart patients as tribute to Puneeth Rajkumar&nbsp;&nbsp;India Today', 'Karnataka’s heart attack management programme is now ‘Puneeth Rajkumar Hrudaya Jyothi’ scheme - The Hindu. Karnataka’s heart attack management programme is now ‘Puneeth Rajkumar Hrudaya Jyothi’ scheme&nbsp;&nbsp;The Hindu', ""Puneeth Rajkumar Hrudaya Jyoti Yojana launched in K'taka to provide treatment to cardiac arrest patients - Deccan Herald. Puneeth Rajkumar Hrudaya Jyoti Yojana launched in K'taka to provide treatment to cardiac arrest patients&nbsp;&nbsp;Deccan Herald"", 'Karnataka launches Dr Puneeth Rajkumar Hrudaya Jyoti Yojana for cardiac issues | Bengaluru - Hindustan Times. Karnataka launches Dr Puneeth Rajkumar Hrudaya Jyoti Yojana for cardiac issues | Bengaluru&nbsp;&nbsp;Hindustan Times', ""Karnataka focus on heart health: Defibrillators in public places; hub-and-spoke model for 'golden hour' critical care - The South First. Karnataka focus on heart health: Defibrillators in public places; hub-and-spoke model for 'golden hour' critical care&nbsp;&nbsp;The South First"", 'Karnataka Assembly Elections 2023 | Congress releases manifesto, promises to repeal ‘anti-people laws’ passed by BJP - The Hindu. Karnataka Assembly Elections 2023 | Congress releases manifesto, promises to repeal ‘anti-people laws’ passed by BJP&nbsp;&nbsp;The Hindu']","['India Today', 'The Hindu', 'Deccan Herald', 'Hindustan Times', 'The South First', 'The Hindu']"
A118,"To ensure that all homeless families in Karnataka have a dwelling house under the existing schemes, within 5 years.",Housing,"['Efforts on to identify, rehabilitate Kogilu dwellers under housing scheme: Minister - Vartha Bharati. Efforts on to identify, rehabilitate Kogilu dwellers under housing scheme: Minister&nbsp;&nbsp;Vartha Bharati', 'Jharkhand cabinet approves free housing scheme for 800k poor families | Hindustan Times - Hindustan Times. Jharkhand cabinet approves free housing scheme for 800k poor families | Hindustan Times&nbsp;&nbsp;Hindustan Times', 'Funds allocated for houses under LIFE project for extremely poor families - The Hindu. Funds allocated for houses under LIFE project for extremely poor families&nbsp;&nbsp;The Hindu', '12 lakh homeless families in Kerala - Deccan Chronicle. 12 lakh homeless families in Kerala&nbsp;&nbsp;Deccan Chronicle', 'Over 150 families left homeless after demolition drive in Yelahanka - The Hindu. Over 150 families left homeless after demolition drive in Yelahanka&nbsp;&nbsp;The Hindu', 'Mamata launches housing scheme for rural poor in Bengal - The Hindu. Mamata launches housing scheme for rural poor in Bengal&nbsp;&nbsp;The Hindu', 'Housing and Shelter Scheme List, PMAY Apply Online 2025 - Physics Wallah. Housing and Shelter Scheme List, PMAY Apply Online 2025&nbsp;&nbsp;Physics Wallah', 'CM launches housing scheme for the poor - The Times of India. CM launches housing scheme for the poor&nbsp;&nbsp;The Times of India', 'Yelahanka eviction unavoidable, displaced families to be rehabilitated: Siddaramaiah - The Federal. Yelahanka eviction unavoidable, displaced families to be rehabilitated: Siddaramaiah&nbsp;&nbsp;The Federal', 'Why Jharkhand govt has approved a new Rs 16,000 crore housing scheme - The Indian Express. Why Jharkhand govt has approved a new Rs 16,000 crore housing scheme&nbsp;&nbsp;The Indian Express']","['Vartha Bharati', 'Hindustan Times', 'The Hindu', 'Deccan Chronicle', 'The Hindu', 'The Hindu', 'Physics Wallah', 'The Times of India', 'The Federal', 'The Indian Express']"
A119,To waive offall Housing Loans under various Government Housing Schemes as a onetime measure.,Housing,"['Govt waives interest on interest for loans up to ₹2 crore - The Hindu. Govt waives interest on interest for loans up to ₹2 crore&nbsp;&nbsp;The Hindu', 'Farm loan waiver scheme of coalition govt. reaches 90% of eligible farmers - The Hindu. Farm loan waiver scheme of coalition govt. reaches 90% of eligible farmers&nbsp;&nbsp;The Hindu', 'Farm loan waiver: Karnataka government still scrounging for funds - The Times of India. Farm loan waiver: Karnataka government still scrounging for funds&nbsp;&nbsp;The Times of India', 'Karnataka announces farm loan waiver in one-go - The Hindu. Karnataka announces farm loan waiver in one-go&nbsp;&nbsp;The Hindu', 'Loan waiver dates back to decades - The Times of India. Loan waiver dates back to decades&nbsp;&nbsp;The Times of India', '‘One time settlement scheme registration from Dec 8’ - The Hindu. ‘One time settlement scheme registration from Dec 8’&nbsp;&nbsp;The Hindu', 'Karnataka announces waiver of commercial farm loans in one go - The Hindu. Karnataka announces waiver of commercial farm loans in one go&nbsp;&nbsp;The Hindu', 'State govt. to cancel some old schemes to fund relief works - The Hindu. State govt. to cancel some old schemes to fund relief works&nbsp;&nbsp;The Hindu', '31,000 Karnataka farmers yet to get loan waiver of Rs 167.5 crore - The Times of India. 31,000 Karnataka farmers yet to get loan waiver of Rs 167.5 crore&nbsp;&nbsp;The Times of India', 'Karnataka budget: Loan waiver of Rs 25,000 for farmers with borrowings below Rs 2 lakh - The Times of India. Karnataka budget: Loan waiver of Rs 25,000 for farmers with borrowings below Rs 2 lakh&nbsp;&nbsp;The Times of India']","['The Hindu', 'The Hindu', 'The Times of India', 'The Hindu', 'The Times of India', 'The Hindu', 'The Hindu', 'The Hindu', 'The Times of India', 'The Times of India']"
A120,To increase State Government subsidy of Rs. 3.5 lakhs to housing projects of the poor,Housing,"['State to give additional ₹3.5 lakh per house for poor under PM Awas Yojana - The Hindu. State to give additional ₹3.5 lakh per house for poor under PM Awas Yojana&nbsp;&nbsp;The Hindu', 'Government to build 5 lakh houses for poor in the State, says Housing Minister Somanna - The Hindu. Government to build 5 lakh houses for poor in the State, says Housing Minister Somanna&nbsp;&nbsp;The Hindu', 'Housing loan up to Rs. 5 lakh for poor minorities - The Hindu. Housing loan up to Rs. 5 lakh for poor minorities&nbsp;&nbsp;The Hindu', 'Telangana housing scheme: Orders issued to form Indiramma Committees for implementation of ₹5 lakh assistance to poor - The Hindu. Telangana housing scheme: Orders issued to form Indiramma Committees for implementation of ₹5 lakh assistance to poor&nbsp;&nbsp;The Hindu', 'Maharashtra to give additional ₹50K subsidy for rural homes under PMAY - The Hindu. Maharashtra to give additional ₹50K subsidy for rural homes under PMAY&nbsp;&nbsp;The Hindu', 'PMAY-U 2.0: Govt allocates Rs 4,000 crore for credit-linked subsidy scheme in budget - The Times of India. PMAY-U 2.0: Govt allocates Rs 4,000 crore for credit-linked subsidy scheme in budget&nbsp;&nbsp;The Times of India', 'Only 2 lakh of 19 lakh urban homes target met in decade: State Economic Survey - The Times of India. Only 2 lakh of 19 lakh urban homes target met in decade: State Economic Survey&nbsp;&nbsp;The Times of India', 'Centre approves construction of 2.35 lakh houses under PMAY - The Hindu. Centre approves construction of 2.35 lakh houses under PMAY&nbsp;&nbsp;The Hindu', 'Andhra Pradesh presents ₹3.32 lakh crore budget for 2026–27, prioritises education, welfare and fiscal reforms - The Hindu. Andhra Pradesh presents ₹3.32 lakh crore budget for 2026–27, prioritises education, welfare and fiscal reforms&nbsp;&nbsp;The Hindu', 'Andhra Pradesh Government presents Budget with an outlay ₹2.94 lakh crore - The Hindu. Andhra Pradesh Government presents Budget with an outlay ₹2.94 lakh crore&nbsp;&nbsp;The Hindu']","['The Hindu', 'The Hindu', 'The Hindu', 'The Hindu', 'The Hindu', 'The Times of India', 'The Times of India', 'The Hindu', 'The Hindu', 'The Hindu']"
A113,"To establish along all the national highways, a fully equipped trauma centre in every 100 KMs.",Health Services,"['6 months after grand launch, ‘state-of-the-art’ Chandigarh govt trauma centre ceiling collapses due to ra - The Times of India. 6 months after grand launch, ‘state-of-the-art’ Chandigarh govt trauma centre ceiling collapses due to ra&nbsp;&nbsp;The Times of India', 'Is there provision for emergency care on highways, SC asks Centre - The Hindu. Is there provision for emergency care on highways, SC asks Centre&nbsp;&nbsp;The Hindu', 'Concrete promises, crumbling highway: Traffic woes at National Highway-48 and Ghodbunder | Mumbai news - Hindustan Times. Concrete promises, crumbling highway: Traffic woes at National Highway-48 and Ghodbunder | Mumbai news&nbsp;&nbsp;Hindustan Times', 'Karnataka asks National Highways Authority of India to build flyover to decongest Hebbal junction in Beng - The Times of India. Karnataka asks National Highways Authority of India to build flyover to decongest Hebbal junction in Beng&nbsp;&nbsp;The Times of India', 'Panaji-Hyderabad national highway project work gathers pace - The Times of India. Panaji-Hyderabad national highway project work gathers pace&nbsp;&nbsp;The Times of India', '₹10-crore Trauma Care Upgrade Cleared for Mysuru and Chamarajanagar Hospitals - IndiaMedToday. ₹10-crore Trauma Care Upgrade Cleared for Mysuru and Chamarajanagar Hospitals&nbsp;&nbsp;IndiaMedToday', 'Centre to focus on 100 high-risk districts to cut road accident deaths - The Hindu. Centre to focus on 100 high-risk districts to cut road accident deaths&nbsp;&nbsp;The Hindu', 'Road Accidents - GK Today. Road Accidents&nbsp;&nbsp;GK Today', 'Transforming India’s Road Safety Landscape - Drishti IAS. Transforming India’s Road Safety Landscape&nbsp;&nbsp;Drishti IAS', 'Tamil Nadu’s emergency care centres treat 2.29 lakh patients in 12 years - The Hindu. Tamil Nadu’s emergency care centres treat 2.29 lakh patients in 12 years&nbsp;&nbsp;The Hindu']","['The Times of India', 'The Hindu', 'Hindustan Times', 'The Times of India', 'The Times of India', 'IndiaMedToday', 'The Hindu', 'GK Today', 'Drishti IAS', 'The Hindu']"
A122,To release the Socio-Economic caste censes conducted by the congress government and accord social justice accordingly,SC/ST/OBC/ Minority Communities,"['Siddaramaiah welcomes Centre’s decision on caste census, but says there should be socio-economic survey too - The Hindu. Siddaramaiah welcomes Centre’s decision on caste census, but says there should be socio-economic survey too&nbsp;&nbsp;The Hindu', 'Karnataka Cabinet’s acceptance of caste census report: Chunk of credit goes to Congress high command - The Hindu. Karnataka Cabinet’s acceptance of caste census report: Chunk of credit goes to Congress high command&nbsp;&nbsp;The Hindu', 'AHINDA groups urge Rahul Gandhi to rein in Congress MLAs opposing caste census report in Karnataka - The Hindu. AHINDA groups urge Rahul Gandhi to rein in Congress MLAs opposing caste census report in Karnataka&nbsp;&nbsp;The Hindu', 'Government approves caste census: What is it and why it matters - Explained - The Times of India. Government approves caste census: What is it and why it matters - Explained&nbsp;&nbsp;The Times of India', 'BJP and RSS have no faith in social justice, Karnataka CM Siddaramaiah - The Hindu. BJP and RSS have no faith in social justice, Karnataka CM Siddaramaiah&nbsp;&nbsp;The Hindu', 'Lingayats and Vokkaligas want implementation of ‘caste census’ put on hold till enumeration by Union govt. - The Hindu. Lingayats and Vokkaligas want implementation of ‘caste census’ put on hold till enumeration by Union govt.&nbsp;&nbsp;The Hindu', 'Caste census report will be tabled in the Legislature after Cabinet discussion, says Siddaramaiah - The Hindu. Caste census report will be tabled in the Legislature after Cabinet discussion, says Siddaramaiah&nbsp;&nbsp;The Hindu', 'Internal quota: Karnataka government issues guidelines for fresh caste certificates - The Hindu. Internal quota: Karnataka government issues guidelines for fresh caste certificates&nbsp;&nbsp;The Hindu', 'Internal reservation: Survey to map SCs and their socio-economic and education levels in Karnataka to begin today - The Hindu. Internal reservation: Survey to map SCs and their socio-economic and education levels in Karnataka to begin today&nbsp;&nbsp;The Hindu', '‘Caste census report scrapped due to opposition from some sections in Karnataka’ - The Hindu. ‘Caste census report scrapped due to opposition from some sections in Karnataka’&nbsp;&nbsp;The Hindu']","['The Hindu', 'The Hindu', 'The Hindu', 'The Times of India', 'The Hindu', 'The Hindu', 'The Hindu', 'The Hindu', 'The Hindu', 'The Hindu']"
A121,"To increase the celing and reservation from 50% to 75% to accommodate the hopes and aspirations of SC/ST/OBC/Minority/ and other communities like Lingayat and Vokkliggas. The Congress party committed to increase reservation for SC’s from 15% to 17%, for ST’s 3% to 7%, and restore minority reservation 4% and increase reservations Lingayat’s, Vokkaliggas’s and other communities and to pursue for inclusion in the 9th Schedule of the Constitution.",SC/ST/OBC/ Minority Communities,"['Karnataka sets up ministerial panel on providing internal reservation for SCs - The Hindu. Karnataka sets up ministerial panel on providing internal reservation for SCs&nbsp;&nbsp;The Hindu', 'BJP loses 39 of 51 SC/ST seats despite quota hike in Karnataka - The Times of India. BJP loses 39 of 51 SC/ST seats despite quota hike in Karnataka&nbsp;&nbsp;The Times of India', ""Karnataka: Congress Makes A Bid To Woo Kannada Actor Sudeep To Gain Traction Among Valmiki Community After BJP's ST Quota Gambit - Swarajyamag. Karnataka: Congress Makes A Bid To Woo Kannada Actor Sudeep To Gain Traction Among Valmiki Community After BJP's ST Quota Gambit&nbsp;&nbsp;Swarajyamag"", 'Karnataka: Congress promises to restore 4% reservation for Muslims if it wins Assembly polls - Scroll.in. Karnataka: Congress promises to restore 4% reservation for Muslims if it wins Assembly polls&nbsp;&nbsp;Scroll.in', ""Karnataka's 4% Muslim reservation — from history to election rhetoric - CNBC TV18. Karnataka's 4% Muslim reservation — from history to election rhetoric&nbsp;&nbsp;CNBC TV18"", 'Internal reservation issue may haunt Karnataka Congress ahead of Lok Sabha polls - The Times of India. Internal reservation issue may haunt Karnataka Congress ahead of Lok Sabha polls&nbsp;&nbsp;The Times of India', 'Karnataka Assembly Elections 2023 | Congress releases manifesto, promises to repeal ‘anti-people laws’ passed by BJP - The Hindu. Karnataka Assembly Elections 2023 | Congress releases manifesto, promises to repeal ‘anti-people laws’ passed by BJP&nbsp;&nbsp;The Hindu', ""Delegation seeks Karnataka CM's intervention in issues over internal reservation for recruitment - The New Indian Express. Delegation seeks Karnataka CM's intervention in issues over internal reservation for recruitment&nbsp;&nbsp;The New Indian Express"", 'Examining the BJP and Congress manifestos in Karnataka: A comparative look - The Indian Express. Examining the BJP and Congress manifestos in Karnataka: A comparative look&nbsp;&nbsp;The Indian Express', 'Internal quota gets guv nod, govt to fill 56K vacancies - The Times of India. Internal quota gets guv nod, govt to fill 56K vacancies&nbsp;&nbsp;The Times of India']","['The Hindu', 'The Times of India', 'Swarajyamag', 'Scroll.in', 'CNBC TV18', 'The Times of India', 'The Hindu', 'The New Indian Express', 'The Indian Express', 'The Times of India']"
A124,To provide house to all SC/ST families in the next five years. Government to build houses for SC/STs,SC/ST/OBC/ Minority Communities,"['State govt. to utilise SC/ST funds to implement guarantee schemes for community members - The Hindu. State govt. to utilise SC/ST funds to implement guarantee schemes for community members&nbsp;&nbsp;The Hindu', 'Karnataka budget 2025: CM Siddaramaiah allocates Rs 42,018 crore for SC/ST welfare - The News Minute. Karnataka budget 2025: CM Siddaramaiah allocates Rs 42,018 crore for SC/ST welfare&nbsp;&nbsp;The News Minute', 'NCSC notice to Karnataka over ‘diversion’ of SC/ST sub-plan funds for guarantees - The Hindu. NCSC notice to Karnataka over ‘diversion’ of SC/ST sub-plan funds for guarantees&nbsp;&nbsp;The Hindu', 'Transfer of SCSP-TSP funds to guarantee schemes is as per law for ‘exclusive’ use of SC/ST population: Priyank Kharge - The Hindu. Transfer of SCSP-TSP funds to guarantee schemes is as per law for ‘exclusive’ use of SC/ST population: Priyank Kharge&nbsp;&nbsp;The Hindu', 'Implement population-based SC/ST quota, CM urges Centre - The Times of India. Implement population-based SC/ST quota, CM urges Centre&nbsp;&nbsp;The Times of India', 'Housing For All: 5 Lakh Families To Get Keys By Next Ugadi - Deccan Chronicle. Housing For All: 5 Lakh Families To Get Keys By Next Ugadi&nbsp;&nbsp;Deccan Chronicle', 'Naidu sets target of 17 lakh houses in 3 years - The Times of India. Naidu sets target of 17 lakh houses in 3 years&nbsp;&nbsp;The Times of India', '42,000 houses built under PM Awas Yojana to be handed over to beneficiaries in Karnataka - The Hindu. 42,000 houses built under PM Awas Yojana to be handed over to beneficiaries in Karnataka&nbsp;&nbsp;The Hindu', '2,419 houses under PMAY are under construction in Raichur, says Minister - The Hindu. 2,419 houses under PMAY are under construction in Raichur, says Minister&nbsp;&nbsp;The Hindu', 'Karnataka govt approves occupancy certificate exemption for buildings on small plots in municipalities - The Indian Express. Karnataka govt approves occupancy certificate exemption for buildings on small plots in municipalities&nbsp;&nbsp;The Indian Express']","['The Hindu', 'The News Minute', 'The Hindu', 'The Hindu', 'The Times of India', 'Deccan Chronicle', 'The Times of India', 'The Hindu', 'The Hindu', 'The Indian Express']"
A123,To present the report of Justice Sadashiva Commission in the first session of the Legislative Assembly and Legislative Council and the Congress Party will strive to get justice to all the sub-groups and urge the Union Government to accept it.,SC/ST/OBC/ Minority Communities,"['The Mirage of the Sadashiva Commission Report Exposes BJPs Politics in Karnataka - TheWire.in. The Mirage of the Sadashiva Commission Report Exposes BJPs Politics in Karnataka&nbsp;&nbsp;TheWire.in', 'Sadashiva Commission recommends internal reservation among SCs - The Hindu. Sadashiva Commission recommends internal reservation among SCs&nbsp;&nbsp;The Hindu', 'Congress makes 10 declarations for SC/ST welfare - The Hindu. Congress makes 10 declarations for SC/ST welfare&nbsp;&nbsp;The Hindu', 'Karnataka Assembly Elections 2023 | Congress releases manifesto, promises to repeal ‘anti-people laws’ passed by BJP - The Hindu. Karnataka Assembly Elections 2023 | Congress releases manifesto, promises to repeal ‘anti-people laws’ passed by BJP&nbsp;&nbsp;The Hindu', 'Dalit left groups in Karnataka to start protest from August 11 seeking immediate implementation of Nagamohan Das panel report on internal quota - The Hindu. Dalit left groups in Karnataka to start protest from August 11 seeking immediate implementation of Nagamohan Das panel report on internal quota&nbsp;&nbsp;The Hindu', 'Prominent Dalit leaders join Congress in Karnataka ahead of 2023 Assembly polls - The News Minute. Prominent Dalit leaders join Congress in Karnataka ahead of 2023 Assembly polls&nbsp;&nbsp;The News Minute', 'Report on Karnataka SC population presented to CM Siddaramiah, internal quota decision likely at cabinet meeting - The Indian Express. Report on Karnataka SC population presented to CM Siddaramiah, internal quota decision likely at cabinet meeting&nbsp;&nbsp;The Indian Express', 'Karnataka Politics: Bommai Slams Congress on SC Quota, BJP Plans Stir - Deccan Herald. Karnataka Politics: Bommai Slams Congress on SC Quota, BJP Plans Stir&nbsp;&nbsp;Deccan Herald', 'Nagmohan Das submits recommendations on internal reservation for SCs in Karnataka - The Hindu. Nagmohan Das submits recommendations on internal reservation for SCs in Karnataka&nbsp;&nbsp;The Hindu', 'Officials told to ensure effective implementation of SCP, TSP - The Hindu. Officials told to ensure effective implementation of SCP, TSP&nbsp;&nbsp;The Hindu']","['TheWire.in', 'The Hindu', 'The Hindu', 'The Hindu', 'The Hindu', 'The News Minute', 'The Indian Express', 'Deccan Herald', 'The Hindu', 'The Hindu']"
A125,"To provide every year, subsidy and loan with 3% interest to 25,000 youth of SC/ST communities under Airavata Scheme, for purchase of Taxi, Goods, Vehicle, three wheelers, four wheelers and other vehicles for selfemployment.",SC/ST/OBC/ Minority Communities,"['First 70 cars under self-employment scheme Airavata for SC/ST youth flagged off - Bangalore Mirror. First 70 cars under self-employment scheme Airavata for SC/ST youth flagged off&nbsp;&nbsp;Bangalore Mirror', 'Scheme launched for SC/ST youth - The Hindu. Scheme launched for SC/ST youth&nbsp;&nbsp;The Hindu', 'Entrepreneurship scheme Samruddhi launched - The Hindu. Entrepreneurship scheme Samruddhi launched&nbsp;&nbsp;The Hindu']","['Bangalore Mirror', 'The Hindu', 'The Hindu']"
A126,To take action to fill all the backlog vacancies within one year.,SC/ST/OBC/ Minority Communities,"['SC slams Centre over failure to implement provisions of disability act, fill backlog vacancies - The Hindu. SC slams Centre over failure to implement provisions of disability act, fill backlog vacancies&nbsp;&nbsp;The Hindu', 'Karnataka Police gears up to fill large vacancies over next two years - The Hindu. Karnataka Police gears up to fill large vacancies over next two years&nbsp;&nbsp;The Hindu', 'Soaring expenditure threatens Karnataka CM’s plan to fill 35k vacancies - The Times of India. Soaring expenditure threatens Karnataka CM’s plan to fill 35k vacancies&nbsp;&nbsp;The Times of India', 'Govt job aspirants’ protest flares up in Dharwad; Siddaramaiah blames BJP for vacancy backlog - The Times of India. Govt job aspirants’ protest flares up in Dharwad; Siddaramaiah blames BJP for vacancy backlog&nbsp;&nbsp;The Times of India', 'Dharwad Protest Erupts Over 2.6 Lakh Vacancies; Karnataka Promises 56,000 New Government Jobs - The Logical Indian. Dharwad Protest Erupts Over 2.6 Lakh Vacancies; Karnataka Promises 56,000 New Government Jobs&nbsp;&nbsp;The Logical Indian', 'SC takes 30 years to implement its own judgment on SC/ST quota - The Times of India. SC takes 30 years to implement its own judgment on SC/ST quota&nbsp;&nbsp;The Times of India', 'Amid AI fears, Karnataka to fill 50k jobs in next fiscal - The Times of India. Amid AI fears, Karnataka to fill 50k jobs in next fiscal&nbsp;&nbsp;The Times of India', 'Justice H.N. Nagmohan Das Commission submits interim report to CM on internal reservation among Scheduled Castes in Karnataka - The Hindu. Justice H.N. Nagmohan Das Commission submits interim report to CM on internal reservation among Scheduled Castes in Karnataka&nbsp;&nbsp;The Hindu', 'High court hearing will test implementation of internal quota for Scheduled Castes - The Times of India. High court hearing will test implementation of internal quota for Scheduled Castes&nbsp;&nbsp;The Times of India', 'CM Reaffirms State’s Commitment to Welfare and Growth of BCs - Deccan Chronicle. CM Reaffirms State’s Commitment to Welfare and Growth of BCs&nbsp;&nbsp;Deccan Chronicle']","['The Hindu', 'The Hindu', 'The Times of India', 'The Times of India', 'The Logical Indian', 'The Times of India', 'The Times of India', 'The Hindu', 'The Times of India', 'Deccan Chronicle']"
A128,"To create a new ""Smt. Savitri Bai Pule Education Scheme to give Monthly incentives of Rs.150/- for students from | st Std. to Sth Standard, Rs.300/- for 6th to 10 std. students to be given. The incentive to be transferred to the Bank account of the mother of the student.",SC/ST/OBC/ Minority Communities,"[""Teacher's Day 2025 Quiz: 100+ GK Questions & Answers For Shikshak Diwas - Jagran Josh. Teacher's Day 2025 Quiz: 100+ GK Questions & Answers For Shikshak Diwas&nbsp;&nbsp;Jagran Josh"", 'Zonal Meeting held in Kevadia, Gujarat, Reaffirming Centre-State Convergence in Advancing Women and Child Development - PIB. Zonal Meeting held in Kevadia, Gujarat, Reaffirming Centre-State Convergence in Advancing Women and Child Development&nbsp;&nbsp;PIB']","['Jagran Josh', 'PIB']"
A127,"To set up Rs. 1000 Crore revolving fund - ""Dr Bhimrao Ramji Ambedkar Entrepreneurship Fund"" - for organizing entrepreneurship development and incubation programs for SC entrepreneurs.",SC/ST/OBC/ Minority Communities,[],[]
A129,"To open Literature, cultural and Arts academy under Kannada and Culture department for 46 castes of SC and ST, Nomedic and Semi-nomedic and OBC Category-I",SC/ST/OBC/ Minority Communities,[],[]
A130,"To identify youths belonging to Pambada, Nalike, Parava and Kudbi of Dakshina Kannada and Udupi districts and to ensure 100% housing and also to train boys and girls for jobs.",SC/ST/OBC/ Minority Communities,"['Karnataka Budget 2025: Key takeaways - Deccan Herald. Karnataka Budget 2025: Key takeaways&nbsp;&nbsp;Deccan Herald', 'Marine subsidies are a mess, say small scale fishers of southern Karnataka - Mongabay-India. Marine subsidies are a mess, say small scale fishers of southern Karnataka&nbsp;&nbsp;Mongabay-India', 'KHB to develop 16,000 sites in Suryanagar Phase-4; Helpline for co-op society investors - Public TV English. KHB to develop 16,000 sites in Suryanagar Phase-4; Helpline for co-op society investors&nbsp;&nbsp;Public TV English']","['Deccan Herald', 'Mongabay-India', 'Public TV English']"
A132,To establish 100 Aranya Kendras in tribal areas to help and guide them in primary processing and value additions for their produce.,SC/ST/OBC/ Minority Communities,[],[]
A133,To construct 50 new Ekalavya residential schools in the next five years,SC/ST/OBC/ Minority Communities,"['Ekalavya Model Residential Schools: 229 sanctioned EMRS yet to open, budget slashed by up to 60% - Careers360. Ekalavya Model Residential Schools: 229 sanctioned EMRS yet to open, budget slashed by up to 60%&nbsp;&nbsp;Careers360', '23 Eklavya Model Residential Schools operational in Telangana, says MoTA - Deccan Chronicle. 23 Eklavya Model Residential Schools operational in Telangana, says MoTA&nbsp;&nbsp;Deccan Chronicle', 'Eklavya Model Residential Schools in Gujarat increased to 44 with over 11,000 students - The Indian Express. Eklavya Model Residential Schools in Gujarat increased to 44 with over 11,000 students&nbsp;&nbsp;The Indian Express', 'Union Budget 2025: Packages for scheme saturation, Ekalavya schools push Tribal Affairs allocation up 14.8% - The Hindu. Union Budget 2025: Packages for scheme saturation, Ekalavya schools push Tribal Affairs allocation up 14.8%&nbsp;&nbsp;The Hindu', 'Build Eklavya schools in 4 more districts: UP govt urges Centre - The Indian Express. Build Eklavya schools in 4 more districts: UP govt urges Centre&nbsp;&nbsp;The Indian Express', 'Imposition of Hindi in Ekalavya schools: Kannada sidelined, staff divided and students worried - The South First. Imposition of Hindi in Ekalavya schools: Kannada sidelined, staff divided and students worried&nbsp;&nbsp;The South First', '476 of 718 Eklavya residential schools functional: Govt tells Lok Sabha | India News - Hindustan Times. 476 of 718 Eklavya residential schools functional: Govt tells Lok Sabha | India News&nbsp;&nbsp;Hindustan Times', 'Over 2.7 lakh apply for 52,000 seats in Karnataka residential schools - The Times of India. Over 2.7 lakh apply for 52,000 seats in Karnataka residential schools&nbsp;&nbsp;The Times of India', 'Delay in tribal museums, land availability for tribal residential schools: House panel flags issues - The Indian Express. Delay in tribal museums, land availability for tribal residential schools: House panel flags issues&nbsp;&nbsp;The Indian Express', 'Union Budget 2025: Tribal Budget soars 45% to ₹14,900 crore; big push for Eklavya Schools - The Indian Express. Union Budget 2025: Tribal Budget soars 45% to ₹14,900 crore; big push for Eklavya Schools&nbsp;&nbsp;The Indian Express']","['Careers360', 'Deccan Chronicle', 'The Indian Express', 'The Hindu', 'The Indian Express', 'The South First', 'Hindustan Times', 'The Times of India', 'The Indian Express', 'The Indian Express']"
A134,To send 100 people from the leather based traditional artisans abroad for better training.,SC/ST/OBC/ Minority Communities,['Prada bows to massive online backlash! Italian brand forced to credit Kolhapuri chappal designs; legal op - The Times of India. Prada bows to massive online backlash! Italian brand forced to credit Kolhapuri chappal designs; legal op&nbsp;&nbsp;The Times of India'],['The Times of India']
A135,"To setup Rs 5000 crore revolving fund ""Socio-economic welfare Fund"" for the overall welfare of OBC communities involved in sculpting, pottery, weaving and other traditional occupations.",SC/ST/OBC/ Minority Communities,[],[]
A136,"To establish Brahmashri Narayana Guru Development Corporation with annual budget of Rs. 500 Cr, a total of Rs. 2500 Cr in 5 years",SC/ST/OBC/ Minority Communities,"['CM has agreed to constitute Sri Narayana Guru Development Corporation: Kota Srinivas Poojary - The Hindu. CM has agreed to constitute Sri Narayana Guru Development Corporation: Kota Srinivas Poojary&nbsp;&nbsp;The Hindu', 'Coast remembers Narayana Guru on his 171st birth anniversary - The Times of India. Coast remembers Narayana Guru on his 171st birth anniversary&nbsp;&nbsp;The Times of India', 'Development corporation for Arya Idiga community promised - The Hindu. Development corporation for Arya Idiga community promised&nbsp;&nbsp;The Hindu', ""MLA Kiran Kumar Kodgi emphasizes following Narayana Guru's path for societal transformation - Daijiworld. MLA Kiran Kumar Kodgi emphasizes following Narayana Guru's path for societal transformation&nbsp;&nbsp;Daijiworld"", 'Billava seer to lead 700-km padayatra to Bengaluru - The Times of India. Billava seer to lead 700-km padayatra to Bengaluru&nbsp;&nbsp;The Times of India', 'Karnataka: Billava seer to lead 700-km Padayatra to Bengaluru - The Times of India. Karnataka: Billava seer to lead 700-km Padayatra to Bengaluru&nbsp;&nbsp;The Times of India']","['The Hindu', 'The Times of India', 'The Hindu', 'Daijiworld', 'The Times of India', 'The Times of India']"
A131,To increase the insurance maturity amount given under the Bhagya Lakshmi scheme Rs.3 Lakhs to SC/ST families.,SC/ST/OBC/ Minority Communities,"['Bhagyalakshmi scheme beneficiaries in Kodagu to get maturity amount - The Times of India. Bhagyalakshmi scheme beneficiaries in Kodagu to get maturity amount&nbsp;&nbsp;The Times of India', '12k girls in Mysuru dist to get Bhagyalakshmi maturity amount - The Times of India. 12k girls in Mysuru dist to get Bhagyalakshmi maturity amount&nbsp;&nbsp;The Times of India', 'Karnataka budget 2025: CM Siddaramaiah allocates Rs 42,018 crore for SC/ST welfare - The News Minute. Karnataka budget 2025: CM Siddaramaiah allocates Rs 42,018 crore for SC/ST welfare&nbsp;&nbsp;The News Minute', 'Govt. neglecting Bhagyalakshmi scheme, says Yeddyurappa - The Hindu. Govt. neglecting Bhagyalakshmi scheme, says Yeddyurappa&nbsp;&nbsp;The Hindu', 'Bhagyalakshmi scheme changed attitude towards girl child among poor: Report - The Hindu. Bhagyalakshmi scheme changed attitude towards girl child among poor: Report&nbsp;&nbsp;The Hindu', 'Sub plan funds allocated for SC, ST guarantees: Karnataka government - The New Indian Express. Sub plan funds allocated for SC, ST guarantees: Karnataka government&nbsp;&nbsp;The New Indian Express', 'Karnataka govt under fire over decision to use SC/ST funds for other schemes - The News Minute. Karnataka govt under fire over decision to use SC/ST funds for other schemes&nbsp;&nbsp;The News Minute', 'Gruha lakshmi scheme set for launch on August 16: CM - The Hindu. Gruha lakshmi scheme set for launch on August 16: CM&nbsp;&nbsp;The Hindu', '1.33 crore women enrol making Gruha Lakshmi one of biggest schemes in India - The Hindu. 1.33 crore women enrol making Gruha Lakshmi one of biggest schemes in India&nbsp;&nbsp;The Hindu', 'Survey to identify missed out beneficiaries under Bhagyalakshmi bonds - The Times of India. Survey to identify missed out beneficiaries under Bhagyalakshmi bonds&nbsp;&nbsp;The Times of India']","['The Times of India', 'The Times of India', 'The News Minute', 'The Hindu', 'The Hindu', 'The New Indian Express', 'The News Minute', 'The Hindu', 'The Hindu', 'The Times of India']"
A137,"To establish Micro Backward Comminutes Development Corporation with annual budget of Rs. 500 Cr, a total of Rs. 2500 Crin 5 years",SC/ST/OBC/ Minority Communities,"['Karnataka Minorities Development Corporation (KMDC) Loses NBFC Status - The Cognate. Karnataka Minorities Development Corporation (KMDC) Loses NBFC Status&nbsp;&nbsp;The Cognate', 'Vokkaliga development board to be set up - The Hindu. Vokkaliga development board to be set up&nbsp;&nbsp;The Hindu', 'Karnataka govt. backs out of solar power project in five backward villages citing costs - The Hindu. Karnataka govt. backs out of solar power project in five backward villages citing costs&nbsp;&nbsp;The Hindu', 'Karnataka Budget 2020-21: Highlights - The Hindu. Karnataka Budget 2020-21: Highlights&nbsp;&nbsp;The Hindu', 'Overview of Karnataka Budget 2023-24 - NammaKPSC. Overview of Karnataka Budget 2023-24&nbsp;&nbsp;NammaKPSC', 'Entrepreneurship scheme Samruddhi launched - The Hindu. Entrepreneurship scheme Samruddhi launched&nbsp;&nbsp;The Hindu', 'BBMP Budget 2025-26 | Highlights - Deccan Herald. BBMP Budget 2025-26 | Highlights&nbsp;&nbsp;Deccan Herald', 'Govt. justifies creation of caste corporations - The Hindu. Govt. justifies creation of caste corporations&nbsp;&nbsp;The Hindu', 'Karnataka Budget 2025: Key takeaways - Deccan Herald. Karnataka Budget 2025: Key takeaways&nbsp;&nbsp;Deccan Herald', 'Top 100 Companies for CSR and Sustainability in 2024 - The CSR Journal. Top 100 Companies for CSR and Sustainability in 2024&nbsp;&nbsp;The CSR Journal']","['The Cognate', 'The Hindu', 'The Hindu', 'The Hindu', 'NammaKPSC', 'The Hindu', 'Deccan Herald', 'The Hindu', 'Deccan Herald', 'The CSR Journal']"
A139,To increase the grants to all development Corporations and Boards.,SC/ST/OBC/ Minority Communities,"['BJP OBC Morcha demands adequate funds for development corporation and boards - The Hindu. BJP OBC Morcha demands adequate funds for development corporation and boards&nbsp;&nbsp;The Hindu', 'Govt. under fire for ‘poor allocation’ to Brahmin Development Corporation - The Hindu. Govt. under fire for ‘poor allocation’ to Brahmin Development Corporation&nbsp;&nbsp;The Hindu', '₹100 crore set aside for the establishment of Karnataka State Christian Development Corporation - The Hindu. ₹100 crore set aside for the establishment of Karnataka State Christian Development Corporation&nbsp;&nbsp;The Hindu', 'Cabinet resolves to demand ₹5,000 crore special grants from Union government for Kalyana Karnataka - The Hindu. Cabinet resolves to demand ₹5,000 crore special grants from Union government for Kalyana Karnataka&nbsp;&nbsp;The Hindu', 'Vokkaliga development board to be set up - The Hindu. Vokkaliga development board to be set up&nbsp;&nbsp;The Hindu', 'Karnataka increases incentive funds for SC/ST students in IITs, IIMs, IISc, and NITs - The Times of India. Karnataka increases incentive funds for SC/ST students in IITs, IIMs, IISc, and NITs&nbsp;&nbsp;The Times of India', 'Karnataka budget: Bengaluru civic bodies to issue municipal bonds to fund development works - Moneycontrol.com. Karnataka budget: Bengaluru civic bodies to issue municipal bonds to fund development works&nbsp;&nbsp;Moneycontrol.com', 'Congress, BJP spar over allocation of funds for development in Karnataka - The Hindu. Congress, BJP spar over allocation of funds for development in Karnataka&nbsp;&nbsp;The Hindu', 'Coconut board launches new scheme to boost plantations in Chamarajanagar - The Times of India. Coconut board launches new scheme to boost plantations in Chamarajanagar&nbsp;&nbsp;The Times of India', 'Karnataka mulls increasing loan for minority students from ₹3 lakh to 5 lakh | Bengaluru - Hindustan Times. Karnataka mulls increasing loan for minority students from ₹3 lakh to 5 lakh | Bengaluru&nbsp;&nbsp;Hindustan Times']","['The Hindu', 'The Hindu', 'The Hindu', 'The Hindu', 'The Hindu', 'The Times of India', 'Moneycontrol.com', 'The Hindu', 'The Times of India', 'Hindustan Times']"
A140,"To provide collateral-free loans up to 10 lakhs at 3% interest to 50,000 OBC entrepreneurs.",SC/ST/OBC/ Minority Communities,"['Banks sanction ₹23.2 lakh crore to about 41 crore beneficiaries under Mudra Yojana - The Hindu. Banks sanction ₹23.2 lakh crore to about 41 crore beneficiaries under Mudra Yojana&nbsp;&nbsp;The Hindu', 'Mudra Loan Empowering Countless Individuals To Showcase Their Entrepreneurial Skills: PM - ETV Bharat. Mudra Loan Empowering Countless Individuals To Showcase Their Entrepreneurial Skills: PM&nbsp;&nbsp;ETV Bharat', 'PMEGP Scheme: A Complete Guide for Aspiring Entrepreneurs in India - Entrepreneur India. PMEGP Scheme: A Complete Guide for Aspiring Entrepreneurs in India&nbsp;&nbsp;Entrepreneur India', 'MUDRA 2.0 loans should target greater equity, deepen financial literacy - The Indian Express. MUDRA 2.0 loans should target greater equity, deepen financial literacy&nbsp;&nbsp;The Indian Express', 'National Startup Day 2026 – January 16 - AffairsCloud.com. National Startup Day 2026 – January 16&nbsp;&nbsp;AffairsCloud.com', 'Government Schemes Supporting Financial Inclusion - GK Today. Government Schemes Supporting Financial Inclusion&nbsp;&nbsp;GK Today', 'A Decade of Growth with PM Mudra Yojana - PIB. A Decade of Growth with PM Mudra Yojana&nbsp;&nbsp;PIB', 'Pradhan Mantri Mudra Yojana (PMMY), Features and Funding Provision - StudyIQ. Pradhan Mantri Mudra Yojana (PMMY), Features and Funding Provision&nbsp;&nbsp;StudyIQ', '10th Anniversary of Pradhan Mantri Mudra Yojana - Drishti IAS. 10th Anniversary of Pradhan Mantri Mudra Yojana&nbsp;&nbsp;Drishti IAS', 'PM SVANidhi Scheme, Objectives, Eligibility, Highlights, Features - Vajiram & Ravi. PM SVANidhi Scheme, Objectives, Eligibility, Highlights, Features&nbsp;&nbsp;Vajiram & Ravi']","['The Hindu', 'ETV Bharat', 'Entrepreneur India', 'The Indian Express', 'AffairsCloud.com', 'GK Today', 'PIB', 'StudyIQ', 'Drishti IAS', 'Vajiram & Ravi']"
A141,"To provide scholarships every year to 1000 SC/ST/OBC students, who secure PG seat at foreign universities.",SC/ST/OBC/ Minority Communities,"['Delhi government invites scholarship applications for SC, ST, OBC students for 2025-26, apply by April 30 - The Times of India. Delhi government invites scholarship applications for SC, ST, OBC students for 2025-26, apply by April 30&nbsp;&nbsp;The Times of India', 'Union Government stops pre-matric scholarship for SC, ST, OBC and minority students of Class 1 to 8, and explains why - The Hindu. Union Government stops pre-matric scholarship for SC, ST, OBC and minority students of Class 1 to 8, and explains why&nbsp;&nbsp;The Hindu', 'Government plans to raise income limit for post-matric scholarship for SCs, OBCs, DNTs from 2026-27 onwards - The Hindu. Government plans to raise income limit for post-matric scholarship for SCs, OBCs, DNTs from 2026-27 onwards&nbsp;&nbsp;The Hindu', 'Welfare programmes for OBC students to be revived in Karnataka - The Hindu. Welfare programmes for OBC students to be revived in Karnataka&nbsp;&nbsp;The Hindu', 'Education Budget 2025: Modi government cuts Rs 1,000 crore from minority, ST scholarships - Careers360. Education Budget 2025: Modi government cuts Rs 1,000 crore from minority, ST scholarships&nbsp;&nbsp;Careers360', 'List of key scholarship schemes offered by central and state governments to study abroad with details | Hindustan Times - Hindustan Times. List of key scholarship schemes offered by central and state governments to study abroad with details | Hindustan Times&nbsp;&nbsp;Hindustan Times', 'Govt scholarship budgets for marginalised students rise but beneficiaries decrease | India News - Hindustan Times. Govt scholarship budgets for marginalised students rise but beneficiaries decrease | India News&nbsp;&nbsp;Hindustan Times', ""UP Scholarship status 2026: Here's how students can check application status at scholarship.up.gov.in - The Times of India. UP Scholarship status 2026: Here's how students can check application status at scholarship.up.gov.in&nbsp;&nbsp;The Times of India"", 'A dedicated law is imperative to champion OBC justice - The Hans India. A dedicated law is imperative to champion OBC justice&nbsp;&nbsp;The Hans India', 'Karnataka Government Scholarship: Farmer Student Scholarship - karnataka.com. Karnataka Government Scholarship: Farmer Student Scholarship&nbsp;&nbsp;karnataka.com']","['The Times of India', 'The Hindu', 'The Hindu', 'The Hindu', 'Careers360', 'Hindustan Times', 'Hindustan Times', 'The Times of India', 'The Hans India', 'karnataka.com']"
A142,"To enhance monthly fellowships from Rs.5,000 to Rs 10,000 for backward class students enrolled to PhD in state universities.",SC/ST/OBC/ Minority Communities,"['After NEP 2020, scholarship and research fellowship funds declined by over Rs 1,500 crore - Careers360. After NEP 2020, scholarship and research fellowship funds declined by over Rs 1,500 crore&nbsp;&nbsp;Careers360', 'Bangalore University scholars to protest against cancellation of PhD funds to SC-ST students to study abroad - EdexLive. Bangalore University scholars to protest against cancellation of PhD funds to SC-ST students to study abroad&nbsp;&nbsp;EdexLive', 'Ambedkar-Kalaignar Fellowship launched for T.N. students at SOAS - The Hindu. Ambedkar-Kalaignar Fellowship launched for T.N. students at SOAS&nbsp;&nbsp;The Hindu', 'Education Budget 2025: Modi government cuts Rs 1,000 crore from minority, ST scholarships - Careers360. Education Budget 2025: Modi government cuts Rs 1,000 crore from minority, ST scholarships&nbsp;&nbsp;Careers360', 'Minority, SC scholars in crisis as fellowship money delayed, slashed - The Federal. Minority, SC scholars in crisis as fellowship money delayed, slashed&nbsp;&nbsp;The Federal', 'OBC research scholars have not received fellowships since last June, Centre tells Lok Sabha - The Hindu. OBC research scholars have not received fellowships since last June, Centre tells Lok Sabha&nbsp;&nbsp;The Hindu', 'Education Budget 2026 LIVE: Rs 1.39 lakh crore for higher ed, schools; new NID, NIPERs, NIMHANS; skilling push - Careers360. Education Budget 2026 LIVE: Rs 1.39 lakh crore for higher ed, schools; new NID, NIPERs, NIMHANS; skilling push&nbsp;&nbsp;Careers360', 'Union Government stops pre-matric scholarship for SC, ST, OBC and minority students of Class 1 to 8, and explains why - The Hindu. Union Government stops pre-matric scholarship for SC, ST, OBC and minority students of Class 1 to 8, and explains why&nbsp;&nbsp;The Hindu', 'Karnataka Budget: Formal education proposed in madrasas, reimbursement of 50% of professional college fee - The Hindu. Karnataka Budget: Formal education proposed in madrasas, reimbursement of 50% of professional college fee&nbsp;&nbsp;The Hindu', 'Students Protest Delays in Post-Matric Scholarship Disbursement in Ranchi - The Times of India. Students Protest Delays in Post-Matric Scholarship Disbursement in Ranchi&nbsp;&nbsp;The Times of India']","['Careers360', 'EdexLive', 'The Hindu', 'Careers360', 'The Federal', 'The Hindu', 'Careers360', 'The Hindu', 'The Hindu', 'The Times of India']"
A143,To establish Tigala Development Board.,SC/ST/OBC/ Minority Communities,"['Explained: Karnataka’s Brahmin Development Board and its two schemes for brides - The Indian Express. Explained: Karnataka’s Brahmin Development Board and its two schemes for brides&nbsp;&nbsp;The Indian Express', 'Karnataka budget: Kumaraswamy keeps promise of Brahmin development board - The Indian Express. Karnataka budget: Kumaraswamy keeps promise of Brahmin development board&nbsp;&nbsp;The Indian Express', 'Funds for only 7 out of 24 caste-based corps in Karnataka - Deccan Herald. Funds for only 7 out of 24 caste-based corps in Karnataka&nbsp;&nbsp;Deccan Herald', 'Here are the highlights of BJP manifesto - Vartha Bharati. Here are the highlights of BJP manifesto&nbsp;&nbsp;Vartha Bharati']","['The Indian Express', 'The Indian Express', 'Deccan Herald', 'Vartha Bharati']"
A144,"The most backward communities are under Category-I. 12% of the population is under this category. As per the report of the Havanur Commission, 58 of the castes have the character of tribals. Nomadic and semi-nomadic castes are also under this category. The castes under this category have got abysmal share in Education, Employment and Industry. Earlier, these castes were getting the benefits available to the SC/STs. A comprehensive plan for their total
development will be envisaged.",SC/ST/OBC/ Minority Communities,"['Karnataka Government Slammed For Blanket Categorisation Of Entire Muslim Community In State As Backward Caste - Swarajyamag. Karnataka Government Slammed For Blanket Categorisation Of Entire Muslim Community In State As Backward Caste&nbsp;&nbsp;Swarajyamag', 'NCBC slams blanket categorisation of Muslims as backward caste in Karnataka - The Economic Times. NCBC slams blanket categorisation of Muslims as backward caste in Karnataka&nbsp;&nbsp;The Economic Times', 'State govt. has set aside ₹10-crore grant for development of nomadic communities - The Hindu. State govt. has set aside ₹10-crore grant for development of nomadic communities&nbsp;&nbsp;The Hindu', 'Tribals seek internal reservation, FRA implementation - The Hindu. Tribals seek internal reservation, FRA implementation&nbsp;&nbsp;The Hindu', 'Karnataka Budget 2025: More Schools, Colleges, and Start-up Aid for Minority Communities - ETV Bharat. Karnataka Budget 2025: More Schools, Colleges, and Start-up Aid for Minority Communities&nbsp;&nbsp;ETV Bharat', '‘Govt. striving to provide benefits to nomadic population in the State through various schemes’ - The Hindu. ‘Govt. striving to provide benefits to nomadic population in the State through various schemes’&nbsp;&nbsp;The Hindu', 'Explained: State of denotified tribes, and why House panel is critical about a programme for their development - The Indian Express. Explained: State of denotified tribes, and why House panel is critical about a programme for their development&nbsp;&nbsp;The Indian Express', 'The chaos of Karnataka’s caste survey - The Hindu. The chaos of Karnataka’s caste survey&nbsp;&nbsp;The Hindu', 'Internal reservation: Nomadic castes to continue indefinite stir - The Hindu. Internal reservation: Nomadic castes to continue indefinite stir&nbsp;&nbsp;The Hindu', 'KCET Reservation Criteria 2026: Category Wise Seats and Rules - Physics Wallah. KCET Reservation Criteria 2026: Category Wise Seats and Rules&nbsp;&nbsp;Physics Wallah']","['Swarajyamag', 'The Economic Times', 'The Hindu', 'The Hindu', 'ETV Bharat', 'The Hindu', 'The Indian Express', 'The Hindu', 'The Hindu', 'Physics Wallah']"
A138,"To constitute Development Corporations for the welfare of Tigala, Madiwala,Savitha, Uppara, Balija and Alemari Budakatu communities and provide dedicated budget",SC/ST/OBC/ Minority Communities,"['Savitha pledges strong BC protection, welfare push - The Hans India. Savitha pledges strong BC protection, welfare push&nbsp;&nbsp;The Hans India', 'Madiwala community stages protest demanding SC tag - The Hindu. Madiwala community stages protest demanding SC tag&nbsp;&nbsp;The Hindu', 'Karnataka Budget 2026–27 puts focus on welfare, infrastructure and development - The South First. Karnataka Budget 2026–27 puts focus on welfare, infrastructure and development&nbsp;&nbsp;The South First', 'Corporations abound, but many are headless, lack infrastructure - The New Indian Express. Corporations abound, but many are headless, lack infrastructure&nbsp;&nbsp;The New Indian Express', 'Vokkaliga development board to be set up - The Hindu. Vokkaliga development board to be set up&nbsp;&nbsp;The Hindu', 'Karnataka Budget 2018: H D Kumaraswamy allocates huge funds to backward communities - The New Indian Express. Karnataka Budget 2018: H D Kumaraswamy allocates huge funds to backward communities&nbsp;&nbsp;The New Indian Express', 'Explained: Karnataka’s Brahmin Development Board and its two schemes for brides - The Indian Express. Explained: Karnataka’s Brahmin Development Board and its two schemes for brides&nbsp;&nbsp;The Indian Express', 'Karnataka govt under fire over decision to use SC/ST funds for other schemes - The News Minute. Karnataka govt under fire over decision to use SC/ST funds for other schemes&nbsp;&nbsp;The News Minute', 'Funds for only 7 out of 24 caste-based corps in Karnataka - Deccan Herald. Funds for only 7 out of 24 caste-based corps in Karnataka&nbsp;&nbsp;Deccan Herald']","['The Hans India', 'The Hindu', 'The South First', 'The New Indian Express', 'The Hindu', 'The New Indian Express', 'The Indian Express', 'The News Minute', 'Deccan Herald']"
A145,"To give special focus to the development of listed marginal communities and to establish Alemari Budakattu Board for this purpose with Rs. 1,000 crores.",SC/ST/OBC/ Minority Communities,[],[]
A147,To offer Rs.2000 Every month to each and every women head of the family GRUHA LAKSHMI project,Women and Children - Naari Shakthi,"['In Karnataka ‘Gruha Lakshmi’ scheme launched, 1.1 crore women heads of households to get `2000 monthly aid - inc.in. In Karnataka ‘Gruha Lakshmi’ scheme launched, 1.1 crore women heads of households to get `2000 monthly aid&nbsp;&nbsp;inc.in', '2.5 lakh dead women still ‘receiving’ Rs 2,000 under Gruha Lakshmi scheme; Karnataka plans crackdown - The Indian Express. 2.5 lakh dead women still ‘receiving’ Rs 2,000 under Gruha Lakshmi scheme; Karnataka plans crackdown&nbsp;&nbsp;The Indian Express', 'Who is the woman head of family for Karnataka’s Gruha Lakshmi scheme? It is in black and white in ration card - The Hindu. Who is the woman head of family for Karnataka’s Gruha Lakshmi scheme? It is in black and white in ration card&nbsp;&nbsp;The Hindu', '1.33 crore women enrol making Gruha Lakshmi one of biggest schemes in India - The Hindu. 1.33 crore women enrol making Gruha Lakshmi one of biggest schemes in India&nbsp;&nbsp;The Hindu', 'New co-operative society to offer low-interest loans for beneficiaries of Karnataka’s Gruha Lakshmi scheme - The Indian Express. New co-operative society to offer low-interest loans for beneficiaries of Karnataka’s Gruha Lakshmi scheme&nbsp;&nbsp;The Indian Express', 'Karnataka budget 2024: ₹28,608 crore allocated for Gruha Lakshmi scheme | India News - Hindustan Times. Karnataka budget 2024: ₹28,608 crore allocated for Gruha Lakshmi scheme | India News&nbsp;&nbsp;Hindustan Times', 'Registration for Gruha Lakshmi scheme from July 19: Karnataka govt - The Times of India. Registration for Gruha Lakshmi scheme from July 19: Karnataka govt&nbsp;&nbsp;The Times of India', 'Karnataka CM Siddaramaiah to launch Gruha Lakshmi Scheme on July 19 - ETV Bharat. Karnataka CM Siddaramaiah to launch Gruha Lakshmi Scheme on July 19&nbsp;&nbsp;ETV Bharat', 'Karnataka government to launch Gruha Lakshmi scheme tomorrow in Mysuru | Bengaluru - Hindustan Times. Karnataka government to launch Gruha Lakshmi scheme tomorrow in Mysuru | Bengaluru&nbsp;&nbsp;Hindustan Times', 'Karnataka govt defers Gruha Lakshmi scheme by 5 days - The Times of India. Karnataka govt defers Gruha Lakshmi scheme by 5 days&nbsp;&nbsp;The Times of India']","['inc.in', 'The Indian Express', 'The Hindu', 'The Hindu', 'The Indian Express', 'Hindustan Times', 'The Times of India', 'ETV Bharat', 'Hindustan Times', 'The Times of India']"
A146,"To provide Rs. 30,000 per annum to weavers with spinning wheels to modernize their looms.",Weavers:,[],[]
A149,To increase allocation of funds to Stree Shakthi Sanghas.,Women and Children - Naari Shakthi,"['Financial assistance scheme for Stree Shakti Sanghas to be launched on Oct 2 - The Canara Post. Financial assistance scheme for Stree Shakti Sanghas to be launched on Oct 2&nbsp;&nbsp;The Canara Post', 'Gruha lakshmi funds boost women’s enterprise - Bangalore Mirror. Gruha lakshmi funds boost women’s enterprise&nbsp;&nbsp;Bangalore Mirror', 'Karnataka: Shakti Scheme Crosses 500 Crore Bus Rides by Women - Deccan Chronicle. Karnataka: Shakti Scheme Crosses 500 Crore Bus Rides by Women&nbsp;&nbsp;Deccan Chronicle', ""Karnataka govt's Shakti scheme registers 500 cr free bus rides - Deccan Herald. Karnataka govt's Shakti scheme registers 500 cr free bus rides&nbsp;&nbsp;Deccan Herald"", 'Dasara symbolises women’s pride and strength: Karnataka Minister - The Hindu. Dasara symbolises women’s pride and strength: Karnataka Minister&nbsp;&nbsp;The Hindu', 'NITI Aayog conclave boosts south India’s innovation ecosystem - The Hans India. NITI Aayog conclave boosts south India’s innovation ecosystem&nbsp;&nbsp;The Hans India']","['The Canara Post', 'Bangalore Mirror', 'Deccan Chronicle', 'Deccan Herald', 'The Hindu', 'The Hans India']"
A150,"To nurture 5000 Stree Shakti micro-enterprises over 5 years and to encourage them to take up 21st century needs like food processing, catering, mobile canteens, solid waste management, parking management.",Women and Children - Naari Shakthi,"['The power of Shakti: How it benefits women of Karnataka, what it costs the state government - The New Indian Express. The power of Shakti: How it benefits women of Karnataka, what it costs the state government&nbsp;&nbsp;The New Indian Express', '‘Shakti’ for women: Free bus travel scheme rolled out in Karnataka - The Hindu. ‘Shakti’ for women: Free bus travel scheme rolled out in Karnataka&nbsp;&nbsp;The Hindu', '‘Avail benefits, loans by the State government through the Karnataka State Women Development Corporation instead of micro finance institutions’ - The Hindu. ‘Avail benefits, loans by the State government through the Karnataka State Women Development Corporation instead of micro finance institutions’&nbsp;&nbsp;The Hindu', 'Opportunities to Women Entrepreneurs - Drishti IAS. Opportunities to Women Entrepreneurs&nbsp;&nbsp;Drishti IAS', 'Gruha lakshmi funds boost women’s enterprise - Bangalore Mirror. Gruha lakshmi funds boost women’s enterprise&nbsp;&nbsp;Bangalore Mirror', 'Govt should handhold women entrepreneurs and provide them special support: Retired IAS Officer K Ratna Prabh.. - ETHRWorld.com. Govt should handhold women entrepreneurs and provide them special support: Retired IAS Officer K Ratna Prabh..&nbsp;&nbsp;ETHRWorld.com', '9 Government Schemes For Women Entrepreneurs In India - Youth Ki Awaaz. 9 Government Schemes For Women Entrepreneurs In India&nbsp;&nbsp;Youth Ki Awaaz', 'Telangana Government Leading the Way in Empowering Women - The Hans India. Telangana Government Leading the Way in Empowering Women&nbsp;&nbsp;The Hans India', 'How women-led startups can benefit from government and agency support to grow and scale - YourStory.com. How women-led startups can benefit from government and agency support to grow and scale&nbsp;&nbsp;YourStory.com', ""Women's Day Special: Government loans to support women entrepreneurs - Moneycontrol.com. Women's Day Special: Government loans to support women entrepreneurs&nbsp;&nbsp;Moneycontrol.com""]","['The New Indian Express', 'The Hindu', 'The Hindu', 'Drishti IAS', 'Bangalore Mirror', 'ETHRWorld.com', 'Youth Ki Awaaz', 'The Hans India', 'YourStory.com', 'Moneycontrol.com']"
A151,"To provide Rs.50 lakhs grant to the Grama Panchayaths which elect women as the Chairperson, over looking specific reservations",Women and Children - Naari Shakthi,"['Tribals want 165 panchayats under Scheduled Areas - The Times of India. Tribals want 165 panchayats under Scheduled Areas&nbsp;&nbsp;The Times of India', 'Strengthening Panchayati Raj Institutions in India - Drishti IAS. Strengthening Panchayati Raj Institutions in India&nbsp;&nbsp;Drishti IAS', 'Hits and misses: Women’s quota in rural, urban local bodies a mixed bag | India News - Hindustan Times. Hits and misses: Women’s quota in rural, urban local bodies a mixed bag | India News&nbsp;&nbsp;Hindustan Times', 'Women power will drive Congress back to power in 2028: DCM DK Shivakumar - The Hans India. Women power will drive Congress back to power in 2028: DCM DK Shivakumar&nbsp;&nbsp;The Hans India', 'Get Your Free Solar Stove at Home — Government Launches New Scheme for Women - Renewable Affairs. Get Your Free Solar Stove at Home — Government Launches New Scheme for Women&nbsp;&nbsp;Renewable Affairs', 'Success stories, some setbacks - Frontline Magazine. Success stories, some setbacks&nbsp;&nbsp;Frontline Magazine', '73rd Constitutional Amendment Act - GK Today. 73rd Constitutional Amendment Act&nbsp;&nbsp;GK Today', 'Guarantee schemes lifeline for poor, middle class: Dr Pushpa Amarnath - The Canara Post. Guarantee schemes lifeline for poor, middle class: Dr Pushpa Amarnath&nbsp;&nbsp;The Canara Post']","['The Times of India', 'Drishti IAS', 'Hindustan Times', 'The Hans India', 'Renewable Affairs', 'Frontline Magazine', 'GK Today', 'The Canara Post']"
A152,"To provide 50% subsidy on buying electric scooters to frontline health workers namely ANM, Anganwadi and ASHA workers.",Women and Children - Naari Shakthi,"['Scooters, phones and more in poll-bound states: Telangana on top, Mizoram outlier amid ‘freebie frenzy’ - Newslaundry. Scooters, phones and more in poll-bound states: Telangana on top, Mizoram outlier amid ‘freebie frenzy’&nbsp;&nbsp;Newslaundry', 'Karnataka Budget 2025: Key takeaways - Deccan Herald. Karnataka Budget 2025: Key takeaways&nbsp;&nbsp;Deccan Herald']","['Newslaundry', 'Deccan Herald']"
A153,"The Congress Party is committed to the welfare of all citizens and groups, including minorities, as per the Constitution of India. Accordingly, the allocation of funds for the minority welfare — Muslim, Christian, Jain, Buddhists and others, would be increased to Rs. 10,000 Cr",Religious Minorities,"['Congress five guarantees top Siddaramaiah Budget, increase in funds for minorities gets BJP attention - The Indian Express. Congress five guarantees top Siddaramaiah Budget, increase in funds for minorities gets BJP attention&nbsp;&nbsp;The Indian Express', 'Telangana: Cong tries to win back minority vote from BRS, AIMIM; promises to increase minority welfare budget to Rs 4k crore annually - The Indian Express. Telangana: Cong tries to win back minority vote from BRS, AIMIM; promises to increase minority welfare budget to Rs 4k crore annually&nbsp;&nbsp;The Indian Express', 'Siddaramaiah ups budget allocation for schemes for minorities by 33% - The Times of India. Siddaramaiah ups budget allocation for schemes for minorities by 33%&nbsp;&nbsp;The Times of India', 'Congress leader defends honorarium for guarantee committee members in Karnataka - The Hindu. Congress leader defends honorarium for guarantee committee members in Karnataka&nbsp;&nbsp;The Hindu', 'Congress Karnataka manifesto highlights: Increase in quota ceiling, a whistleblower protection act & ban on groups spreading hate - The Indian Express. Congress Karnataka manifesto highlights: Increase in quota ceiling, a whistleblower protection act & ban on groups spreading hate&nbsp;&nbsp;The Indian Express', 'Karnataka Budget 2026: Minority Leaders Question Allocation; Seek Transparency In Fund Release, Utilisation - ETV Bharat. Karnataka Budget 2026: Minority Leaders Question Allocation; Seek Transparency In Fund Release, Utilisation&nbsp;&nbsp;ETV Bharat', 'Explained | The reality of scholarship schemes for religious minorities in India - The Hindu. Explained | The reality of scholarship schemes for religious minorities in India&nbsp;&nbsp;The Hindu', '61,000 cr spent on welfare schemes in 1 yr: Cong govt - The Times of India. 61,000 cr spent on welfare schemes in 1 yr: Cong govt&nbsp;&nbsp;The Times of India', 'Karnataka hikes housing scheme quota for minorities from 10% to 15% - The Hindu. Karnataka hikes housing scheme quota for minorities from 10% to 15%&nbsp;&nbsp;The Hindu', 'Karnataka mulls increasing loan for minority students from ₹3 lakh to 5 lakh | Bengaluru - Hindustan Times. Karnataka mulls increasing loan for minority students from ₹3 lakh to 5 lakh | Bengaluru&nbsp;&nbsp;Hindustan Times']","['The Indian Express', 'The Indian Express', 'The Times of India', 'The Hindu', 'The Indian Express', 'ETV Bharat', 'The Hindu', 'The Times of India', 'The Hindu', 'Hindustan Times']"
A154,To allot Rs.15 crores to start Kashmiri Culture Centre Allotting one time grant of Rs.25 crore and annual grant of Rs. One crore from the Department of Kannada Culture,Kashmiri Pandits:,"['Women-led Startups in Jammu Kashmir Receive Rs 1.5 Crore Support Under Seed Fund Scheme: Centre - Kashmir Life. Women-led Startups in Jammu Kashmir Receive Rs 1.5 Crore Support Under Seed Fund Scheme: Centre&nbsp;&nbsp;Kashmir Life', 'BJP’s narrative on Rs 100 crore grant for Urdu is misleading, communal: Siddaramaiah - The Times of India. BJP’s narrative on Rs 100 crore grant for Urdu is misleading, communal: Siddaramaiah&nbsp;&nbsp;The Times of India', 'Omar meets Sitharaman, seeks Centre’s support for J&K - The Hindu. Omar meets Sitharaman, seeks Centre’s support for J&K&nbsp;&nbsp;The Hindu', 'Omar Faces Backlash For Praising Centre’s Funding Support Amid J&K Economic Crises - Outlook India. Omar Faces Backlash For Praising Centre’s Funding Support Amid J&K Economic Crises&nbsp;&nbsp;Outlook India', 'Karnataka Budget 2026: Siddaramaiah unveils Kannada culture push - Deccan Herald. Karnataka Budget 2026: Siddaramaiah unveils Kannada culture push&nbsp;&nbsp;Deccan Herald', 'Centre releases disaster relief funds for Karnataka and Tamil Nadu - The Hindu. Centre releases disaster relief funds for Karnataka and Tamil Nadu&nbsp;&nbsp;The Hindu', 'Cabinet allocate more funds to five IITs, new scheme for ITIs - The Hindu. Cabinet allocate more funds to five IITs, new scheme for ITIs&nbsp;&nbsp;The Hindu', 'Karnataka Government earmarks only ₹1 crore for developing novelist S.L. Bhyrappa’s village after assuring ₹5 crore in 2020 budget - The Hindu. Karnataka Government earmarks only ₹1 crore for developing novelist S.L. Bhyrappa’s village after assuring ₹5 crore in 2020 budget&nbsp;&nbsp;The Hindu', 'Are States getting funds they are entitled from the Centre? - The Hindu. Are States getting funds they are entitled from the Centre?&nbsp;&nbsp;The Hindu', 'Karnataka Budget 2025-26: Allocation to the education sector cut by 2% - The Hindu. Karnataka Budget 2025-26: Allocation to the education sector cut by 2%&nbsp;&nbsp;The Hindu']","['Kashmir Life', 'The Times of India', 'The Hindu', 'Outlook India', 'Deccan Herald', 'The Hindu', 'The Hindu', 'The Hindu', 'The Hindu', 'The Hindu']"
A148,"To support 5,000 women entrepreneurs every year for entrepreneurial development.",Women and Children - Naari Shakthi,"['Training 5,000 women to become entrepreneurs, says NTR Collector - The Hindu. Training 5,000 women to become entrepreneurs, says NTR Collector&nbsp;&nbsp;The Hindu', 'Assam launches entrepreneurship support scheme for women - The Hindu. Assam launches entrepreneurship support scheme for women&nbsp;&nbsp;The Hindu', 'Telangana CM launches two programmes to support existing women-led enterprises, cultivate innovation among youth - The Hindu. Telangana CM launches two programmes to support existing women-led enterprises, cultivate innovation among youth&nbsp;&nbsp;The Hindu', 'IIM-B, Karnataka govt launch Swavalambane programme to empower rural women entrepreneurs - The Indian Express. IIM-B, Karnataka govt launch Swavalambane programme to empower rural women entrepreneurs&nbsp;&nbsp;The Indian Express', 'First Akka Cafe launched in Bengaluru as part of state efforts to foster women entrepreneurs - The Indian Express. First Akka Cafe launched in Bengaluru as part of state efforts to foster women entrepreneurs&nbsp;&nbsp;The Indian Express', 'Cash incentive for 1.31 crore women: Stalin’s Rs 5,000 outreach draws fire from BJP and Vijay - The Times of India. Cash incentive for 1.31 crore women: Stalin’s Rs 5,000 outreach draws fire from BJP and Vijay&nbsp;&nbsp;The Times of India', 'Karnataka government empowered 1.2 lakh women, provided financial assistance of ₹50,000 crore in last two years: Shalini Rajneesh - The Hindu. Karnataka government empowered 1.2 lakh women, provided financial assistance of ₹50,000 crore in last two years: Shalini Rajneesh&nbsp;&nbsp;The Hindu', 'MP underscores the importance of women empowerment in nation’s development - The Hindu. MP underscores the importance of women empowerment in nation’s development&nbsp;&nbsp;The Hindu', 'Andhra Pradesh to launch CMEGP to boost entrepreneurship in MSME sector - The Hindu. Andhra Pradesh to launch CMEGP to boost entrepreneurship in MSME sector&nbsp;&nbsp;The Hindu', 'Bihar launches ‘Mukhyamantri Mahila Rojgar Yojana’, women to get Rs 10k to start work; extra aid of up to - The Times of India. Bihar launches ‘Mukhyamantri Mahila Rojgar Yojana’, women to get Rs 10k to start work; extra aid of up to&nbsp;&nbsp;The Times of India']","['The Hindu', 'The Hindu', 'The Hindu', 'The Indian Express', 'The Indian Express', 'The Times of India', 'The Hindu', 'The Hindu', 'The Hindu', 'The Times of India']"
A155,Toestablish a Mangalamukhi Welfare Board by allotting Rs.200 crores annually.,GENDER MINORITIES,"['The State of Karnataka should Form a gender and sexual minorities Transgender State Welfare Board corporation and allocate 200 cores annually for overall development - City Today News. The State of Karnataka should Form a gender and sexual minorities Transgender State Welfare Board corporation and allocate 200 cores annually for overall development&nbsp;&nbsp;City Today News', 'Karnataka Assembly Elections 2023 | Congress releases manifesto, promises to repeal ‘anti-people laws’ passed by BJP - The Hindu. Karnataka Assembly Elections 2023 | Congress releases manifesto, promises to repeal ‘anti-people laws’ passed by BJP&nbsp;&nbsp;The Hindu']","['City Today News', 'The Hindu']"
A157,"To regularise all 25,000 Pourakarmikas with all the relevant facilities.",Pourakarmikas,"['Services of 12,692 pourakarmikas in Bengaluru to be regularised from May 1 - The Hindu. Services of 12,692 pourakarmikas in Bengaluru to be regularised from May 1&nbsp;&nbsp;The Hindu', 'Jobs of 12K pourakarmikas to be regularised on May 1: CM Siddaramaiah - Deccan Herald. Jobs of 12K pourakarmikas to be regularised on May 1: CM Siddaramaiah&nbsp;&nbsp;Deccan Herald', 'Will regularise your services, Rahul tells pourakarmikas - The New Indian Express. Will regularise your services, Rahul tells pourakarmikas&nbsp;&nbsp;The New Indian Express', 'Pourakarmika services to be regularised from May 1 - The Times of India. Pourakarmika services to be regularised from May 1&nbsp;&nbsp;The Times of India', 'Three months after huge protest, most pourakarmikas yet to be regularised in Karnataka - The News Minute. Three months after huge protest, most pourakarmikas yet to be regularised in Karnataka&nbsp;&nbsp;The News Minute', '12,600 Pourakarmikas in BBMP limits get permanent jobs; CM, Kharge call it a fulfilling promise - Daijiworld. 12,600 Pourakarmikas in BBMP limits get permanent jobs; CM, Kharge call it a fulfilling promise&nbsp;&nbsp;Daijiworld', 'Karnataka CM Siddaramaiah announces regularisation of jobs for pourakarmikas - The South First. Karnataka CM Siddaramaiah announces regularisation of jobs for pourakarmikas&nbsp;&nbsp;The South First', 'Behind the regularisation of pourakarmikas - Deccan Herald. Behind the regularisation of pourakarmikas&nbsp;&nbsp;Deccan Herald', 'New government should not go back on regularisation of jobs, say pourakarmikas - The Hindu. New government should not go back on regularisation of jobs, say pourakarmikas&nbsp;&nbsp;The Hindu', '‘Pourakarmikas should be allowed to use toilets in all hotels in GBA limits’ - The Hindu. ‘Pourakarmikas should be allowed to use toilets in all hotels in GBA limits’&nbsp;&nbsp;The Hindu']","['The Hindu', 'Deccan Herald', 'The New Indian Express', 'The Times of India', 'The News Minute', 'Daijiworld', 'The South First', 'Deccan Herald', 'The Hindu', 'The Hindu']"
A158,Recruitment of additional Pourakarmikas.,Pourakarmikas,"['Tumkur Municipal Corporation Pourakarmika Recruitment 2026 – Apply For 238 Posts - FreeJobAlert.Com. Tumkur Municipal Corporation Pourakarmika Recruitment 2026 – Apply For 238 Posts&nbsp;&nbsp;FreeJobAlert.Com', 'Jobs of 12K pourakarmikas to be regularised on May 1: CM Siddaramaiah - Deccan Herald. Jobs of 12K pourakarmikas to be regularised on May 1: CM Siddaramaiah&nbsp;&nbsp;Deccan Herald', 'Security and dignity: Karnataka regularises over 12,000 pourakarmikas after years of struggle - The South First. Security and dignity: Karnataka regularises over 12,000 pourakarmikas after years of struggle&nbsp;&nbsp;The South First', 'Explained | Pourakarmikas’ arduous road to dignity of labour - The Hindu. Explained | Pourakarmikas’ arduous road to dignity of labour&nbsp;&nbsp;The Hindu', 'BBMP has earmarked Rs 730 cr for welfare of sanitation workers: DK Shivakumar - Vartha Bharati. BBMP has earmarked Rs 730 cr for welfare of sanitation workers: DK Shivakumar&nbsp;&nbsp;Vartha Bharati', 'Karnataka: The Unending Exclusion of Civic Workers in Bengaluru - SabrangIndia. Karnataka: The Unending Exclusion of Civic Workers in Bengaluru&nbsp;&nbsp;SabrangIndia']","['FreeJobAlert.Com', 'Deccan Herald', 'The South First', 'The Hindu', 'Vartha Bharati', 'SabrangIndia']"
A159,To offer Hazardous pay and insurance cover of Rs. 10 Lakh to each,Pourakarmikas,"['In Punjab Budget, Rs 10-lakh health cover for every family, drug census - The Indian Express. In Punjab Budget, Rs 10-lakh health cover for every family, drug census&nbsp;&nbsp;The Indian Express', 'Punjab hospital association backs state government’s Rs 10 lakh health cover scheme, but flags funding, payment risks - The Indian Express. Punjab hospital association backs state government’s Rs 10 lakh health cover scheme, but flags funding, payment risks&nbsp;&nbsp;The Indian Express', 'Gratuity cap for govt staff raised to ₹25 lakh - The Times of India. Gratuity cap for govt staff raised to ₹25 lakh&nbsp;&nbsp;The Times of India', 'Insurance co not bound to pay for death of person driving rashly, rules SC - The Times of India. Insurance co not bound to pay for death of person driving rashly, rules SC&nbsp;&nbsp;The Times of India', 'New Public Liability Insurance Rules in India: Higher Coverage, Stricter Compliance and Bigger Payouts - Moneylife. New Public Liability Insurance Rules in India: Higher Coverage, Stricter Compliance and Bigger Payouts&nbsp;&nbsp;Moneylife', 'What is Bihar’s Gender Budget, and why did Nitish government spend Rs 2.5 lakh crore in 5 years? - The Indian Express. What is Bihar’s Gender Budget, and why did Nitish government spend Rs 2.5 lakh crore in 5 years?&nbsp;&nbsp;The Indian Express', 'Empty gas cylinders neither prohibited nor hazardous: Karnataka HC - The Times of India. Empty gas cylinders neither prohibited nor hazardous: Karnataka HC&nbsp;&nbsp;The Times of India', 'Realising Universal Health Coverage in Karnataka - TheWire.in. Realising Universal Health Coverage in Karnataka&nbsp;&nbsp;TheWire.in', 'Punjab’s health budget up 10%, but experts say not enough - The Times of India. Punjab’s health budget up 10%, but experts say not enough&nbsp;&nbsp;The Times of India', 'Punjab Budget 2025 | Big health insurance promise, small budget: Will Punjab’s plan succeed? - The Indian Express. Punjab Budget 2025 | Big health insurance promise, small budget: Will Punjab’s plan succeed?&nbsp;&nbsp;The Indian Express']","['The Indian Express', 'The Indian Express', 'The Times of India', 'The Times of India', 'Moneylife', 'The Indian Express', 'The Times of India', 'TheWire.in', 'The Times of India', 'The Indian Express']"
A160,To set up Auto Drivers' Board and Taxi Drivers' Welfare Board funding with Rs. 50 Crs to each and encouragement for self-employment.,Drivers:,"['Auto-taxi union opposes membership, registration fees for driver welfare board; petition CM on Friday - The Times of India. Auto-taxi union opposes membership, registration fees for driver welfare board; petition CM on Friday&nbsp;&nbsp;The Times of India', 'Naidu cabinet approves scheme for welfare of auto and cab drivers | India News - Hindustan Times. Naidu cabinet approves scheme for welfare of auto and cab drivers | India News&nbsp;&nbsp;Hindustan Times', 'Autorickshaw unions demand welfare board for drivers - The Hindu. Autorickshaw unions demand welfare board for drivers&nbsp;&nbsp;The Hindu', 'AITUC demands welfare board for unorganised transport workers, drivers - The Hindu. AITUC demands welfare board for unorganised transport workers, drivers&nbsp;&nbsp;The Hindu', 'Karnataka to invest ₹1 crore on training guides, auto and taxi drivers to enhance tourism - The Hindu. Karnataka to invest ₹1 crore on training guides, auto and taxi drivers to enhance tourism&nbsp;&nbsp;The Hindu', 'Vizianagaram auto drivers urged Andhra Government to implement welfare measures - The Hindu. Vizianagaram auto drivers urged Andhra Government to implement welfare measures&nbsp;&nbsp;The Hindu', '‘Auto-taxi board a poll gimmick’ - The Times of India. ‘Auto-taxi board a poll gimmick’&nbsp;&nbsp;The Times of India', '‘Sahkar Taxi’: Cab and auto drivers in Karnataka welcome Centre’s initiative - The Hindu. ‘Sahkar Taxi’: Cab and auto drivers in Karnataka welcome Centre’s initiative&nbsp;&nbsp;The Hindu', 'Auto drivers’ unions demand that Karnataka Transport Department launch its own app - The Hindu. Auto drivers’ unions demand that Karnataka Transport Department launch its own app&nbsp;&nbsp;The Hindu', 'Auto drivers in Mysuru protest against e-bike taxis - The Hindu. Auto drivers in Mysuru protest against e-bike taxis&nbsp;&nbsp;The Hindu']","['The Times of India', 'Hindustan Times', 'The Hindu', 'The Hindu', 'The Hindu', 'The Hindu', 'The Times of India', 'The Hindu', 'The Hindu', 'The Hindu']"
A161,"To develop dedicated hawker zones in all district HQs and to provide one-time financial assistance of Rs. 20,000 to street vendors to set up their shops in these zones.",Street Vendors,"['Kalaburagi corporation plans to set up zones for street vendors - The Hindu. Kalaburagi corporation plans to set up zones for street vendors&nbsp;&nbsp;The Hindu', 'GVMC to establish 21 vending zones for street vendors in Visakhapatnam in the first phase - The Hindu. GVMC to establish 21 vending zones for street vendors in Visakhapatnam in the first phase&nbsp;&nbsp;The Hindu', 'MP calls for setting up street vendors’ zones in Mysuru - The Hindu. MP calls for setting up street vendors’ zones in Mysuru&nbsp;&nbsp;The Hindu', 'Karnataka elections: Nothing more important than vending zones for street vendors - The Hindu. Karnataka elections: Nothing more important than vending zones for street vendors&nbsp;&nbsp;The Hindu', 'Street vendors to get spaces, loans under PM SVANidhi - The Times of India. Street vendors to get spaces, loans under PM SVANidhi&nbsp;&nbsp;The Times of India', 'BBMP street vendors’ survey to conclude by December 20 - The Hindu. BBMP street vendors’ survey to conclude by December 20&nbsp;&nbsp;The Hindu', 'Bengaluru’s street vendors protest their eviction, demand dignity and rights - The Times of India. Bengaluru’s street vendors protest their eviction, demand dignity and rights&nbsp;&nbsp;The Times of India', 'Prayagraj to have 18 vending zones for roadside vendors - The Times of India. Prayagraj to have 18 vending zones for roadside vendors&nbsp;&nbsp;The Times of India', 'Smart street vending zones to boost livelihoods in Visakhapatnam - The Hindu. Smart street vending zones to boost livelihoods in Visakhapatnam&nbsp;&nbsp;The Hindu', 'Dhami inaugurates development projects worth Rs 39cr in Rudrapur - The Times of India. Dhami inaugurates development projects worth Rs 39cr in Rudrapur&nbsp;&nbsp;The Times of India']","['The Hindu', 'The Hindu', 'The Hindu', 'The Hindu', 'The Times of India', 'The Hindu', 'The Times of India', 'The Times of India', 'The Hindu', 'The Times of India']"
A162,"To establish a Gig Workers' Welfare Board with allotment of Rs.3,000 Crs as seed money for revolving fund.",Gig and Un-organised Workers,"['Congress woos gig workers with welfare fund from transaction fee on aggregator platforms - Moneycontrol.com. Congress woos gig workers with welfare fund from transaction fee on aggregator platforms&nbsp;&nbsp;Moneycontrol.com', 'Karnataka constitutes Gig Workers’ Welfare Board - The Hindu. Karnataka constitutes Gig Workers’ Welfare Board&nbsp;&nbsp;The Hindu', 'Labour unions welcome Karnataka’s welfare board for Gig workers, seek stronger social security - The Hindu. Labour unions welcome Karnataka’s welfare board for Gig workers, seek stronger social security&nbsp;&nbsp;The Hindu', 'After gig workers, welfare board for domestic workers planned - The Times of India. After gig workers, welfare board for domestic workers planned&nbsp;&nbsp;The Times of India', 'Just 7% of TN’s gig workers signed up for welfare scheme - The Times of India. Just 7% of TN’s gig workers signed up for welfare scheme&nbsp;&nbsp;The Times of India', 'K’taka gig workers’ welfare scheme takes off - The Times of India. K’taka gig workers’ welfare scheme takes off&nbsp;&nbsp;The Times of India', 'Karnataka gig workers’ welfare fee to be collected from aggregators from July - The Hindu. Karnataka gig workers’ welfare fee to be collected from aggregators from July&nbsp;&nbsp;The Hindu', 'Karnataka: Industry bodies write to govt about lack of clarity around welfare fee of gig workers - The Hindu. Karnataka: Industry bodies write to govt about lack of clarity around welfare fee of gig workers&nbsp;&nbsp;The Hindu', 'Ordinance on gig workers’ social security likely to be introduced by Karnataka, following discussion with Rahul Gandhi - The Hindu. Ordinance on gig workers’ social security likely to be introduced by Karnataka, following discussion with Rahul Gandhi&nbsp;&nbsp;The Hindu', 'Karnataka Assembly passes gig workers’ Bill; proposes 1%-5% fee on online aggregators - The Hindu. Karnataka Assembly passes gig workers’ Bill; proposes 1%-5% fee on online aggregators&nbsp;&nbsp;The Hindu']","['Moneycontrol.com', 'The Hindu', 'The Hindu', 'The Times of India', 'The Times of India', 'The Times of India', 'The Hindu', 'The Hindu', 'The Hindu', 'The Hindu']"
A163,"Tocreate Sharavana Kumara Senior citizens welfare fund - Rs.1,000 Crore.",Senior Citizens:,[],[]
A156,To provide Self-employment grants for taking up small business to all Gender Minorities upto Rs.2 lakhs.,GENDER MINORITIES,"['Karnataka Budget 2025: What Muslims, Christians & Other Minorities Are - Oneindia. Karnataka Budget 2025: What Muslims, Christians & Other Minorities Are&nbsp;&nbsp;Oneindia', 'Karnataka: Gruha Shakti scheme offers free travel to women, increasing footfall and revenue dramatically - SabrangIndia. Karnataka: Gruha Shakti scheme offers free travel to women, increasing footfall and revenue dramatically&nbsp;&nbsp;SabrangIndia', 'Karnataka to conduct social, edu survey for transgender individuals - The Times of India. Karnataka to conduct social, edu survey for transgender individuals&nbsp;&nbsp;The Times of India', 'A Decade of Growth with PM Mudra Yojana - PIB. A Decade of Growth with PM Mudra Yojana&nbsp;&nbsp;PIB', 'Government weighs opt-out mechanism for welfare schemes | India News - Hindustan Times. Government weighs opt-out mechanism for welfare schemes | India News&nbsp;&nbsp;Hindustan Times', 'Overview of Karnataka Budget 2023-24 - NammaKPSC. Overview of Karnataka Budget 2023-24&nbsp;&nbsp;NammaKPSC']","['Oneindia', 'SabrangIndia', 'The Times of India', 'PIB', 'Hindustan Times', 'NammaKPSC']"
A164,To offer free Pilgrimage to one of the 15 holy places of Karnataka and one of the 10 holy places of India once in two years.,Senior Citizens:,"['Karnataka to free to temples from govt control, announces CM BS Bommai - OpIndia. Karnataka to free to temples from govt control, announces CM BS Bommai&nbsp;&nbsp;OpIndia', 'Newly found ‘Shakti’ makes it possible for women to visit faraway temples like Kukke Subrahmanya in Karnataka - The Hindu. Newly found ‘Shakti’ makes it possible for women to visit faraway temples like Kukke Subrahmanya in Karnataka&nbsp;&nbsp;The Hindu', 'Haryana government, IRCTC sign MoU to facilitate free pilgrimage for the elderly - The Hindu. Haryana government, IRCTC sign MoU to facilitate free pilgrimage for the elderly&nbsp;&nbsp;The Hindu', 'Karnataka plans to boost tourism with sea planes and virtual heritage tours - The Times of India. Karnataka plans to boost tourism with sea planes and virtual heritage tours&nbsp;&nbsp;The Times of India', 'Indian Railways: Special offer on Kashi darshana tour on Bharat Gaurav tourist train by government of Karnataka - The Hindu. Indian Railways: Special offer on Kashi darshana tour on Bharat Gaurav tourist train by government of Karnataka&nbsp;&nbsp;The Hindu', 'After stopping Haj subsidy, BJP offers to send Christians to Jerusalem — for free - The Times of India. After stopping Haj subsidy, BJP offers to send Christians to Jerusalem — for free&nbsp;&nbsp;The Times of India', 'IRCTC offers Kashi package and south India tour on Bharat Gaurav train, Karnataka offers subsidy - The Hindu. IRCTC offers Kashi package and south India tour on Bharat Gaurav train, Karnataka offers subsidy&nbsp;&nbsp;The Hindu', 'Maharashtra govt lists popular pilgrimage sites under Teerth Darshan scheme - The Times of India. Maharashtra govt lists popular pilgrimage sites under Teerth Darshan scheme&nbsp;&nbsp;The Times of India', 'Punjab starts pilgrimage scheme; Akali Dal calls it a ‘relaunch’ - The Hindu. Punjab starts pilgrimage scheme; Akali Dal calls it a ‘relaunch’&nbsp;&nbsp;The Hindu', 'MP Brijesh Chowta advocates for development of temples in Dakshina Kannada under PRASHAD scheme - The Times of India. MP Brijesh Chowta advocates for development of temples in Dakshina Kannada under PRASHAD scheme&nbsp;&nbsp;The Times of India']","['OpIndia', 'The Hindu', 'The Hindu', 'The Times of India', 'The Hindu', 'The Times of India', 'The Hindu', 'The Times of India', 'The Hindu', 'The Times of India']"
A165,"To increase the one-time subsidy provided to senior citizens from Karnataka for pilgrimages to Kashi, Mathura and Kailash Mansarovar Yatra.",Senior Citizens:,"['IRCTC offers Kashi package and south India tour on Bharat Gaurav train, Karnataka offers subsidy - The Hindu. IRCTC offers Kashi package and south India tour on Bharat Gaurav train, Karnataka offers subsidy&nbsp;&nbsp;The Hindu', 'Upload geotagged Kashi selfies to claim Rs 5,000 subsidy: Karnataka govt - The Times of India. Upload geotagged Kashi selfies to claim Rs 5,000 subsidy: Karnataka govt&nbsp;&nbsp;The Times of India', 'Karnataka Kashi Yatra website launched: Check how to apply for subsidy here | Bengaluru - Hindustan Times. Karnataka Kashi Yatra website launched: Check how to apply for subsidy here | Bengaluru&nbsp;&nbsp;Hindustan Times', 'Karnataka launches ‘Kashi Yatra’ scheme: Details and how to apply | Bengaluru - Hindustan Times. Karnataka launches ‘Kashi Yatra’ scheme: Details and how to apply | Bengaluru&nbsp;&nbsp;Hindustan Times', 'Indian Railways: Special offer on Kashi darshana tour on Bharat Gaurav tourist train by government of Karnataka - The Hindu. Indian Railways: Special offer on Kashi darshana tour on Bharat Gaurav tourist train by government of Karnataka&nbsp;&nbsp;The Hindu', ""'Bharat Gaurav' Bengaluru-Varanasi pilgrim train next month: Karnataka minister | Bengaluru - Hindustan Times. 'Bharat Gaurav' Bengaluru-Varanasi pilgrim train next month: Karnataka minister | Bengaluru&nbsp;&nbsp;Hindustan Times"", 'View: Why only Haj? End subsidies for all pilgrims - The Economic Times. View: Why only Haj? End subsidies for all pilgrims&nbsp;&nbsp;The Economic Times', 'Shri V. Somanna Launches Coffee Table Book “Karnataka Bharat Gaurav Train: Journey of a Thousand Shrines” - PIB. Shri V. Somanna Launches Coffee Table Book “Karnataka Bharat Gaurav Train: Journey of a Thousand Shrines”&nbsp;&nbsp;PIB', 'Somanna Launches Book on Karnataka Bharat Gaurav Train - GK Today. Somanna Launches Book on Karnataka Bharat Gaurav Train&nbsp;&nbsp;GK Today', 'How state govts sponsor pilgrims to Haridwar, Ajmer or Jerusalem - The Indian Express. How state govts sponsor pilgrims to Haridwar, Ajmer or Jerusalem&nbsp;&nbsp;The Indian Express']","['The Hindu', 'The Times of India', 'Hindustan Times', 'Hindustan Times', 'The Hindu', 'Hindustan Times', 'The Economic Times', 'PIB', 'GK Today', 'The Indian Express']"
A167,"To create a Rs 50 Crore ""Vidhya Deepa Nidhi"" disabled youth scholarship fund to ensure access to higher education both in India and abroad.",Persons otherwise able,[],[]
A166,To provide Rs.3 lakhs interest free loan to take up self-employment to the diabled women.,Persons otherwise able,"['Rajiv Yuva Vikasam Scheme 2025 to give up to Rs 4 lakh concessional loan; Know who is eligible and how to - The Economic Times. Rajiv Yuva Vikasam Scheme 2025 to give up to Rs 4 lakh concessional loan; Know who is eligible and how to&nbsp;&nbsp;The Economic Times', '9 Government Schemes For Women Entrepreneurs In India - Youth Ki Awaaz. 9 Government Schemes For Women Entrepreneurs In India&nbsp;&nbsp;Youth Ki Awaaz', ""MP Government's 'GYANII Budget': ₹3 lakh crore outlay, 50,000 govt jobs, 10 lakh homes for citizens - Bhaskar English. MP Government's 'GYANII Budget': ₹3 lakh crore outlay, 50,000 govt jobs, 10 lakh homes for citizens&nbsp;&nbsp;Bhaskar English"", 'Udyogini Scheme for Women: Documents Required and Eligibility Criteria - Entrepreneur India. Udyogini Scheme for Women: Documents Required and Eligibility Criteria&nbsp;&nbsp;Entrepreneur India', 'Mid-December Update: 46 New Funding Opportunities! - Substack. Mid-December Update: 46 New Funding Opportunities!&nbsp;&nbsp;Substack', 'PMEGP Scheme: A Complete Guide for Aspiring Entrepreneurs in India - Entrepreneur India. PMEGP Scheme: A Complete Guide for Aspiring Entrepreneurs in India&nbsp;&nbsp;Entrepreneur India', 'Mudra Yojana: Types, Interest Rates, Objectives, Eligibility - ClearTax. Mudra Yojana: Types, Interest Rates, Objectives, Eligibility&nbsp;&nbsp;ClearTax', 'Government Schemes Supporting Financial Inclusion - GK Today. Government Schemes Supporting Financial Inclusion&nbsp;&nbsp;GK Today', 'Karnataka CM Siddaramaiah presents his record 16th Budget, with an outlay of ₹4,09,549 crore - The South First. Karnataka CM Siddaramaiah presents his record 16th Budget, with an outlay of ₹4,09,549 crore&nbsp;&nbsp;The South First', 'Pradhan Mantri Awas Yojana 2026: Beneficiaries, online, offline application - Housing. Pradhan Mantri Awas Yojana 2026: Beneficiaries, online, offline application&nbsp;&nbsp;Housing']","['The Economic Times', 'Youth Ki Awaaz', 'Bhaskar English', 'Entrepreneur India', 'Substack', 'Entrepreneur India', 'ClearTax', 'GK Today', 'The South First', 'Housing']"
A169,"To Set up Karnataka Institute of Speech and Hearing, similar to the All India Institute of Speech and Hearing in all revenue divisions of Karnataka.",Persons otherwise able,"['‘PrAYAAS’: Children to be screened for speech and hearing difficulties in Karnataka’s Chamarajanagar dist. - The Hindu. ‘PrAYAAS’: Children to be screened for speech and hearing difficulties in Karnataka’s Chamarajanagar dist.&nbsp;&nbsp;The Hindu', 'Different view freedom of speech… cannot let mobs take over: SC raps Karnataka HC on Kamal Haasan film - The Indian Express. Different view freedom of speech… cannot let mobs take over: SC raps Karnataka HC on Kamal Haasan film&nbsp;&nbsp;The Indian Express', 'Karnataka Budget 2026: ₹4,291 crore earmarked to address regional imbalance - The Hindu. Karnataka Budget 2026: ₹4,291 crore earmarked to address regional imbalance&nbsp;&nbsp;The Hindu', 'Karnataka Budget 2026: Highlights - The Hindu. Karnataka Budget 2026: Highlights&nbsp;&nbsp;The Hindu', 'Karnataka budget focuses on maternal health, infrastructure upgrade and digital health systems - The Hindu. Karnataka budget focuses on maternal health, infrastructure upgrade and digital health systems&nbsp;&nbsp;The Hindu', 'Karnataka Institute of Medical Sciences to get cochlear implants for kids soon - The Times of India. Karnataka Institute of Medical Sciences to get cochlear implants for kids soon&nbsp;&nbsp;The Times of India', 'Will work as a responsible opposition in Karnataka: Shobha Karandlaje - The Hindu. Will work as a responsible opposition in Karnataka: Shobha Karandlaje&nbsp;&nbsp;The Hindu', 'Dinesh Gundu Rao seeks nod for AIISH-model centre in north Karnataka - The Hindu. Dinesh Gundu Rao seeks nod for AIISH-model centre in north Karnataka&nbsp;&nbsp;The Hindu', 'Karnataka Cabinet approves 1,000-bed multi-speciality hospital in Bengaluru for free organ transplant for poor - The Hindu. Karnataka Cabinet approves 1,000-bed multi-speciality hospital in Bengaluru for free organ transplant for poor&nbsp;&nbsp;The Hindu', 'Karnataka Budget: PM-MITRA textile park in Kalaburagi gets ₹75-crore allocation - The Hindu. Karnataka Budget: PM-MITRA textile park in Kalaburagi gets ₹75-crore allocation&nbsp;&nbsp;The Hindu']","['The Hindu', 'The Indian Express', 'The Hindu', 'The Hindu', 'The Hindu', 'The Times of India', 'The Hindu', 'The Hindu', 'The Hindu', 'The Hindu']"
A170,"To establish ""Field Marshal General Kariappa Ex-servicemen Development Board with Rs.500 Crores revolving fund to provide financial assistance to ex- servicemen to upto Rs.10 lakhs @ 5% interest to start self- employment/entrepreneurship.",Veteran Army personnel,['AFS Pune marks 10th Veterans Day with tri-service tribute - Awaz The Voice. AFS Pune marks 10th Veterans Day with tri-service tribute&nbsp;&nbsp;Awaz The Voice'],['Awaz The Voice']
A171,Topush forONE RANK ONE PENSION for Ex-Servicemen,Veteran Army personnel,"[""General Naravane's Comments On Agniveer Lay Bare The Army's Stubborn Resistance To Reform - Swarajyamag. General Naravane's Comments On Agniveer Lay Bare The Army's Stubborn Resistance To Reform&nbsp;&nbsp;Swarajyamag""]",['Swarajyamag']
A172,"To make special scheme for providing land, house and site to ex-servicemen and to exempt from House Tax, Water Tax and upto Rs.2,000 Electricity Bill for their own residences.",Veteran Army personnel,"['T.N. Budget 2024 | Reimbursement of property tax scheme expanded to all ex-servicemen - The Hindu. T.N. Budget 2024 | Reimbursement of property tax scheme expanded to all ex-servicemen&nbsp;&nbsp;The Hindu', 'Property tax rebate for ex-servicemen - The Hindu. Property tax rebate for ex-servicemen&nbsp;&nbsp;The Hindu', 'LSGD amends order requiring ex-service persons to submit annual affidavits for building tax exemption - The Hindu. LSGD amends order requiring ex-service persons to submit annual affidavits for building tax exemption&nbsp;&nbsp;The Hindu', 'Former chairman says 50:50 scheme was aimed at preventing loss to MUDA - The Hindu. Former chairman says 50:50 scheme was aimed at preventing loss to MUDA&nbsp;&nbsp;The Hindu', 'Andhra Pradesh govt constitutes DLACs to give land to landless poor - The Times of India. Andhra Pradesh govt constitutes DLACs to give land to landless poor&nbsp;&nbsp;The Times of India', 'AWHO housing in 2025: Summing up - Housing. AWHO housing in 2025: Summing up&nbsp;&nbsp;Housing', 'DDA housing scheme 2026: How to apply online? - Housing. DDA housing scheme 2026: How to apply online?&nbsp;&nbsp;Housing', 'KHB Launches New Duplex Housing Scheme in Bengaluru With Fixed Prices, Lottery Allotment - Deccan Herald. KHB Launches New Duplex Housing Scheme in Bengaluru With Fixed Prices, Lottery Allotment&nbsp;&nbsp;Deccan Herald', 'DC holds meeting on allocating forest and HRP lands - The Hindu. DC holds meeting on allocating forest and HRP lands&nbsp;&nbsp;The Hindu', 'RGRHCL: Benefits, eligibility, beneficiary status 2025 check online - Housing. RGRHCL: Benefits, eligibility, beneficiary status 2025 check online&nbsp;&nbsp;Housing']","['The Hindu', 'The Hindu', 'The Hindu', 'The Hindu', 'The Times of India', 'Housing', 'Housing', 'Deccan Herald', 'The Hindu', 'Housing']"
A173,Establishment ofa a Journalist Welfare Fund with seed money of Rs.500 Crores.,Journalists,"['Minister distributes Journalist Welfare Board membership cards - The Hindu. Minister distributes Journalist Welfare Board membership cards&nbsp;&nbsp;The Hindu', 'Karnataka budget: CM allocates ₹52,000 cr welfare funds on 5 guarantee schemes | India News - Hindustan Times. Karnataka budget: CM allocates ₹52,000 cr welfare funds on 5 guarantee schemes | India News&nbsp;&nbsp;Hindustan Times', 'Karnataka to frame special scheme for welfare of press photographers - The Hindu. Karnataka to frame special scheme for welfare of press photographers&nbsp;&nbsp;The Hindu', 'Karnataka forms gig workers’ welfare board, aggregators to contribute 1–1.5% welfare fee per transaction - ThePrint. Karnataka forms gig workers’ welfare board, aggregators to contribute 1–1.5% welfare fee per transaction&nbsp;&nbsp;ThePrint', 'Karnataka Sets Up 16-Member Gig Workers Welfare Board, Mandates 1–1.5% Fee for Aggregators - The Logical Indian. Karnataka Sets Up 16-Member Gig Workers Welfare Board, Mandates 1–1.5% Fee for Aggregators&nbsp;&nbsp;The Logical Indian', 'Fix time period of 3 to 5 years for new welfare schemes, Karnataka Administrative Reforms Commission tells Govt - The Indian Express. Fix time period of 3 to 5 years for new welfare schemes, Karnataka Administrative Reforms Commission tells Govt&nbsp;&nbsp;The Indian Express', 'Freebies first, development later? Karnataka cuts programs to fund welfare schemes, CAG flags deficit ris - The Times of India. Freebies first, development later? Karnataka cuts programs to fund welfare schemes, CAG flags deficit ris&nbsp;&nbsp;The Times of India', 'Telangana govt goes big on welfare, allocates 1/3rd of budget for major schemes - The Times of India. Telangana govt goes big on welfare, allocates 1/3rd of budget for major schemes&nbsp;&nbsp;The Times of India', 'Karnataka Budget 2026–27 puts focus on welfare, infrastructure and development - The South First. Karnataka Budget 2026–27 puts focus on welfare, infrastructure and development&nbsp;&nbsp;The South First', 'Karnataka notifies 1% welfare fee on gig worker payouts, caps levy per transaction across sectors - Moneycontrol.com. Karnataka notifies 1% welfare fee on gig worker payouts, caps levy per transaction across sectors&nbsp;&nbsp;Moneycontrol.com']","['The Hindu', 'Hindustan Times', 'The Hindu', 'ThePrint', 'The Logical Indian', 'The Indian Express', 'The Times of India', 'The Times of India', 'The South First', 'Moneycontrol.com']"
A168,To provide free bus pass and to one accompanying person.,Persons otherwise able,"['Karnataka govt to issue free bus passes to construction workers - The Indian Express. Karnataka govt to issue free bus passes to construction workers&nbsp;&nbsp;The Indian Express', 'Free bus travel for women: Powerful mechanism for empowerment, say activists - The Hindu. Free bus travel for women: Powerful mechanism for empowerment, say activists&nbsp;&nbsp;The Hindu', 'Shakti scheme for free bus travel: A look at the finances of Karnataka transport bodies - The Indian Express. Shakti scheme for free bus travel: A look at the finances of Karnataka transport bodies&nbsp;&nbsp;The Indian Express', 'Free bus travel for women: Karnataka needs to quickly add buses to cater to spike in demand - Moneycontrol.com. Free bus travel for women: Karnataka needs to quickly add buses to cater to spike in demand&nbsp;&nbsp;Moneycontrol.com', 'Free bus travel scheme launched in various North Karnataka districts - The Hindu. Free bus travel scheme launched in various North Karnataka districts&nbsp;&nbsp;The Hindu', 'LDF mulls free bus travel for women - The Times of India. LDF mulls free bus travel for women&nbsp;&nbsp;The Times of India', 'Congress govt in Karnataka rolls out first poll guarantee with launch of free bus rides for women - The Times of India. Congress govt in Karnataka rolls out first poll guarantee with launch of free bus rides for women&nbsp;&nbsp;The Times of India', 'From smart cards to private buses’ fears, concerns abound over Karnataka’s free travel scheme for women - The Indian Express. From smart cards to private buses’ fears, concerns abound over Karnataka’s free travel scheme for women&nbsp;&nbsp;The Indian Express', 'Karnataka’s Congress govt flags off first of 5 promises: free bus ride for women - The Indian Express. Karnataka’s Congress govt flags off first of 5 promises: free bus ride for women&nbsp;&nbsp;The Indian Express', 'Karnataka, Delhi free buses a bigger help to women than Maharashtra’s intercity half ticket: study - The Indian Express. Karnataka, Delhi free buses a bigger help to women than Maharashtra’s intercity half ticket: study&nbsp;&nbsp;The Indian Express']","['The Indian Express', 'The Hindu', 'The Indian Express', 'Moneycontrol.com', 'The Hindu', 'The Times of India', 'The Times of India', 'The Indian Express', 'The Indian Express', 'The Indian Express']"
A174,"To assist establishing Advocate Bhavans in Corporation, cities and District Headquarters.",Advocates,"['Vibhu Bakhru reiterates his commitment to resolving issues raised by public, advocates - The Hindu. Vibhu Bakhru reiterates his commitment to resolving issues raised by public, advocates&nbsp;&nbsp;The Hindu']",['The Hindu']
A175,To Create a separate Ministry to take care of the affairs of NRI Kannadigas.,NRI Kannadigas,"['Karnataka govt to create separate ministry for NRI Kannadigas | Bengaluru - Hindustan Times. Karnataka govt to create separate ministry for NRI Kannadigas | Bengaluru&nbsp;&nbsp;Hindustan Times', 'Kannadiga NRIs seek separate ministry - The New Indian Express. Kannadiga NRIs seek separate ministry&nbsp;&nbsp;The New Indian Express', 'Need a separate ministry for NRIs, says Arathi Krishna - The Hindu. Need a separate ministry for NRIs, says Arathi Krishna&nbsp;&nbsp;The Hindu', 'NRIs urge govt to fulfil promise of separate ministry - The Times of India. NRIs urge govt to fulfil promise of separate ministry&nbsp;&nbsp;The Times of India', 'State govt mulling ministry for NRI Kannadigas: Arathi Krishna - The Times of India. State govt mulling ministry for NRI Kannadigas: Arathi Krishna&nbsp;&nbsp;The Times of India', 'Separate NRI department if Congress wins Karnataka elections: Dr Arathi Krishna - connectedtoindia.com. Separate NRI department if Congress wins Karnataka elections: Dr Arathi Krishna&nbsp;&nbsp;connectedtoindia.com', 'NRI helpline steps in to aid stranded Kannadigas in UAE - The Times of India. NRI helpline steps in to aid stranded Kannadigas in UAE&nbsp;&nbsp;The Times of India', 'Dr. Arathi assures welfare of Gulf Kannadiga NRIs - Saudi Gazette. Dr. Arathi assures welfare of Gulf Kannadiga NRIs&nbsp;&nbsp;Saudi Gazette', 'Karnataka plans new ministry to address concerns of NRIs - The Economic Times. Karnataka plans new ministry to address concerns of NRIs&nbsp;&nbsp;The Economic Times', ""Dammam: Issuing NRK cards to NRI Kannadigas govt's top priority - KNRI chief Dr Arathi Krishna - Daijiworld. Dammam: Issuing NRK cards to NRI Kannadigas govt's top priority - KNRI chief Dr Arathi Krishna&nbsp;&nbsp;Daijiworld""]","['Hindustan Times', 'The New Indian Express', 'The Hindu', 'The Times of India', 'The Times of India', 'connectedtoindia.com', 'The Times of India', 'Saudi Gazette', 'The Economic Times', 'Daijiworld']"
A177,To maintain a database of youth who are unable to secure a job within 180 days of college graduation. To provide an 'Unemployment Allowance' of Rs. 3000 per month to all registered graduates and Rs.1500/- to Diploma holders - YUVANIDHI,"Youth, Employment and Sports","['Karnataka Launches Yuva Nidhi Scheme Registration to Empower Unemployed Youth - newskarnataka.com. Karnataka Launches Yuva Nidhi Scheme Registration to Empower Unemployed Youth&nbsp;&nbsp;newskarnataka.com', 'Yuva Nidhi for unemployed youth launched by Congress govt in Karnataka - The Hindu. Yuva Nidhi for unemployed youth launched by Congress govt in Karnataka&nbsp;&nbsp;The Hindu', 'Not many takers for unemployment aid in Karnataka - The Hindu. Not many takers for unemployment aid in Karnataka&nbsp;&nbsp;The Hindu', 'Yuva Nidhi beneficiaries to submit mandatory self-declaration about unemployed status by Feb. 29 - The Hindu. Yuva Nidhi beneficiaries to submit mandatory self-declaration about unemployed status by Feb. 29&nbsp;&nbsp;The Hindu', 'Yuva Nidhi beneficiaries say they have not received money for the last several months - The Hindu. Yuva Nidhi beneficiaries say they have not received money for the last several months&nbsp;&nbsp;The Hindu', 'Yuva Nidhi scheme to come into force from December-January, says Siddaramaiah - The Hindu. Yuva Nidhi scheme to come into force from December-January, says Siddaramaiah&nbsp;&nbsp;The Hindu', 'Only 3k of 85k applicants meet eligibility criteria for Yuva Nidhi scheme - The Times of India. Only 3k of 85k applicants meet eligibility criteria for Yuva Nidhi scheme&nbsp;&nbsp;The Times of India', 'Yuva Nidhi scheme registrations surge - The Times of India. Yuva Nidhi scheme registrations surge&nbsp;&nbsp;The Times of India', 'Congress Launches Fifth Poll Promise, Yuva Nidhi Scheme; 70k register | India News - Hindustan Times. Congress Launches Fifth Poll Promise, Yuva Nidhi Scheme; 70k register | India News&nbsp;&nbsp;Hindustan Times', 'Only 26% of Karnataka graduates benefited from Yuva Nidhi scheme: Sharanprakash Patil - The Indian Express. Only 26% of Karnataka graduates benefited from Yuva Nidhi scheme: Sharanprakash Patil&nbsp;&nbsp;The Indian Express']","['newskarnataka.com', 'The Hindu', 'The Hindu', 'The Hindu', 'The Hindu', 'The Hindu', 'The Times of India', 'The Times of India', 'Hindustan Times', 'The Indian Express']"
A178,To establish Bharatha Ratna CNR Fund with 500 crores corpus for basic scientific research for youth.,"Youth, Employment and Sports",[],[]
A179,To provide free bus passes and train tickets to the candidates taking up competitive examinations.,"Youth, Employment and Sports","['Rajasthan govt to ensure free bus travel for REET exam candidates on Sunday - The Times of India. Rajasthan govt to ensure free bus travel for REET exam candidates on Sunday&nbsp;&nbsp;The Times of India', ""Government to provide free online coaching for competitive examinations: Here's what to know - The Times of India. Government to provide free online coaching for competitive examinations: Here's what to know&nbsp;&nbsp;The Times of India"", 'Free bus travel facility for students during examination period - The Hindu. Free bus travel facility for students during examination period&nbsp;&nbsp;The Hindu', 'Mind the Gap: How free bus rides are changing the lives of women | Hindustan Times - Hindustan Times. Mind the Gap: How free bus rides are changing the lives of women | Hindustan Times&nbsp;&nbsp;Hindustan Times', 'Board exam: Punjab govt rolls out initiative to give career guidance to class 12 students - The Hindu. Board exam: Punjab govt rolls out initiative to give career guidance to class 12 students&nbsp;&nbsp;The Hindu', 'RRB NTPC 2025 City Intimation Slip Released for Stage 1 CBT Exam - Download Now - Telegraph India. RRB NTPC 2025 City Intimation Slip Released for Stage 1 CBT Exam - Download Now&nbsp;&nbsp;Telegraph India', 'Record no. of students appear in Meghalaya board exam - The Times of India. Record no. of students appear in Meghalaya board exam&nbsp;&nbsp;The Times of India', 'Karnataka Budget 2025: Key takeaways - Deccan Herald. Karnataka Budget 2025: Key takeaways&nbsp;&nbsp;Deccan Herald', 'NCHMCT JEE 2026: City Intimation Slip (OUT), Admit Card (SOON) Syllabus, Question Papers, Preparation - Shiksha.com. NCHMCT JEE 2026: City Intimation Slip (OUT), Admit Card (SOON) Syllabus, Question Papers, Preparation&nbsp;&nbsp;Shiksha.com', 'Mahatma Jyotiba Phule Research and Training Institute (Mahajyoti) distributes books to 7,000 students - The Times of India. Mahatma Jyotiba Phule Research and Training Institute (Mahajyoti) distributes books to 7,000 students&nbsp;&nbsp;The Times of India']","['The Times of India', 'The Times of India', 'The Hindu', 'Hindustan Times', 'The Hindu', 'Telegraph India', 'The Times of India', 'Deccan Herald', 'Shiksha.com', 'The Times of India']"
A180,To ensure 80% in jobs in Karnataka to local people in both Public and Private,"Youth, Employment and Sports","[""Karnataka's 70% jobs quota for locals faces criticism; phenomenon not limited to the state - The Economic Times. Karnataka's 70% jobs quota for locals faces criticism; phenomenon not limited to the state&nbsp;&nbsp;The Economic Times"", 'Karnataka Cabinet clears bill mandating reservation for locals in jobs - The Hindu. Karnataka Cabinet clears bill mandating reservation for locals in jobs&nbsp;&nbsp;The Hindu', 'Draft bill moots 10% education, 5% job quotas for disabled in Karnataka - The Times of India. Draft bill moots 10% education, 5% job quotas for disabled in Karnataka&nbsp;&nbsp;The Times of India', ""Karnataka jobs reservation for Kannadigas: India Inc says move 'discriminatory', calls for it to be junked - The Economic Times. Karnataka jobs reservation for Kannadigas: India Inc says move 'discriminatory', calls for it to be junked&nbsp;&nbsp;The Economic Times"", 'After backlash, Karnataka Govt puts private sector quota Bill on hold - The Indian Express. After backlash, Karnataka Govt puts private sector quota Bill on hold&nbsp;&nbsp;The Indian Express', 'MSME job portal under consideration, says Karnataka Minister - The Hindu. MSME job portal under consideration, says Karnataka Minister&nbsp;&nbsp;The Hindu', 'Why youth of North Karnataka rely heavily on govt. jobs? - The Hindu. Why youth of North Karnataka rely heavily on govt. jobs?&nbsp;&nbsp;The Hindu', 'Big move! Karnataka approves 12 menstrual leaves for women employees across sectors; minister calls it a - The Times of India. Big move! Karnataka approves 12 menstrual leaves for women employees across sectors; minister calls it a&nbsp;&nbsp;The Times of India', 'Corporates in Gujarat Defy Local Jobs Policy, RTI Finds - Frontline Magazine. Corporates in Gujarat Defy Local Jobs Policy, RTI Finds&nbsp;&nbsp;Frontline Magazine', 'Karnataka tech push: New IT policy rolled out; Rs 50,000 perk for firms moving talent beyond Bengaluru - The Times of India. Karnataka tech push: New IT policy rolled out; Rs 50,000 perk for firms moving talent beyond Bengaluru&nbsp;&nbsp;The Times of India']","['The Economic Times', 'The Hindu', 'The Times of India', 'The Economic Times', 'The Indian Express', 'The Hindu', 'The Hindu', 'The Times of India', 'Frontline Magazine', 'The Times of India']"
A181,To Constitute a Youth Commission to facilitate the overall development of youth,"Youth, Employment and Sports","['Audit stress levels among youth in workplaces: Kerala State Youth Commission - The Hindu. Audit stress levels among youth in workplaces: Kerala State Youth Commission&nbsp;&nbsp;The Hindu', 'Ahead of polls, Nitish Kumar announces 35% job quota for Bihar’s women; forms Youth Commission - The Times of India. Ahead of polls, Nitish Kumar announces 35% job quota for Bihar’s women; forms Youth Commission&nbsp;&nbsp;The Times of India', 'Karnataka releases a new Skill Development Policy; to train 3 million youth by 2033 - The Hindu. Karnataka releases a new Skill Development Policy; to train 3 million youth by 2033&nbsp;&nbsp;The Hindu', ""CM Yogi launches 'MYUVA Scheme' to empower youth entrepreneurs in Uttar Pradesh - The Times of India. CM Yogi launches 'MYUVA Scheme' to empower youth entrepreneurs in Uttar Pradesh&nbsp;&nbsp;The Times of India"", 'Punjab govt to develop 4,000 sports grounds to fight drug menace, promote youth sports: CM Mann - The Times of India. Punjab govt to develop 4,000 sports grounds to fight drug menace, promote youth sports: CM Mann&nbsp;&nbsp;The Times of India', 'Youth Impact Centre coming up in Mysuru soon - The Times of India. Youth Impact Centre coming up in Mysuru soon&nbsp;&nbsp;The Times of India', 'Signature campaign by All India Democratic Youth Organization demanding filling up of vacant government posts - The Hindu. Signature campaign by All India Democratic Youth Organization demanding filling up of vacant government posts&nbsp;&nbsp;The Hindu', ""Karnataka Congress launches 'first-time youth voters' campaign | Bengaluru - Hindustan Times. Karnataka Congress launches 'first-time youth voters' campaign | Bengaluru&nbsp;&nbsp;Hindustan Times"", 'Mobile bench of consumer commission launched in Belagavi - The Times of India. Mobile bench of consumer commission launched in Belagavi&nbsp;&nbsp;The Times of India', 'British Council, Karnataka govt launch 4 new programmes to enhance higher education, skilling initiatives - The Indian Express. British Council, Karnataka govt launch 4 new programmes to enhance higher education, skilling initiatives&nbsp;&nbsp;The Indian Express']","['The Hindu', 'The Times of India', 'The Hindu', 'The Times of India', 'The Times of India', 'The Times of India', 'The Hindu', 'Hindustan Times', 'The Times of India', 'The Indian Express']"
A182,To allot Rs.2000 crores per year for sports.,"Youth, Employment and Sports","['Bengaluru’s big leap into global sports: India’s 2nd largest international cricket stadium coming up in Anekal; Rs 2,350 crore mega project on 75 acres, 80,000 seats with multi-event venue; OC exemptions extended statewide - The Times of India. Bengaluru’s big leap into global sports: India’s 2nd largest international cricket stadium coming up in Anekal; Rs 2,350 crore mega project on 75 acres, 80,000 seats with multi-event venue; OC exemptions extended statewide&nbsp;&nbsp;The Times of India', 'Karnataka seeks release of Rs 4,195 crore for centrally sponsored schemes - The Indian Express. Karnataka seeks release of Rs 4,195 crore for centrally sponsored schemes&nbsp;&nbsp;The Indian Express', 'Bengaluru Gets Rs 45,000 Crore in Karnataka Budget 2023; Rs 30,000 Crore for Namma Metro - News18. Bengaluru Gets Rs 45,000 Crore in Karnataka Budget 2023; Rs 30,000 Crore for Namma Metro&nbsp;&nbsp;News18', 'The growth of sports infrastructure - The Hindu. The growth of sports infrastructure&nbsp;&nbsp;The Hindu', 'Siddaramaiah presents Rs 4.09 lakh crore Karnataka budget, focuses on welfare, education - The Indian Express. Siddaramaiah presents Rs 4.09 lakh crore Karnataka budget, focuses on welfare, education&nbsp;&nbsp;The Indian Express', 'TN Govt Presents Budget for 2023-2024: Revenue Deficit reduced to Rs 30,000 crore - AffairsCloud.com. TN Govt Presents Budget for 2023-2024: Revenue Deficit reduced to Rs 30,000 crore&nbsp;&nbsp;AffairsCloud.com', 'One Dist, One Sport scheme on cards, says min B Nagendra - The Times of India. One Dist, One Sport scheme on cards, says min B Nagendra&nbsp;&nbsp;The Times of India', 'Odisha government launches sports-based youth outreach - The Hindu. Odisha government launches sports-based youth outreach&nbsp;&nbsp;The Hindu', 'Bihar NDA connects to youths via sports route | Hindustan Times - Hindustan Times. Bihar NDA connects to youths via sports route | Hindustan Times&nbsp;&nbsp;Hindustan Times', '75 sportspersons from State to be trained for Paris Olympics: Minister - The Hindu. 75 sportspersons from State to be trained for Paris Olympics: Minister&nbsp;&nbsp;The Hindu']","['The Times of India', 'The Indian Express', 'News18', 'The Hindu', 'The Indian Express', 'AffairsCloud.com', 'The Times of India', 'The Hindu', 'Hindustan Times', 'The Hindu']"
A183,"To start an exclusive Sports University in Mysuru and make Karnataka a World-Class sports hub. And, to build an International Sports Complex in Mysuru exclusively for traditional sports.","Youth, Employment and Sports","['Mysuru to get multidisciplinary sports complex with velodrome and academies - The Times of India. Mysuru to get multidisciplinary sports complex with velodrome and academies&nbsp;&nbsp;The Times of India', 'Karnataka Budget 2026: Push to develop Mysuru as second IT hub to decongest Bengaluru | Real Estate News - Hindustan Times. Karnataka Budget 2026: Push to develop Mysuru as second IT hub to decongest Bengaluru | Real Estate News&nbsp;&nbsp;Hindustan Times', 'Plans afoot to develop Mysuru as global education innovation hub by 2030 - The Times of India. Plans afoot to develop Mysuru as global education innovation hub by 2030&nbsp;&nbsp;The Times of India', 'Fit India Movement: Mysuru will host more sporting events, says MP - The Hindu. Fit India Movement: Mysuru will host more sporting events, says MP&nbsp;&nbsp;The Hindu', 'Karnataka Budget: Mysuru gets healthcare, aerospace and tourism projects - The Hindu. Karnataka Budget: Mysuru gets healthcare, aerospace and tourism projects&nbsp;&nbsp;The Hindu', 'Proposed cricket stadium in Mysuru city inches towards reality - The Hindu. Proposed cricket stadium in Mysuru city inches towards reality&nbsp;&nbsp;The Hindu', 'Music varsity in Mysuru to offer courses in combat sports - The Hindu. Music varsity in Mysuru to offer courses in combat sports&nbsp;&nbsp;The Hindu', 'Mysuru gets major infrastructure boost - The Hindu. Mysuru gets major infrastructure boost&nbsp;&nbsp;The Hindu', 'Cabinet approves white-topping of Mysuru roads, cricket stadium at M.M. Hills meeting - The Hindu. Cabinet approves white-topping of Mysuru roads, cricket stadium at M.M. Hills meeting&nbsp;&nbsp;The Hindu', 'Mysuru MP welcomes move to drop stadium project at KSIC filature site - The Hindu. Mysuru MP welcomes move to drop stadium project at KSIC filature site&nbsp;&nbsp;The Hindu']","['The Times of India', 'Hindustan Times', 'The Times of India', 'The Hindu', 'The Hindu', 'The Hindu', 'The Hindu', 'The Hindu', 'The Hindu', 'The Hindu']"
A176,To help in setting up industries and those permanently relocating by creating revolving fund of Rs.1000 Crs.,NRI Kannadigas,"[""BJP vs Congress: How business took a backseat in Karnataka's state election campaign - The Economic Times. BJP vs Congress: How business took a backseat in Karnataka's state election campaign&nbsp;&nbsp;The Economic Times""]",['The Economic Times']
A184,"To identify 1,000 budding Sports talents every year from across the state and provide them financial assistance.","Youth, Employment and Sports","['State made rapid strides in sports infrastructure development since 2021, says Udhayanidhi Stalin - The Hindu. State made rapid strides in sports infrastructure development since 2021, says Udhayanidhi Stalin&nbsp;&nbsp;The Hindu', ""Javelin ace Chopra backs government's talent-identification programme - The Hindu. Javelin ace Chopra backs government's talent-identification programme&nbsp;&nbsp;The Hindu"", 'Reboot, revamp, rebuild: Karnataka need to look at fresh talent - The Times of India. Reboot, revamp, rebuild: Karnataka need to look at fresh talent&nbsp;&nbsp;The Times of India', 'Chhattisgarh Rajya Khel Alankaran Samaroh returns after five years as CM Sai recognises 544 talented play - The Times of India. Chhattisgarh Rajya Khel Alankaran Samaroh returns after five years as CM Sai recognises 544 talented play&nbsp;&nbsp;The Times of India', 'RCB Cares Expands Multi-sport Pathways In Karnataka For Hockey, Athletics And Shooting - myKhel. RCB Cares Expands Multi-sport Pathways In Karnataka For Hockey, Athletics And Shooting&nbsp;&nbsp;myKhel', 'Budget 2026-27: Government proposes launch of Khelo India mission to transform sports sector - The Hindu. Budget 2026-27: Government proposes launch of Khelo India mission to transform sports sector&nbsp;&nbsp;The Hindu', 'RCB Cares expands Sports Forward Nation vision - Awaz The Voice. RCB Cares expands Sports Forward Nation vision&nbsp;&nbsp;Awaz The Voice', 'Karnataka Government Extends Generous Funding of 3 Crores to Support Tibetan Communities in South India - Tibet Rights Collective. Karnataka Government Extends Generous Funding of 3 Crores to Support Tibetan Communities in South India&nbsp;&nbsp;Tibet Rights Collective', 'Karnataka signs MoUs for skill training in IT sector at Bengaluru Tech Summit - The Hindu. Karnataka signs MoUs for skill training in IT sector at Bengaluru Tech Summit&nbsp;&nbsp;The Hindu', 'Yuva Nidhi beneficiaries to get skill training: Karnataka minister Sharan Prakash Patil - The Indian Express. Yuva Nidhi beneficiaries to get skill training: Karnataka minister Sharan Prakash Patil&nbsp;&nbsp;The Indian Express']","['The Hindu', 'The Hindu', 'The Times of India', 'The Times of India', 'myKhel', 'The Hindu', 'Awaz The Voice', 'Tibet Rights Collective', 'The Hindu', 'The Indian Express']"
A185,"To develop Kuppalli, the birth place of Rastra Kavi Kuvempu a nature tourist center make special project of Rs. 100 Crs.","Language, Literature, Tradition and Culture",[],[]
A187,"To start ""Kuvempu Sahithya Puraskara Abhiyana"" to promote 500 young poets and authors in the state by giving them financial assistance of Rs 25,000 to each.","Language, Literature, Tradition and Culture",[],[]
A188,To set up the Aluru Venkata Rao Fund of Rs 100 Crore to promote Kannada in the digital space.,"Language, Literature, Tradition and Culture","['Tipu Sultan Vs Aluru Venkat Rao: Row Erupts Over Renaming Of Bengaluru’s Albert Victor Road - Swarajyamag. Tipu Sultan Vs Aluru Venkat Rao: Row Erupts Over Renaming Of Bengaluru’s Albert Victor Road&nbsp;&nbsp;Swarajyamag', 'Kannada Rajyotsava 2018: Karnataka to Celebrate Its 61st Foundation Day on November 1 - India.Com. Kannada Rajyotsava 2018: Karnataka to Celebrate Its 61st Foundation Day on November 1&nbsp;&nbsp;India.Com', 'Kannada Rajyotsava 2021: History and Significance of Karnataka Foundation Day - News18. Kannada Rajyotsava 2021: History and Significance of Karnataka Foundation Day&nbsp;&nbsp;News18', 'Heroes of Karnataka - The Times of India. Heroes of Karnataka&nbsp;&nbsp;The Times of India', 'KARNATAKA RAJYOTSAVA DAY - November 1, 2026 - National Today. KARNATAKA RAJYOTSAVA DAY - November 1, 2026&nbsp;&nbsp;National Today', 'Siddaramaiah accuses Centre of ‘neglecting’ Kannada, imposing Hindi - The Hans India. Siddaramaiah accuses Centre of ‘neglecting’ Kannada, imposing Hindi&nbsp;&nbsp;The Hans India', 'Kannada Rajyotsava 2021: History, significance, and celebrations of Karnataka Foundation Day - newsd.in. Kannada Rajyotsava 2021: History, significance, and celebrations of Karnataka Foundation Day&nbsp;&nbsp;newsd.in', 'Karnataka CM urges Centre to frame law for education in mother tongue, says Kannada to be taught in... - The Hans India. Karnataka CM urges Centre to frame law for education in mother tongue, says Kannada to be taught in...&nbsp;&nbsp;The Hans India', 'Kannada Rajyotsava 2023: Speech, Wishes, Quotes, History, Significance To Share On Karnataka Formation Day - Oneindia. Kannada Rajyotsava 2023: Speech, Wishes, Quotes, History, Significance To Share On Karnataka Formation Day&nbsp;&nbsp;Oneindia', 'Karnataka CM slams Hindi imposition, calls for education in mother tongue - The Siasat Daily. Karnataka CM slams Hindi imposition, calls for education in mother tongue&nbsp;&nbsp;The Siasat Daily']","['Swarajyamag', 'India.Com', 'News18', 'The Times of India', 'National Today', 'The Hans India', 'newsd.in', 'The Hans India', 'Oneindia', 'The Siasat Daily']"
A189,To release Rs.100 crores to establish- Basavapatha - the institution for Social Inclusion and Religious Ethics - in Kudalasangama.,"Language, Literature, Tradition and Culture",[],[]
A190,To build a state-of-the-art museum and theme park dedicated to Veera Madakari Nayaka in Chitradurga.,"Language, Literature, Tradition and Culture",[],[]
A191,"To create a Rs 500 Crore ""Thayi Bhuvaneshwari Monuments Fund"" to ensure the proper maintenance of all ASI sites in Karnataka.","Language, Literature, Tradition and Culture",[],[]
A192,"To revive and develop Bhuvanagiri in Siddapur taluk as a tourist destination with aRs 10 Crore grant, as it is the only place in the state where a temple is dedicated to Kannada Mathe Bhuvaneshwari Devi.","Language, Literature, Tradition and Culture","['Komatireddy Venkat Reddy meets Union minister Kishan Reddy, urges to develop Bhuvanagiri fort - The Hans India. Komatireddy Venkat Reddy meets Union minister Kishan Reddy, urges to develop Bhuvanagiri fort&nbsp;&nbsp;The Hans India', 'Karnataka launches ‘Caravan tourism’ to revive ailing tourism sector - The Indian Express. Karnataka launches ‘Caravan tourism’ to revive ailing tourism sector&nbsp;&nbsp;The Indian Express', 'Karnataka: Jog Falls in Shivamogga will get Rs 185-crore facelift; viewing deck added attraction - The Times of India. Karnataka: Jog Falls in Shivamogga will get Rs 185-crore facelift; viewing deck added attraction&nbsp;&nbsp;The Times of India', ""Telangana's Ramappa, Somasila Circuits to Receive Rs 142 crore Assistance - Deccan Chronicle. Telangana's Ramappa, Somasila Circuits to Receive Rs 142 crore Assistance&nbsp;&nbsp;Deccan Chronicle"", 'Tourism 2.0: Telangana calling! - The Times of India. Tourism 2.0: Telangana calling!&nbsp;&nbsp;The Times of India', 'From Future City to rural roads: Telangana budget emphasises infrastructure development - The South First. From Future City to rural roads: Telangana budget emphasises infrastructure development&nbsp;&nbsp;The South First']","['The Hans India', 'The Indian Express', 'The Times of India', 'Deccan Chronicle', 'The Times of India', 'The South First']"
A186,"To encourage and develop Kannada Language, literature, education and culture in 63 Taluks in Border areas and in 6 adjoining states where there are large number of Kannadigas, annual allotment of Rs.200 crores.","Language, Literature, Tradition and Culture","['Kannada-Medium Schools Struggle in Border States Amid Language Challenges - Deccan Herald. Kannada-Medium Schools Struggle in Border States Amid Language Challenges&nbsp;&nbsp;Deccan Herald', 'Language row: Karnataka Border Area Development Authority seeks explicit exclusion of Kannada linguistic minority areas in Malayalam Bhasha bill - The Hindu. Language row: Karnataka Border Area Development Authority seeks explicit exclusion of Kannada linguistic minority areas in Malayalam Bhasha bill&nbsp;&nbsp;The Hindu', 'Minister HK Patil announces 10 Kannada schools in border areas by Nov 1 - The Times of India. Minister HK Patil announces 10 Kannada schools in border areas by Nov 1&nbsp;&nbsp;The Times of India', 'Finance Dept. nixes programme to incentivise border area students to opt for Kannada schools - The Hindu. Finance Dept. nixes programme to incentivise border area students to opt for Kannada schools&nbsp;&nbsp;The Hindu', 'Karnataka government unfurls flag politics while border, language issues languish - The Times of India. Karnataka government unfurls flag politics while border, language issues languish&nbsp;&nbsp;The Times of India', 'Malayalam Language Bill 2025: Karnataka flags border area concerns - The Federal. Malayalam Language Bill 2025: Karnataka flags border area concerns&nbsp;&nbsp;The Federal', 'Culture: Karnataka: Lakhs sing Nadageethe, vow to preserve Kannada culture | Bengaluru News - The Times of India. Culture: Karnataka: Lakhs sing Nadageethe, vow to preserve Kannada culture | Bengaluru News&nbsp;&nbsp;The Times of India', 'Appointment of teachers to Kannada-medium schools in Kasaragod kicks up a row again - The Hindu. Appointment of teachers to Kannada-medium schools in Kasaragod kicks up a row again&nbsp;&nbsp;The Hindu', 'Top news in Karnataka today - The Hindu. Top news in Karnataka today&nbsp;&nbsp;The Hindu', 'Kannada groups warn govt against dividing Belagavi without consultation - The Times of India. Kannada groups warn govt against dividing Belagavi without consultation&nbsp;&nbsp;The Times of India']","['Deccan Herald', 'The Hindu', 'The Times of India', 'The Hindu', 'The Times of India', 'The Federal', 'The Times of India', 'The Hindu', 'The Hindu', 'The Times of India']"
A194,To make special projects to study of Samskrith Literature - Adi Shankaracharya Adhyayana Yojane,"Language, Literature, Tradition and Culture",[],[]
A195,"To aid and strengthen minority languages like Pali, Prakrit, Tulu, Konkani, Kodava, Byari, and Urdu.","Language, Literature, Tradition and Culture","['Karnataka Looks to Andhra Pradesh as It Moves to Grant Official Language Status to Tulu - The Hans India. Karnataka Looks to Andhra Pradesh as It Moves to Grant Official Language Status to Tulu&nbsp;&nbsp;The Hans India', 'Tulu Language: Demand for official status, Twitter campaign, History of the most developed Dravidian language - Jagran Josh. Tulu Language: Demand for official status, Twitter campaign, History of the most developed Dravidian language&nbsp;&nbsp;Jagran Josh', 'Tulu Language and Demand for Official State – History, Background and Current developments Explained - Jagran Josh. Tulu Language and Demand for Official State – History, Background and Current developments Explained&nbsp;&nbsp;Jagran Josh', 'Study panel visits Andhra Pradesh on granting official language status to Tulu - Daijiworld. Study panel visits Andhra Pradesh on granting official language status to Tulu&nbsp;&nbsp;Daijiworld', 'Recongnise Tulu as Karnataka’s second official language: Forum - The Times of India. Recongnise Tulu as Karnataka’s second official language: Forum&nbsp;&nbsp;The Times of India', 'Study panel to promote Tulu visits Andhra Pradesh - The Times of India. Study panel to promote Tulu visits Andhra Pradesh&nbsp;&nbsp;The Times of India', 'Minister Azharuddin participates in minority welfare day celebrations, reiterates government’s commitment to minority upliftment - The Hindu. Minister Azharuddin participates in minority welfare day celebrations, reiterates government’s commitment to minority upliftment&nbsp;&nbsp;The Hindu', 'Anjuman-e-Islam condemns objections to use of urdu in govt communication - The Times of India. Anjuman-e-Islam condemns objections to use of urdu in govt communication&nbsp;&nbsp;The Times of India', 'No marks-based assessment for third language in SSLC exam - The Hindu. No marks-based assessment for third language in SSLC exam&nbsp;&nbsp;The Hindu', 'Karnataka Guv asks State to review switch from marks to grades for third language in SSLC - The Hindu. Karnataka Guv asks State to review switch from marks to grades for third language in SSLC&nbsp;&nbsp;The Hindu']","['The Hans India', 'Jagran Josh', 'Jagran Josh', 'Daijiworld', 'The Times of India', 'The Times of India', 'The Hindu', 'The Times of India', 'The Hindu', 'The Hindu']"
A196,To establish Yakshagana Pradhikara with Rs. 25 Crs annual grants.,"Language, Literature, Tradition and Culture",[],[]
A197,"To evolve a scheme to provide economic security to the artists of Yakshagana, Kambala, drama, music Dhaivaradhana work and other forms of arts.","Language, Literature, Tradition and Culture","['‘Karnataka govt proved many predictions wrong on implementation of guarantee schemes’ - The Hindu. ‘Karnataka govt proved many predictions wrong on implementation of guarantee schemes’&nbsp;&nbsp;The Hindu', '""Theatre is going through the worst crisis in its history ever"" - The New Indian Express. ""Theatre is going through the worst crisis in its history ever""&nbsp;&nbsp;The New Indian Express', 'Free bus travel for women: Powerful mechanism for empowerment, say activists - The Hindu. Free bus travel for women: Powerful mechanism for empowerment, say activists&nbsp;&nbsp;The Hindu', 'Karnataka Budget 2025: Key takeaways - Deccan Herald. Karnataka Budget 2025: Key takeaways&nbsp;&nbsp;Deccan Herald']","['The Hindu', 'The New Indian Express', 'The Hindu', 'Deccan Herald']"
A198,To create a freedom memorial and theme park at Belgavi to commemorate the 1924 Congress Session- [the session presided over by Mahatma Gandhil.,"Language, Literature, Tradition and Culture",['Grand event planned to celebrate centenary of Belgaum session chaired by Gandhi - The Hindu. Grand event planned to celebrate centenary of Belgaum session chaired by Gandhi&nbsp;&nbsp;The Hindu'],['The Hindu']
A199,To Set up Festival Authority of Karnataka.,"Language, Literature, Tradition and Culture","['Karnataka High Court directs state government to allow ‘Hori Habba’ festival - The Indian Express. Karnataka High Court directs state government to allow ‘Hori Habba’ festival&nbsp;&nbsp;The Indian Express', 'Ahead of Vaikunta Ekadashi, Sankranti festivals, Karnataka govt issues fresh guidelines - The Indian Express. Ahead of Vaikunta Ekadashi, Sankranti festivals, Karnataka govt issues fresh guidelines&nbsp;&nbsp;The Indian Express', 'Karnataka Social Welfare Minister H.C. Mahadevappa inaugurates Dasara Film Festival 2025, says cinema is a powerful medium - The Hindu. Karnataka Social Welfare Minister H.C. Mahadevappa inaugurates Dasara Film Festival 2025, says cinema is a powerful medium&nbsp;&nbsp;The Hindu', 'Karnataka Police set up special units to strengthen probe for missing children, persons - The Hindu. Karnataka Police set up special units to strengthen probe for missing children, persons&nbsp;&nbsp;The Hindu', 'Karnataka examinations authority extends PG NEET application deadline - The Times of India. Karnataka examinations authority extends PG NEET application deadline&nbsp;&nbsp;The Times of India', 'Karnataka KSET registration window 2025 opens at cetonline.karnataka.gov.in: Direct link to apply here - The Times of India. Karnataka KSET registration window 2025 opens at cetonline.karnataka.gov.in: Direct link to apply here&nbsp;&nbsp;The Times of India', 'Karnataka DGP issues Statewide Holi bandobast guidelines, focus on women’s safety and communal harmony - The Hindu. Karnataka DGP issues Statewide Holi bandobast guidelines, focus on women’s safety and communal harmony&nbsp;&nbsp;The Hindu', 'Karnataka Budget | CM Siddaramaiah announces initiatives for development of Kannada, culture, literature - Deccan Herald. Karnataka Budget | CM Siddaramaiah announces initiatives for development of Kannada, culture, literature&nbsp;&nbsp;Deccan Herald', 'Cleanliness campaign launched in Karnataka’s Mandya district - The Hindu. Cleanliness campaign launched in Karnataka’s Mandya district&nbsp;&nbsp;The Hindu', ""KSET Hall Ticket 2025 released at cetonline.karnataka.gov.in, here's how to download | Competitive Exams - Hindustan Times. KSET Hall Ticket 2025 released at cetonline.karnataka.gov.in, here's how to download | Competitive Exams&nbsp;&nbsp;Hindustan Times""]","['The Indian Express', 'The Indian Express', 'The Hindu', 'The Hindu', 'The Times of India', 'The Times of India', 'The Hindu', 'Deccan Herald', 'The Hindu', 'Hindustan Times']"
A193,To bring out all Mahakavyas of Kannada Literture in digital form in the Gamaka format.,"Language, Literature, Tradition and Culture",[],[]
A200,"To set up the Shivaram Karantha Literature Fund of Rs. 100 Crore to encourage Kannada writing, both poetry and prose, among students of classes 8-12.","Language, Literature, Tradition and Culture","[""'Cultural treasure': 156-yr-old Karnataka school where Shivaram Karanth taught demolished - The News Minute. 'Cultural treasure': 156-yr-old Karnataka school where Shivaram Karanth taught demolished&nbsp;&nbsp;The News Minute"", 'Havayaka language academy to be set up with fund outlay in budget - The Hans India. Havayaka language academy to be set up with fund outlay in budget&nbsp;&nbsp;The Hans India', '10th Karanth Hometown award for poet Jayanth Kaikini - Daijiworld. 10th Karanth Hometown award for poet Jayanth Kaikini&nbsp;&nbsp;Daijiworld']","['The News Minute', 'The Hans India', 'Daijiworld']"
A202,"To publish a book on Karnataka's history and it's culture called ""Hemmeya Beedu Namma Karunadu"" and make it a non-test subject in all UG courses.","Language, Literature, Tradition and Culture",[],[]
A203,"To provide Rupees one lakh annual grant to people pursuing PhDs in Kannada literature and a Rs. 25,000 annual grant to people pursuing PG in Kannada literature under ""Da Ra Bendre Kannada Bhasha Adhyayana Puraskara Nidhi""","Language, Literature, Tradition and Culture",[],[]
A204,"To double the amount of money awarded to poets and authors under the Rajyotsava Award, Pampa Award, Kannada Sahitya Academy awards etc. limiting the number of awardees.","Language, Literature, Tradition and Culture",['This engineer-turned-poet wants Karnataka government to give him Rajyotsava Award - Bangalore Mirror. This engineer-turned-poet wants Karnataka government to give him Rajyotsava Award&nbsp;&nbsp;Bangalore Mirror'],['Bangalore Mirror']
A205,"To start ""Nrupatunga Kannada Sahithya Puraskara Abhiyana"" to promote 500 young poets and authors in the state by giving them financial assistance of Rs 25,000 to each.","Language, Literature, Tradition and Culture",[],[]
A206,"To establish in various universities, Kanakadasa Dasa Sahithya Adhyayana Peetha, Sarvagna Tripadi Sahithya Adhyayana Peeta, Basavanna Vachana Sahithya, Adhyayana Peeta, D V Gundappa Navodhaya sahithya Adhyayana Peeta, Pampa Hale Kannada sahithya Adhayayana Peeta, Kumaravyasa Nadukannada Sahithya Adhyayana Peeta, by providing necessary funds.","Language, Literature, Tradition and Culture",[],[]
A207,To increase funding to Hampi Kannada University to encourage the holistic research on Kannada literature.,"Language, Literature, Tradition and Culture","['Hampi’s Kannada University finally granted ₹1 crore special grant, but varsity is not able to use it as Karnataka govt. has not approved action plan - The Hindu. Hampi’s Kannada University finally granted ₹1 crore special grant, but varsity is not able to use it as Karnataka govt. has not approved action plan&nbsp;&nbsp;The Hindu', 'Rs 25 crore grant brings relief to Hampi Kannada University - The Times of India. Rs 25 crore grant brings relief to Hampi Kannada University&nbsp;&nbsp;The Times of India', 'Hit by shortage of funds, Kannada University seeks ₹133 crore budgetary support from govt. - The Hindu. Hit by shortage of funds, Kannada University seeks ₹133 crore budgetary support from govt.&nbsp;&nbsp;The Hindu', ""Funds crunch: Will Hampi's Kannada University collapse just like Hampi? - The Federal. Funds crunch: Will Hampi's Kannada University collapse just like Hampi?&nbsp;&nbsp;The Federal"", 'Kannada University in the doldrums as fund flow stops - The Hindu. Kannada University in the doldrums as fund flow stops&nbsp;&nbsp;The Hindu', 'Staff unpaid for 11 months as grants crunch hits Hampi Kannada varsity in Karnataka - The Times of India. Staff unpaid for 11 months as grants crunch hits Hampi Kannada varsity in Karnataka&nbsp;&nbsp;The Times of India', 'Faced with a dark future, Kannada University V-C seeks government help before power supply firm pulls the plug - The South First. Faced with a dark future, Kannada University V-C seeks government help before power supply firm pulls the plug&nbsp;&nbsp;The South First', 'Karnataka: We’re firm on Sanskrit university plan, says minister - The Times of India. Karnataka: We’re firm on Sanskrit university plan, says minister&nbsp;&nbsp;The Times of India', 'Starved of funds, Hampi varsity struggling for survival - Deccan Herald. Starved of funds, Hampi varsity struggling for survival&nbsp;&nbsp;Deccan Herald', 'Kannada vs Sanskrit war in Karnataka as pro-Kannada bodies reject Sanskrit words, university - ThePrint. Kannada vs Sanskrit war in Karnataka as pro-Kannada bodies reject Sanskrit words, university&nbsp;&nbsp;ThePrint']","['The Hindu', 'The Times of India', 'The Hindu', 'The Federal', 'The Hindu', 'The Times of India', 'The South First', 'The Times of India', 'Deccan Herald', 'ThePrint']"
A208,"To create a dedicated fund of Rs 100 Crore ""Shasana samshodhana mattu samrakshana Nidhi"" - for the restoration, renovation, and promotion of research on inscriptions.","Language, Literature, Tradition and Culture",[],[]
A209,To set up Rs 500 Crore revolving fund - Subbiah Naidu Kalabhivruddhi Nidhi - for the revival of ethnic art forms and folk sports.,"Language, Literature, Tradition and Culture",[],[]
A210,"To organize a Mega cultural festival called ""Karnataka Arunodaya Samavesha"" in every assembly constituency to promote local folk arts and music.","Language, Literature, Tradition and Culture",[],[]
A211,To set up Rs 30 Crore “C Ashwath Music Fellowship Fund” to honour young lyricists and singers.,"Language, Literature, Tradition and Culture",[],[]
A212,"To provide Rs 10,000 honorarium per month to all senior folk artists and performing artists under ""Gangu Bai Hanagal”","Language, Literature, Tradition and Culture",[],[]
A213,To take suitable actions to get the Tulu language declared as Adhikritha Bhashe and to upgrade Tulu Sahitya Academy as Tulu Bhasha Abhivriddhi Pradhikara.,"Language, Literature, Tradition and Culture","['Study panel visits Andhra Pradesh on granting official language status to Tulu - Daijiworld. Study panel visits Andhra Pradesh on granting official language status to Tulu&nbsp;&nbsp;Daijiworld', 'Academy president Dayananda Kathalsar on forward mode for Tulu - Mangalore Today. Academy president Dayananda Kathalsar on forward mode for Tulu&nbsp;&nbsp;Mangalore Today']","['Daijiworld', 'Mangalore Today']"
A214,To provide Rs. 1 crore grant for the development of the unique Kodava Culture.,"Language, Literature, Tradition and Culture","['Kodava Pusthaka Pathaya launched to promote, preserve Kodava literature & culture - The Times of India. Kodava Pusthaka Pathaya launched to promote, preserve Kodava literature & culture&nbsp;&nbsp;The Times of India', 'BJP’s narrative on Rs 100 crore grant for Urdu is misleading, communal: Siddaramaiah - The Times of India. BJP’s narrative on Rs 100 crore grant for Urdu is misleading, communal: Siddaramaiah&nbsp;&nbsp;The Times of India', 'Kodava Hockey Festival marks 25 years of uniting sport, culture, and community, to feature women’s tournament - The Hindu. Kodava Hockey Festival marks 25 years of uniting sport, culture, and community, to feature women’s tournament&nbsp;&nbsp;The Hindu', 'Mysuru Kodava Samaja launches new website - Star of Mysore. Mysuru Kodava Samaja launches new website&nbsp;&nbsp;Star of Mysore', 'Karnataka government is promoting Kannada at all levels, says H.C. Mahadevappa - The Hindu. Karnataka government is promoting Kannada at all levels, says H.C. Mahadevappa&nbsp;&nbsp;The Hindu', 'Govt. in favour of Sadashiva Commission report on internal reservation, says Minister - The Hindu. Govt. in favour of Sadashiva Commission report on internal reservation, says Minister&nbsp;&nbsp;The Hindu', 'CM Siddaramaiah Refutes Claims of Urdu Bias, Reaffirms Kannada Commitment - Deccan Herald. CM Siddaramaiah Refutes Claims of Urdu Bias, Reaffirms Kannada Commitment&nbsp;&nbsp;Deccan Herald', 'Welcome to the ‘Coorg Village’ - The Hindu. Welcome to the ‘Coorg Village’&nbsp;&nbsp;The Hindu', 'Karnataka prepares to launch state-run OTT platform by January 2026 to boost local cinema - The Morning Voice. Karnataka prepares to launch state-run OTT platform by January 2026 to boost local cinema&nbsp;&nbsp;The Morning Voice', '‘Children Falling Behind as Hindi, English Dominate,’ Says Karnataka CM Siddaramaiah, Seeks Law for Kannada Classes - The Logical Indian. ‘Children Falling Behind as Hindi, English Dominate,’ Says Karnataka CM Siddaramaiah, Seeks Law for Kannada Classes&nbsp;&nbsp;The Logical Indian']","['The Times of India', 'The Times of India', 'The Hindu', 'Star of Mysore', 'The Hindu', 'The Hindu', 'Deccan Herald', 'The Hindu', 'The Morning Voice', 'The Logical Indian']"
A215,"Karnataka has around 1,80,000 temples, of which only 35,500 temples come under the Muzrai department. These temples are neglected by the Muzarai Department. Separate special Pooja Nidhi to be established.",Temples and Pilgrim Centres:,"['100 Ram temples to be renovated in Karnataka; Muzrai department seeks special funds in Budget - The Indian Express. 100 Ram temples to be renovated in Karnataka; Muzrai department seeks special funds in Budget&nbsp;&nbsp;The Indian Express', 'Muzrai dept protected 11.5k acres of temple land: Min - The Times of India. Muzrai dept protected 11.5k acres of temple land: Min&nbsp;&nbsp;The Times of India', 'Karnataka may fund Rs 100 crore revamp of Ram temples - The Times of India. Karnataka may fund Rs 100 crore revamp of Ram temples&nbsp;&nbsp;The Times of India', 'Karnataka govt wants to ‘free temples’. But from what exactly? - The News Minute. Karnataka govt wants to ‘free temples’. But from what exactly?&nbsp;&nbsp;The News Minute', 'Karnataka government withdraws order stopping grants to temples after uproar - The South First. Karnataka government withdraws order stopping grants to temples after uproar&nbsp;&nbsp;The South First', '205 ‘A’ category temples earned Rs 420 crore in 1 year in Karnataka - The Times of India. 205 ‘A’ category temples earned Rs 420 crore in 1 year in Karnataka&nbsp;&nbsp;The Times of India', 'Karnataka government drafts ₹254-crore master plan for redevelopment of Kukke Subrahmanya temple - The Hindu. Karnataka government drafts ₹254-crore master plan for redevelopment of Kukke Subrahmanya temple&nbsp;&nbsp;The Hindu', 'Temple priests urge Governor Thaawarchand Gehlot to approve muzrai reforms - The New Indian Express. Temple priests urge Governor Thaawarchand Gehlot to approve muzrai reforms&nbsp;&nbsp;The New Indian Express', 'Landmark reforms initated under Minister in Muzrai dept - The Hans India. Landmark reforms initated under Minister in Muzrai dept&nbsp;&nbsp;The Hans India', 'Karnataka temples go digital: Now you can get e-Prasada online; live-streaming of pujas on cards - Mint. Karnataka temples go digital: Now you can get e-Prasada online; live-streaming of pujas on cards&nbsp;&nbsp;Mint']","['The Indian Express', 'The Times of India', 'The Times of India', 'The News Minute', 'The South First', 'The Times of India', 'The Hindu', 'The New Indian Express', 'The Hans India', 'Mint']"
A216,To increase monthly grants to Muzarai temples.,Temples and Pilgrim Centres:,"['Temples in Karnataka got highest allocation of funds under BJP in last 5 years - The Indian Express. Temples in Karnataka got highest allocation of funds under BJP in last 5 years&nbsp;&nbsp;The Indian Express', 'Temple priests urge Governor Thaawarchand Gehlot to approve muzrai reforms - The New Indian Express. Temple priests urge Governor Thaawarchand Gehlot to approve muzrai reforms&nbsp;&nbsp;The New Indian Express', 'Archakas’ federation demands increase in thasthik in Karnataka - The Hindu. Archakas’ federation demands increase in thasthik in Karnataka&nbsp;&nbsp;The Hindu', 'State government announces welfare measures to benefit over 34,000 archakas - The Hindu. State government announces welfare measures to benefit over 34,000 archakas&nbsp;&nbsp;The Hindu', 'No diversion of temple funds, let BJP leaders read law first: Ramalinga Reddy, Karnataka Minister for Tran - The Economic Times. No diversion of temple funds, let BJP leaders read law first: Ramalinga Reddy, Karnataka Minister for Tran&nbsp;&nbsp;The Economic Times', 'Karnataka government to directly pay salaries of temple employees - The Hindu. Karnataka government to directly pay salaries of temple employees&nbsp;&nbsp;The Hindu', 'Karnataka government to change khatas of Hindu temples, Hindu graveyards located on waqf land and retain them as Hindu property - The Hindu. Karnataka government to change khatas of Hindu temples, Hindu graveyards located on waqf land and retain them as Hindu property&nbsp;&nbsp;The Hindu', 'The Karnataka temple tax legislation: Claims, counterclaims & FACTS - Alt News. The Karnataka temple tax legislation: Claims, counterclaims & FACTS&nbsp;&nbsp;Alt News', 'Temples tied up in knots with Saptapadi free mass marriage scheme - Deccan Herald. Temples tied up in knots with Saptapadi free mass marriage scheme&nbsp;&nbsp;Deccan Herald', ""Karnataka Budget 2025 Highlights: Priests' salary, movie ticket prices, ‘Brand Bengaluru’ inside ₹4 lakh crore budget - Mint. Karnataka Budget 2025 Highlights: Priests' salary, movie ticket prices, ‘Brand Bengaluru’ inside ₹4 lakh crore budget&nbsp;&nbsp;Mint""]","['The Indian Express', 'The New Indian Express', 'The Hindu', 'The Hindu', 'The Economic Times', 'The Hindu', 'The Hindu', 'Alt News', 'Deccan Herald', 'Mint']"
A217,"To set up a “Dharmika Nidhi,” fund of Rs 1,000Crore, for the restoration and renovation of minor temples and Mathas across the state.",Temples and Pilgrim Centres:,[],[]
A201,"To give a cash prize of Rs 10,000 to students who score 100% in Kannada in their 10th exam in the name of Rashtra Kavi Manjeshwara Govinda Pai.","Language, Literature, Tradition and Culture",[],[]
A218,"To provide Rs 5,000 honorarium per month to all senior priests [above 60 years of age] of temples, mosques, churches, and other religious institutions after they reach the age of sixty, “Archaka Gowrava Nidhi Scheme.",Temples and Pilgrim Centres:,[],[]
A219,"To increase the allowances to Rs.5,000/- per month for meeting the expenditure on Poojadravya and honorarium for small rural temples, and to bring temples of gramadevatas under the purview of Muzarai.",Temples and Pilgrim Centres:,"[""After protests, Karnataka scraps order to stop development work at temples; Muzrai minister issues 'clari - The Times of India. After protests, Karnataka scraps order to stop development work at temples; Muzrai minister issues 'clari&nbsp;&nbsp;The Times of India""]",['The Times of India']
A220,"To provide a grant of up to Rs.20,000 to all Grama Devathe and Theru Habba Festivals celebrated at the village level.",Temples and Pilgrim Centres:,[],[]
A222,To establish a textile park at Bellary with an investment of rs. 5000 Cr.,Kalyana Karnataka,"['CM Siddaramaiah proposes ₹5,000 crore schemes for Bellary, Vijayanagara and other districts - Hospet.online. CM Siddaramaiah proposes ₹5,000 crore schemes for Bellary, Vijayanagara and other districts&nbsp;&nbsp;Hospet.online', 'Karnataka identifies 1,000 acres at Yadgir for textile park - Business Standard. Karnataka identifies 1,000 acres at Yadgir for textile park&nbsp;&nbsp;Business Standard', 'State completes land acquisition process for Ballari jeans textile park - The Times of India. State completes land acquisition process for Ballari jeans textile park&nbsp;&nbsp;The Times of India', 'Beyond Bengaluru: Government to set up ready-to-use factory spaces for electronics, textile parks in north... - Moneycontrol.com. Beyond Bengaluru: Government to set up ready-to-use factory spaces for electronics, textile parks in north...&nbsp;&nbsp;Moneycontrol.com', 'Land Costs Halved As Karnataka Pushes Ballari Jeans Park Revival - Textile Excellence. Land Costs Halved As Karnataka Pushes Ballari Jeans Park Revival&nbsp;&nbsp;Textile Excellence', 'Kalaburagi to be developed into smart city with Rs 1,685 cr investment: Karnataka CM Siddaramaiah - The Economic Times. Kalaburagi to be developed into smart city with Rs 1,685 cr investment: Karnataka CM Siddaramaiah&nbsp;&nbsp;The Economic Times', 'Kalyana Karnataka region pins hope on state budget for mega textile, IT parks - KNN India. Kalyana Karnataka region pins hope on state budget for mega textile, IT parks&nbsp;&nbsp;KNN India', 'Karnataka Budget: New textile policy aims to create 2 lakh jobs - Moneycontrol.com. Karnataka Budget: New textile policy aims to create 2 lakh jobs&nbsp;&nbsp;Moneycontrol.com', 'Jeans park to be set up in Ballari, says Karnataka Minister Patil - ET Manufacturing. Jeans park to be set up in Ballari, says Karnataka Minister Patil&nbsp;&nbsp;ET Manufacturing', '154 acres acquired near Ballari for Jeans Park: Minister MB Patil - The New Indian Express. 154 acres acquired near Ballari for Jeans Park: Minister MB Patil&nbsp;&nbsp;The New Indian Express']","['Hospet.online', 'Business Standard', 'The Times of India', 'Moneycontrol.com', 'Textile Excellence', 'The Economic Times', 'KNN India', 'Moneycontrol.com', 'ET Manufacturing', 'The New Indian Express']"
A223,To provide special package for de-silting of Tungabhadra Dam,Kalyana Karnataka,"['State plans balancing reservoir to offset silt in Tungabhadra dam - The New Indian Express. State plans balancing reservoir to offset silt in Tungabhadra dam&nbsp;&nbsp;The New Indian Express', 'It will take 66,000-acres to dump silt in Tungabhadra reservoir - The Hindu. It will take 66,000-acres to dump silt in Tungabhadra reservoir&nbsp;&nbsp;The Hindu', 'Tungabhadra dam is crucial for irrigation but its reservoir has only 15 percent of its actual capacity - The News Minute. Tungabhadra dam is crucial for irrigation but its reservoir has only 15 percent of its actual capacity&nbsp;&nbsp;The News Minute', 'Desilting Tungabhadra dam impossible task, says govt - The Times of India. Desilting Tungabhadra dam impossible task, says govt&nbsp;&nbsp;The Times of India', 'After 10-yr delay, Karnataka govt to begin constructing Tungabhadra balancing dam - The News Minute. After 10-yr delay, Karnataka govt to begin constructing Tungabhadra balancing dam&nbsp;&nbsp;The News Minute', '2025: Silt accumulation in Indian Dams: Reducing entry of silt is the only viable option - South Asia Network on Dams, Rivers and People. 2025: Silt accumulation in Indian Dams: Reducing entry of silt is the only viable option&nbsp;&nbsp;South Asia Network on Dams, Rivers and People', 'Anantapur: Tungabhadra HL canal works yet to see light of day - The Hans India. Anantapur: Tungabhadra HL canal works yet to see light of day&nbsp;&nbsp;The Hans India', 'Karnataka Dams Silt: Storage Shrinking Due to Silt Build-up - Deccan Herald. Karnataka Dams Silt: Storage Shrinking Due to Silt Build-up&nbsp;&nbsp;Deccan Herald', '2024: Siltation, Safety & Sustainability of Hydro, Dams in India - South Asia Network on Dams, Rivers and People. 2024: Siltation, Safety & Sustainability of Hydro, Dams in India&nbsp;&nbsp;South Asia Network on Dams, Rivers and People', 'Karnataka Budget 2026: Navali Balancing Reservoir mentioned, but project remains on paper - The Hindu. Karnataka Budget 2026: Navali Balancing Reservoir mentioned, but project remains on paper&nbsp;&nbsp;The Hindu']","['The New Indian Express', 'The Hindu', 'The News Minute', 'The Times of India', 'The News Minute', 'South Asia Network on Dams, Rivers and People', 'The Hans India', 'Deccan Herald', 'South Asia Network on Dams, Rivers and People', 'The Hindu']"
A224,To grant ®1 crore to every gram panchayat for taking up development projects,Kalyana Karnataka,"['Gram panchayat libraries in Karnataka to be upgraded with digital devices - The Hindu. Gram panchayat libraries in Karnataka to be upgraded with digital devices&nbsp;&nbsp;The Hindu', 'Karnataka to hold Swaraj convention to mark 30 years of Gram Swaraj and Panchayat Raj Act - The Hindu. Karnataka to hold Swaraj convention to mark 30 years of Gram Swaraj and Panchayat Raj Act&nbsp;&nbsp;The Hindu', 'Panchayats in Karnataka Struggling in Absence of Central Funds, Priyank Kharge Writes to Union Minister - TheWire.in. Panchayats in Karnataka Struggling in Absence of Central Funds, Priyank Kharge Writes to Union Minister&nbsp;&nbsp;TheWire.in', 'Land acquisition woes stall big development projects in Bengaluru - The Times of India. Land acquisition woes stall big development projects in Bengaluru&nbsp;&nbsp;The Times of India', 'Strengthening Panchayati Raj Institutions in India - Drishti IAS. Strengthening Panchayati Raj Institutions in India&nbsp;&nbsp;Drishti IAS', 'Karnataka Plans New Policy To Channel Rs 8,500 Cr CSR Funds To Develop Govt Schools - ETV Bharat. Karnataka Plans New Policy To Channel Rs 8,500 Cr CSR Funds To Develop Govt Schools&nbsp;&nbsp;ETV Bharat', 'Neeriddare Nale scheme for developing groundwater to be launched on October 9 - The Hindu. Neeriddare Nale scheme for developing groundwater to be launched on October 9&nbsp;&nbsp;The Hindu', 'Karnataka Budget: Focus on rural road development - The Hindu. Karnataka Budget: Focus on rural road development&nbsp;&nbsp;The Hindu', 'Karnataka launches software for better management of funds and projects - The Hindu. Karnataka launches software for better management of funds and projects&nbsp;&nbsp;The Hindu', 'Karnataka budget 2026: Rural development- concerns over consequences of VB-G-RAM-G scheme implementation - Dailyhunt. Karnataka budget 2026: Rural development- concerns over consequences of VB-G-RAM-G scheme implementation&nbsp;&nbsp;Dailyhunt']","['The Hindu', 'The Hindu', 'TheWire.in', 'The Times of India', 'Drishti IAS', 'ETV Bharat', 'The Hindu', 'The Hindu', 'The Hindu', 'Dailyhunt']"
A225,To establish minimum 100 PUC and one Women's Degree College in 41 assembly constituencies in Kalyana Karnataka.,Kalyana Karnataka,[],[]
A226,To fill up of all vacancies including back log vacancies in Kalayana Karnataka Region within a year of forming the Government by Congress Party.,Kalyana Karnataka,"['Vacancies at govt. departments in Kalyana Karnataka will be filled shortly: CM - The Hindu. Vacancies at govt. departments in Kalyana Karnataka will be filled shortly: CM&nbsp;&nbsp;The Hindu', 'Soaring expenditure threatens Karnataka CM’s plan to fill 35k vacancies - The Times of India. Soaring expenditure threatens Karnataka CM’s plan to fill 35k vacancies&nbsp;&nbsp;The Times of India', 'KKRDB to fill vacancies in schools across Kalyana Karnataka with guest teachers - The Hindu. KKRDB to fill vacancies in schools across Kalyana Karnataka with guest teachers&nbsp;&nbsp;The Hindu', 'Karnataka government failed to fulfil any promise it pledged to do in a year of coming to power in manifesto, says CIVIC - The Hindu. Karnataka government failed to fulfil any promise it pledged to do in a year of coming to power in manifesto, says CIVIC&nbsp;&nbsp;The Hindu', 'Cabinet resolves to demand ₹5,000 crore special grants from Union government for Kalyana Karnataka - The Hindu. Cabinet resolves to demand ₹5,000 crore special grants from Union government for Kalyana Karnataka&nbsp;&nbsp;The Hindu', 'People of Kalyana Karnataka pin high hopes on Cabinet meeting in Kalaburagi - The Hindu. People of Kalyana Karnataka pin high hopes on Cabinet meeting in Kalaburagi&nbsp;&nbsp;The Hindu', 'Education Department told to fill 5,267 vacant teacher posts in Kalyana Karnataka, says CM - The Hindu. Education Department told to fill 5,267 vacant teacher posts in Kalyana Karnataka, says CM&nbsp;&nbsp;The Hindu', 'CM Bommai promises more jobs, funds, slew of projects for development of Kalyana Karnataka region - The Hindu. CM Bommai promises more jobs, funds, slew of projects for development of Kalyana Karnataka region&nbsp;&nbsp;The Hindu', '‘Dark day for Karnataka’: Congress slams Centre for neglecting state, Bengaluru in Union Budget 2025 - The Indian Express. ‘Dark day for Karnataka’: Congress slams Centre for neglecting state, Bengaluru in Union Budget 2025&nbsp;&nbsp;The Indian Express', 'Budget focuses on health infrastructure, irrigation, roads and tank filling in parts of Kalyana Karnataka - The Hindu. Budget focuses on health infrastructure, irrigation, roads and tank filling in parts of Kalyana Karnataka&nbsp;&nbsp;The Hindu']","['The Hindu', 'The Times of India', 'The Hindu', 'The Hindu', 'The Hindu', 'The Hindu', 'The Hindu', 'The Hindu', 'The Indian Express', 'The Hindu']"
A221,"To reserve Rs.5,000 Crores every year for the infrastructure development of Kalyana Karnataka.",Kalyana Karnataka,"['Karnataka government allocates Rs 5,000 crore for Kalyana Karnataka region development - The New Indian Express. Karnataka government allocates Rs 5,000 crore for Kalyana Karnataka region development&nbsp;&nbsp;The New Indian Express', 'Karnataka government provided ₹13,000 crore to Kalyana Karnataka in 28 months: Ajay Singh - The Hindu. Karnataka government provided ₹13,000 crore to Kalyana Karnataka in 28 months: Ajay Singh&nbsp;&nbsp;The Hindu', '1,150 km of roads to be developed at a cost of ₹1,000 crore in rural Kalyana Karnataka - The Hindu. 1,150 km of roads to be developed at a cost of ₹1,000 crore in rural Kalyana Karnataka&nbsp;&nbsp;The Hindu', '₹5,000 crore allocation for infra devpt in Kalyana K’taka; funding for Raichur airport - The Times of India. ₹5,000 crore allocation for infra devpt in Kalyana K’taka; funding for Raichur airport&nbsp;&nbsp;The Times of India', 'Special cabinet meeting OKs Rs 11k-crore package for Kalyana-Karnataka region - The Times of India. Special cabinet meeting OKs Rs 11k-crore package for Kalyana-Karnataka region&nbsp;&nbsp;The Times of India', 'Budget focuses on health infrastructure, irrigation, roads and tank filling in parts of Kalyana Karnataka - The Hindu. Budget focuses on health infrastructure, irrigation, roads and tank filling in parts of Kalyana Karnataka&nbsp;&nbsp;The Hindu', 'Karnataka Budget 2026-27: Kalyana Karnataka projects routed largely through KKRDB funds - The Hindu. Karnataka Budget 2026-27: Kalyana Karnataka projects routed largely through KKRDB funds&nbsp;&nbsp;The Hindu', 'Karnataka Budget 2026–27 puts focus on welfare, infrastructure and development - The South First. Karnataka Budget 2026–27 puts focus on welfare, infrastructure and development&nbsp;&nbsp;The South First', ""Karnataka's debt rose to Rs 8 lakh crore, says Union Minister; calls the Budget 'minority-oriented' - The News Minute. Karnataka's debt rose to Rs 8 lakh crore, says Union Minister; calls the Budget 'minority-oriented'&nbsp;&nbsp;The News Minute"", 'Committed to development of region”: Karnataka CM Siddaramaiah on Kalyana Karnataka Utsav - Country and Politics. Committed to development of region”: Karnataka CM Siddaramaiah on Kalyana Karnataka Utsav&nbsp;&nbsp;Country and Politics']","['The New Indian Express', 'The Hindu', 'The Hindu', 'The Times of India', 'The Times of India', 'The Hindu', 'The Hindu', 'The South First', 'The News Minute', 'Country and Politics']"
A227,"To establish of one Mother and Child Special Hospital, Trauma and Emergency Treatment centres in each of the 41 Assembly Constituencies.",Kalyana Karnataka,"['Karnataka: Kalaburagi to Get New Child super-speciality healthcare facility - Deccan Chronicle. Karnataka: Kalaburagi to Get New Child super-speciality healthcare facility&nbsp;&nbsp;Deccan Chronicle', '47 primary health centres to be established in Kalyana Karnataka - The Hindu. 47 primary health centres to be established in Kalyana Karnataka&nbsp;&nbsp;The Hindu', 'Govt to start AI-driven maternal, child health monitoring systems in Rayagada - The Times of India. Govt to start AI-driven maternal, child health monitoring systems in Rayagada&nbsp;&nbsp;The Times of India', 'New hospitals and speciality units will turn Kalaburagi into medical hub of northern Karnataka: Minister - The Hindu. New hospitals and speciality units will turn Kalaburagi into medical hub of northern Karnataka: Minister&nbsp;&nbsp;The Hindu', 'One Stop, Many Challenges: Sakhi Centres Struggle To Support Women Survivors of Violence - Indiaspend. One Stop, Many Challenges: Sakhi Centres Struggle To Support Women Survivors of Violence&nbsp;&nbsp;Indiaspend', 'Congress releases 10-point plan ahead of Karnataka assembly election | Bengaluru - Hindustan Times. Congress releases 10-point plan ahead of Karnataka assembly election | Bengaluru&nbsp;&nbsp;Hindustan Times', 'State Govt. Employees Association hopeful of the launch of cashless medical treatment facility for employees on February 27 - The Hindu. State Govt. Employees Association hopeful of the launch of cashless medical treatment facility for employees on February 27&nbsp;&nbsp;The Hindu', 'Karnataka to build three new hospitals at Kalaburagi - Medical Buyer. Karnataka to build three new hospitals at Kalaburagi&nbsp;&nbsp;Medical Buyer', 'Karnataka approves ultrasound training for MBBS doctors to strengthen maternal healthcare - The Hindu. Karnataka approves ultrasound training for MBBS doctors to strengthen maternal healthcare&nbsp;&nbsp;The Hindu', 'Expert team will probe maternal deaths in Ballari hospital: Health Minister - The Hindu. Expert team will probe maternal deaths in Ballari hospital: Health Minister&nbsp;&nbsp;The Hindu']","['Deccan Chronicle', 'The Hindu', 'The Times of India', 'The Hindu', 'Indiaspend', 'Hindustan Times', 'The Hindu', 'Medical Buyer', 'The Hindu', 'The Hindu']"
A229,To convert the existing Kalaburagi-siraguppa-Ballary High way into 6-lane,Kalyana Karnataka,[],[]
A230,To give a one-time infrastructure grant of Rs 1 Crore and monthly subsidy of Rs 1 lakh to all Kannada schools in the bordering region of Maharashtra,KITTURU KARNATAKA,['Kannada-Medium Schools Struggle in Border States Amid Language Challenges - Deccan Herald. Kannada-Medium Schools Struggle in Border States Amid Language Challenges&nbsp;&nbsp;Deccan Herald'],['Deccan Herald']
A231,To form 'Mahadayi Irrigation Development Corporation exclusively for the region.,KITTURU KARNATAKA,"['Mahadayi river water dispute receives final award - India Water Portal. Mahadayi river water dispute receives final award&nbsp;&nbsp;India Water Portal', 'Protest rally against Mahadayi basin projects in Belagavi on June 3 - The Hindu. Protest rally against Mahadayi basin projects in Belagavi on June 3&nbsp;&nbsp;The Hindu', 'Karnataka budget 2026-27: Major push for irrigation, land acquisition for UKP-III finalised - The New Indian Express. Karnataka budget 2026-27: Major push for irrigation, land acquisition for UKP-III finalised&nbsp;&nbsp;The New Indian Express', 'Shivakumar seeks clearances for Mekedatu and release of funds for irrigation projects - The Hindu. Shivakumar seeks clearances for Mekedatu and release of funds for irrigation projects&nbsp;&nbsp;The Hindu', 'Irrigation dreams remain poll slogans as big ticket water projects languish - The Times of India. Irrigation dreams remain poll slogans as big ticket water projects languish&nbsp;&nbsp;The Times of India', 'Goa forms monitoring committee to keep an eye on Karnataka, Maharashtra - The Hindu. Goa forms monitoring committee to keep an eye on Karnataka, Maharashtra&nbsp;&nbsp;The Hindu', 'Farmers, environment activists protest against Kalasa-Banduri projects in Karnataka - The Hindu. Farmers, environment activists protest against Kalasa-Banduri projects in Karnataka&nbsp;&nbsp;The Hindu', 'Approve Kalasa-Banduri project\nwithout delay, Karnataka urges Centre - The New Indian Express. Approve Kalasa-Banduri project\nwithout delay, Karnataka urges Centre&nbsp;&nbsp;The New Indian Express', 'Environmentalists, farmers, and religious leaders protest against Kalasa Banduri project - The New Indian Express. Environmentalists, farmers, and religious leaders protest against Kalasa Banduri project&nbsp;&nbsp;The New Indian Express', 'A slew of projects remain pending, moving at a snail’s pace across Karnataka - The New Indian Express. A slew of projects remain pending, moving at a snail’s pace across Karnataka&nbsp;&nbsp;The New Indian Express']","['India Water Portal', 'The Hindu', 'The New Indian Express', 'The Hindu', 'The Times of India', 'The Hindu', 'The Hindu', 'The New Indian Express', 'The New Indian Express', 'The New Indian Express']"
A232,"To set up a 500-bed super-speciality hospitals in Karwar, Dharwad, Vijayapura and Bagalkot.",KITTURU KARNATAKA,"['CM Siddaramaiah Inaugurates a 450-bed Multi-speciality Hospital at KRIMS; Assures Another for Karwar - Digital Health News. CM Siddaramaiah Inaugurates a 450-bed Multi-speciality Hospital at KRIMS; Assures Another for Karwar&nbsp;&nbsp;Digital Health News', 'Government plans super specialty hospital in Karwar: Min. Sharan Prakash Patil - Vartha Bharati. Government plans super specialty hospital in Karwar: Min. Sharan Prakash Patil&nbsp;&nbsp;Vartha Bharati', 'CM promises superspecialty hospital for Karwar - The Times of India. CM promises superspecialty hospital for Karwar&nbsp;&nbsp;The Times of India', 'Karnataka: Govt approves Super Speciality hospital in Uttara Kannada district - Medical Dialogues. Karnataka: Govt approves Super Speciality hospital in Uttara Kannada district&nbsp;&nbsp;Medical Dialogues', 'Karnataka govt to set up day-care chemotherapy centre in each district - ET HealthWorld. Karnataka govt to set up day-care chemotherapy centre in each district&nbsp;&nbsp;ET HealthWorld', 'There’s no emergency hospital in Uttara Kannada, and residents are fed up - The News Minute. There’s no emergency hospital in Uttara Kannada, and residents are fed up&nbsp;&nbsp;The News Minute', 'Karnataka allocates ₹620 crore for new medical colleges, hospitals - Medical Buyer. Karnataka allocates ₹620 crore for new medical colleges, hospitals&nbsp;&nbsp;Medical Buyer', 'Karnataka Budget 2026 expands IVF facilities, boosts medical education - Medical Dialogues. Karnataka Budget 2026 expands IVF facilities, boosts medical education&nbsp;&nbsp;Medical Dialogues', 'Karnataka health budget prioritises prevention and infrastructure: Experts caution about inadequate public health allocation - The South First. Karnataka health budget prioritises prevention and infrastructure: Experts caution about inadequate public health allocation&nbsp;&nbsp;The South First', 'Karnataka Budget 2026: Highlights - The Hindu. Karnataka Budget 2026: Highlights&nbsp;&nbsp;The Hindu']","['Digital Health News', 'Vartha Bharati', 'The Times of India', 'Medical Dialogues', 'ET HealthWorld', 'The News Minute', 'Medical Buyer', 'Medical Dialogues', 'The South First', 'The Hindu']"
A233,To set up one 'pulses and dal procurement centre’ in every district.,KITTURU KARNATAKA,"['District task force clears procurement of toor dal under MSP in Kalaburagi - The Hindu. District task force clears procurement of toor dal under MSP in Kalaburagi&nbsp;&nbsp;The Hindu', 'Centre okays procurement of kharif pulses at MSP - The Hans India. Centre okays procurement of kharif pulses at MSP&nbsp;&nbsp;The Hans India', 'Centre to help States to procure pulses at MSP - The Hindu. Centre to help States to procure pulses at MSP&nbsp;&nbsp;The Hindu', 'Centre looks to Karnataka to tame pulse prices - The Economic Times. Centre looks to Karnataka to tame pulse prices&nbsp;&nbsp;The Economic Times', 'Register for tur procurement, farmers urged - The Times of India. Register for tur procurement, farmers urged&nbsp;&nbsp;The Times of India', 'Tur procurement begins in major states; Govt to procure 100% of Tur, Urad and Masur - The Economic Times. Tur procurement begins in major states; Govt to procure 100% of Tur, Urad and Masur&nbsp;&nbsp;The Economic Times', 'Centre Will Closely Work With Karnataka To Boost Agriculture: Chouhan - ETV Bharat. Centre Will Closely Work With Karnataka To Boost Agriculture: Chouhan&nbsp;&nbsp;ETV Bharat', 'India’s Mission for Aatmanirbharta in Pulses - PIB. India’s Mission for Aatmanirbharta in Pulses&nbsp;&nbsp;PIB', 'Karnataka govt. urged to procure commodities for newly-announced nutrition kit directly from farmers - The Hindu. Karnataka govt. urged to procure commodities for newly-announced nutrition kit directly from farmers&nbsp;&nbsp;The Hindu', 'Tur dal industry in soup: Over 300 mills shut down in Kalaburagi - The Times of India. Tur dal industry in soup: Over 300 mills shut down in Kalaburagi&nbsp;&nbsp;The Times of India']","['The Hindu', 'The Hans India', 'The Hindu', 'The Economic Times', 'The Times of India', 'The Economic Times', 'ETV Bharat', 'PIB', 'The Hindu', 'The Times of India']"
A234,"To ensure the construction of 6 lane all weather roads connecting all the districts to the Karwar port passing through Vijaypura, Bagalkot, Gadag and Dharwad and to develop Karwara as the second Major Port.",KITTURU KARNATAKA,"['As Karwar’s Port Expansion Threatens Jobs & Fisheries, Fisherfolk Question ‘Development’ - Pulitzer Center. As Karwar’s Port Expansion Threatens Jobs & Fisheries, Fisherfolk Question ‘Development’&nbsp;&nbsp;Pulitzer Center', 'Facts to know about Goa’s new four-lane road: Connecting Panaji, Ponda and Karnataka - The Times of India. Facts to know about Goa’s new four-lane road: Connecting Panaji, Ponda and Karnataka&nbsp;&nbsp;The Times of India', 'For a base at Karwar - Frontline Magazine. For a base at Karwar&nbsp;&nbsp;Frontline Magazine', 'Karnataka Deepwater Greenfield Port Projects: JSW Infrastructure Emerges As Sole Bidder For Keni, No Bids For Pavinakurve As Adani Stays Out - Swarajyamag. Karnataka Deepwater Greenfield Port Projects: JSW Infrastructure Emerges As Sole Bidder For Keni, No Bids For Pavinakurve As Adani Stays Out&nbsp;&nbsp;Swarajyamag', 'Karnataka’s port-development spree ignores coastal communities’ concerns - Mongabay-India. Karnataka’s port-development spree ignores coastal communities’ concerns&nbsp;&nbsp;Mongabay-India', 'Centre approves New Coastal Zone Management Plan in Karnataka - ET Infra. Centre approves New Coastal Zone Management Plan in Karnataka&nbsp;&nbsp;ET Infra', 'How Karnataka’s Aggressive Port Push Is Jeopardising Lands, Livelihoods Of Fishers - BehanBox. How Karnataka’s Aggressive Port Push Is Jeopardising Lands, Livelihoods Of Fishers&nbsp;&nbsp;BehanBox', 'Tragedy of the commons: In Karnataka, small-scale fishers are losing their foothold - The News Minute. Tragedy of the commons: In Karnataka, small-scale fishers are losing their foothold&nbsp;&nbsp;The News Minute']","['Pulitzer Center', 'The Times of India', 'Frontline Magazine', 'Swarajyamag', 'Mongabay-India', 'ET Infra', 'BehanBox', 'The News Minute']"
A228,To build 2500 new classrooms and fill up all vacancies of teachers.,Kalyana Karnataka,"['Implement SEP, fill teacher vacancies in Karnataka: Educationists - EdexLive. Implement SEP, fill teacher vacancies in Karnataka: Educationists&nbsp;&nbsp;EdexLive', 'Karnataka to set up 2,500 smart classrooms for digital learning in next 2 months | Hindustan Times - Hindustan Times. Karnataka to set up 2,500 smart classrooms for digital learning in next 2 months | Hindustan Times&nbsp;&nbsp;Hindustan Times', 'Karnataka has 2.84 lakh vacancies in 43 departments, maximum in six departments - The Hindu. Karnataka has 2.84 lakh vacancies in 43 departments, maximum in six departments&nbsp;&nbsp;The Hindu', 'New schools, more teachers, better infrastructure: Education gets a shot in arm in Karnataka - The New Indian Express. New schools, more teachers, better infrastructure: Education gets a shot in arm in Karnataka&nbsp;&nbsp;The New Indian Express', 'Karnataka budget 2025: Govt to start 500 new public schools at Rs 2,500 crore - The News Minute. Karnataka budget 2025: Govt to start 500 new public schools at Rs 2,500 crore&nbsp;&nbsp;The News Minute', 'CM Siddaramaiah proposes 500 new Karnataka Public Schools, AI-based learning - The Indian Express. CM Siddaramaiah proposes 500 new Karnataka Public Schools, AI-based learning&nbsp;&nbsp;The Indian Express', 'Karnataka govt launches smart classrooms, distributes tablets and PCs among students - The Indian Express. Karnataka govt launches smart classrooms, distributes tablets and PCs among students&nbsp;&nbsp;The Indian Express', 'Karnataka Budget 2026: 800 govt schools to become KPS; 15,000 teachers to be hired - Deccan Herald. Karnataka Budget 2026: 800 govt schools to become KPS; 15,000 teachers to be hired&nbsp;&nbsp;Deccan Herald', 'Teacher shotage in govt schools likely to reach 1 lakh by April 2026: KDA chief - The Times of India. Teacher shotage in govt schools likely to reach 1 lakh by April 2026: KDA chief&nbsp;&nbsp;The Times of India', 'Amid AI fears, Karnataka to fill 50k jobs in next fiscal - The Times of India. Amid AI fears, Karnataka to fill 50k jobs in next fiscal&nbsp;&nbsp;The Times of India']","['EdexLive', 'Hindustan Times', 'The Hindu', 'The New Indian Express', 'The News Minute', 'The Indian Express', 'The Indian Express', 'Deccan Herald', 'The Times of India', 'The Times of India']"
A235,"To establish Brahmashri Narayana Guru Nigama and to with Rs.500 Crs. annualy and Rs. 2,500 Cr for five years",Karavali/Malnad Karnataka,[],[]
A237,Reserve Rs.100 crores to solve the problems of Yellow Leaf and other deceases affecting Arecanut and to improve marketing and research in this regard.,Karavali/Malnad Karnataka,"['Centre allocates ₹37 crore to Karnataka for managing arecanut leaf spot disease in 2024-25, says Union Minister - The Hindu. Centre allocates ₹37 crore to Karnataka for managing arecanut leaf spot disease in 2024-25, says Union Minister&nbsp;&nbsp;The Hindu', 'Isro, CPCRI launch drone survey to tackle yellow leaf disease in arecanut - The Times of India. Isro, CPCRI launch drone survey to tackle yellow leaf disease in arecanut&nbsp;&nbsp;The Times of India', 'Arecanut marketing body urges Karnataka govt to compensate farmers impacted by fruit rot disease - BusinessLine. Arecanut marketing body urges Karnataka govt to compensate farmers impacted by fruit rot disease&nbsp;&nbsp;BusinessLine', 'Shivamogga arecanut growers reel under rising losses due to crop diseases - The New Indian Express. Shivamogga arecanut growers reel under rising losses due to crop diseases&nbsp;&nbsp;The New Indian Express', 'High-level meeting on areca nut development held under chairmanship of Union Agriculture Minister Shri Shivraj Singh Chouhan - PIB. High-level meeting on areca nut development held under chairmanship of Union Agriculture Minister Shri Shivraj Singh Chouhan&nbsp;&nbsp;PIB', ""K'taka Budget 2025: Rs 4 lac cr outlay with key allocations for Dakshina Kannada, Udupi - Daijiworld. K'taka Budget 2025: Rs 4 lac cr outlay with key allocations for Dakshina Kannada, Udupi&nbsp;&nbsp;Daijiworld"", 'Overview of Karnataka Budget 2023-24 - NammaKPSC. Overview of Karnataka Budget 2023-24&nbsp;&nbsp;NammaKPSC', 'Karnataka Budget | New tech, micro irrigation: Renewed focus on agriculture sector - Deccan Herald. Karnataka Budget | New tech, micro irrigation: Renewed focus on agriculture sector&nbsp;&nbsp;Deccan Herald', 'Karnataka Budget 2026 | Krishi Vistara, AI-based Farmer Call Centre and Raitha Malls planned to boost agriculture - Deccan Herald. Karnataka Budget 2026 | Krishi Vistara, AI-based Farmer Call Centre and Raitha Malls planned to boost agriculture&nbsp;&nbsp;Deccan Herald']","['The Hindu', 'The Times of India', 'BusinessLine', 'The New Indian Express', 'PIB', 'Daijiworld', 'NammaKPSC', 'Deccan Herald', 'Deccan Herald']"
A238,To review Kasturi Rangan Report and to frame New Western Ghat Policy for Forest and Environmental protection.,Karavali/Malnad Karnataka,"['Need for implementing recommendations of Kasturirangan’s report on Western Ghats: VC - The Hindu. Need for implementing recommendations of Kasturirangan’s report on Western Ghats: VC&nbsp;&nbsp;The Hindu', 'Karnataka cabinet rejects Kasturirangan panel’s recommendations for protecting Western Ghats - The Indian Express. Karnataka cabinet rejects Kasturirangan panel’s recommendations for protecting Western Ghats&nbsp;&nbsp;The Indian Express', 'Here is Why Karnataka Rejected the Kasturirangan Report on the Western Ghats - Frontline Magazine. Here is Why Karnataka Rejected the Kasturirangan Report on the Western Ghats&nbsp;&nbsp;Frontline Magazine', 'Scientist, author, and foremost voice of ecological conscience: Madhav Gadgil proposed a roadmap for Western Ghats conservation - The Indian Express. Scientist, author, and foremost voice of ecological conscience: Madhav Gadgil proposed a roadmap for Western Ghats conservation&nbsp;&nbsp;The Indian Express', '14 years after Gadgil report, Western Ghats eco-sensitive zones yet to be notified | India News - Hindustan Times. 14 years after Gadgil report, Western Ghats eco-sensitive zones yet to be notified | India News&nbsp;&nbsp;Hindustan Times', 'Mini-hydel proposal near Pushpagiri in Karnataka’s Kodagu dist. kindles concern over Western Ghats conservation - The Hindu. Mini-hydel proposal near Pushpagiri in Karnataka’s Kodagu dist. kindles concern over Western Ghats conservation&nbsp;&nbsp;The Hindu', 'Centre will not implement draft notification of ESA in Western Ghats till it gets panel report: Bommai - The Hindu. Centre will not implement draft notification of ESA in Western Ghats till it gets panel report: Bommai&nbsp;&nbsp;The Hindu', ""Madhav Gadgil's divisive legacy in Western Ghats: Respect from conservationists, scepticism from local communities - The Hindu. Madhav Gadgil's divisive legacy in Western Ghats: Respect from conservationists, scepticism from local communities&nbsp;&nbsp;The Hindu"", 'Kasturirangan report: Breather for Karnataka as Centre orders physical land survey - The Federal. Kasturirangan report: Breather for Karnataka as Centre orders physical land survey&nbsp;&nbsp;The Federal', 'Fix time to notify eco-sensitive areas in Western Ghats: NGT - The Times of India. Fix time to notify eco-sensitive areas in Western Ghats: NGT&nbsp;&nbsp;The Times of India']","['The Hindu', 'The Indian Express', 'Frontline Magazine', 'The Indian Express', 'Hindustan Times', 'The Hindu', 'The Hindu', 'The Hindu', 'The Federal', 'The Times of India']"
A239,To develop a robust action plan to setup Beach Tourism in Mangalore Udupi and Karwar districts. Coastal Beach Tourism Authority.,Karavali/Malnad Karnataka,"['Karnataka plans island development to boost tourism and jobs under New Maritime Policy - Mangalore Today. Karnataka plans island development to boost tourism and jobs under New Maritime Policy&nbsp;&nbsp;Mangalore Today', 'Mangaluru: Coastal region has immense potential for tourism, says Uday Shetty - Daijiworld. Mangaluru: Coastal region has immense potential for tourism, says Uday Shetty&nbsp;&nbsp;Daijiworld', 'KCCI reaction to Karnataka Budget 2025 - Mangalore Today. KCCI reaction to Karnataka Budget 2025&nbsp;&nbsp;Mangalore Today', 'Karnataka govt announces annual Rs 250 crore funding for new Coastal Development Board(CDB) - The Times of India. Karnataka govt announces annual Rs 250 crore funding for new Coastal Development Board(CDB)&nbsp;&nbsp;The Times of India', 'Udupi: CM announces Rs 5 crore grant for Uchila Mahalakshmi temple - Daijiworld. Udupi: CM announces Rs 5 crore grant for Uchila Mahalakshmi temple&nbsp;&nbsp;Daijiworld', 'Karnataka Budget 2025: Nothing much for coastal districts - The New Indian Express. Karnataka Budget 2025: Nothing much for coastal districts&nbsp;&nbsp;The New Indian Express', 'Karnataka Maritime Board identifies 10 islands for tourism projects under the PPP model - The Hindu. Karnataka Maritime Board identifies 10 islands for tourism projects under the PPP model&nbsp;&nbsp;The Hindu', 'Coast gets raw deal: Legislators, activists criticise Budget proposals - Dailyhunt. Coast gets raw deal: Legislators, activists criticise Budget proposals&nbsp;&nbsp;Dailyhunt', 'What does each state get from Budget 2026-27? - The Federal. What does each state get from Budget 2026-27?&nbsp;&nbsp;The Federal']","['Mangalore Today', 'Daijiworld', 'Mangalore Today', 'The Times of India', 'Daijiworld', 'The New Indian Express', 'The Hindu', 'Dailyhunt', 'The Federal']"
A240,To make Mangaluru internationally competitive IT centre to increase employment opportunities and establish an IT Park.,Karavali/Malnad Karnataka,"['Karnataka Targets Major GCC Expansion, IT Park in Mangaluru - Analytics India Magazine. Karnataka Targets Major GCC Expansion, IT Park in Mangaluru&nbsp;&nbsp;Analytics India Magazine', 'Karnataka set to invite bids for new Mangaluru IT Park - Communications Today. Karnataka set to invite bids for new Mangaluru IT Park&nbsp;&nbsp;Communications Today', 'State plans technology park in Mangaluru to meet working capacity of 3,500 people, says Priyank Kharge - The Hindu. State plans technology park in Mangaluru to meet working capacity of 3,500 people, says Priyank Kharge&nbsp;&nbsp;The Hindu', 'Mangaluru’s IT park project stuck in limbo - The Times of India. Mangaluru’s IT park project stuck in limbo&nbsp;&nbsp;The Times of India', 'Karnataka Government to Establish Plastic Parks in Mangaluru and Vijayapura for Industry Growth - Goodreturns. Karnataka Government to Establish Plastic Parks in Mangaluru and Vijayapura for Industry Growth&nbsp;&nbsp;Goodreturns', 'Karnataka Budget 2026–27: Siddaramaiah unveils Rs 4.48 lakh crore plan, IT park for Mangaluru - Mangalore Today. Karnataka Budget 2026–27: Siddaramaiah unveils Rs 4.48 lakh crore plan, IT park for Mangaluru&nbsp;&nbsp;Mangalore Today', 'Mangaluru tech park proposal expected to come before state cabinet for approval - The Times of India. Mangaluru tech park proposal expected to come before state cabinet for approval&nbsp;&nbsp;The Times of India', '39 firms evince interest to invest in Mangaluru Plastic Park - The Hindu. 39 firms evince interest to invest in Mangaluru Plastic Park&nbsp;&nbsp;The Hindu', 'Mangaluru Plastic Park project likely to be inaugurated before monsoon, says Capt. Chowta - The Hindu. Mangaluru Plastic Park project likely to be inaugurated before monsoon, says Capt. Chowta&nbsp;&nbsp;The Hindu', 'Karnataka govt. to hold State-level cashew fair in Mangaluru, says Forest Minister - The Hindu. Karnataka govt. to hold State-level cashew fair in Mangaluru, says Forest Minister&nbsp;&nbsp;The Hindu']","['Analytics India Magazine', 'Communications Today', 'The Hindu', 'The Times of India', 'Goodreturns', 'Mangalore Today', 'The Times of India', 'The Hindu', 'The Hindu', 'The Hindu']"
A241,To undertake the following programmes for the overall development of fishermen community: . Insurance Cover . Interest free loan upto Rs. One lakh to all fisher-women . 50% subsidy to buy well equipped fishing boats. . Increasing the diesel quantity upto 500 litres per day. . Providing appropriate transportation from dock to Market.,Karavali/Malnad Karnataka,"['Fishermen’s relief fund raised to ₹10 lakh in Karnataka - The Hindu. Fishermen’s relief fund raised to ₹10 lakh in Karnataka&nbsp;&nbsp;The Hindu', 'Center launches initiative to build climate-resilient coastal fishermen villages to safeguard livelihoods - DD News. Center launches initiative to build climate-resilient coastal fishermen villages to safeguard livelihoods&nbsp;&nbsp;DD News', 'Udupi: CM ignoring fishing community, say fisherfolk on protest - Daijiworld. Udupi: CM ignoring fishing community, say fisherfolk on protest&nbsp;&nbsp;Daijiworld', 'Rs 255-crore fishery projects on cards - orissapost.com. Rs 255-crore fishery projects on cards&nbsp;&nbsp;orissapost.com', 'Scholarship scheme for children of weavers, fishermen in Karnataka | Bengaluru - Hindustan Times. Scholarship scheme for children of weavers, fishermen in Karnataka | Bengaluru&nbsp;&nbsp;Hindustan Times', 'Coastal States Meet 2025: Govt to launch Rs 255 Cr Fisheries Projects in Mumbai - Deccan Herald. Coastal States Meet 2025: Govt to launch Rs 255 Cr Fisheries Projects in Mumbai&nbsp;&nbsp;Deccan Herald', 'Union Minister announces major initiatives in Fisheries sector - The Hans India. Union Minister announces major initiatives in Fisheries sector&nbsp;&nbsp;The Hans India', 'Congress has failed to fulfil promises made by Rahul Gandhi to fishermen: D. Vedavyas Kamath - The Hindu. Congress has failed to fulfil promises made by Rahul Gandhi to fishermen: D. Vedavyas Kamath&nbsp;&nbsp;The Hindu', ""Pradhan Mantri Matsya Sampada Yojana: Revolutionizing India's Fisheries and Aquaculture Sector - Adda247. Pradhan Mantri Matsya Sampada Yojana: Revolutionizing India's Fisheries and Aquaculture Sector&nbsp;&nbsp;Adda247"", ""'Provide reservation for us too' - Mogaveera community urges Karnataka government - Daijiworld. 'Provide reservation for us too' - Mogaveera community urges Karnataka government&nbsp;&nbsp;Daijiworld""]","['The Hindu', 'DD News', 'Daijiworld', 'orissapost.com', 'Hindustan Times', 'Deccan Herald', 'The Hans India', 'The Hindu', 'Adda247', 'Daijiworld']"
A242,"To upgrade the NHs through Shiradi, Charmadi and Sampaje into all whether proof 6 lane NHs connecting Mangaluru to Bengaluru and make efforts to improve the Railway Connections.",Karavali/Malnad Karnataka,"['Ashwini Vaishnaw announces Bengaluru-Mangaluru Vande Bharat, 73-minute high-speed rail connection to Chennai - The Indian Express. Ashwini Vaishnaw announces Bengaluru-Mangaluru Vande Bharat, 73-minute high-speed rail connection to Chennai&nbsp;&nbsp;The Indian Express', 'Electrification under way for Bengaluru–Mangaluru Vande Bharat train: Union Minister - The Hindu. Electrification under way for Bengaluru–Mangaluru Vande Bharat train: Union Minister&nbsp;&nbsp;The Hindu', 'Electrification of Sakleshpur–Subrahmanya Ghat to boost Mangaluru-Bengaluru train connectivity: MP Capt. Chowta - The Hindu. Electrification of Sakleshpur–Subrahmanya Ghat to boost Mangaluru-Bengaluru train connectivity: MP Capt. Chowta&nbsp;&nbsp;The Hindu', 'Run 3 Vande Bharat trains to Mangaluru as quick commute option to coastal Karnataka: Minister - The Hindu. Run 3 Vande Bharat trains to Mangaluru as quick commute option to coastal Karnataka: Minister&nbsp;&nbsp;The Hindu', 'Railway Ministry proposes to take over Hassan-Mangaluru Rail Development Corporation - The Hindu. Railway Ministry proposes to take over Hassan-Mangaluru Rail Development Corporation&nbsp;&nbsp;The Hindu', 'Kota seeks Vande Bharat Express connecting Bengaluru and coastal Karnataka - The Hindu. Kota seeks Vande Bharat Express connecting Bengaluru and coastal Karnataka&nbsp;&nbsp;The Hindu', 'Budget proposes high-speed rail links to Bengaluru; rail activists flag lack of clarity - The Hindu. Budget proposes high-speed rail links to Bengaluru; rail activists flag lack of clarity&nbsp;&nbsp;The Hindu', 'How railways plan to make Bengaluru one of the ‘high-speed diamonds of South India’ - The Financial Express. How railways plan to make Bengaluru one of the ‘high-speed diamonds of South India’&nbsp;&nbsp;The Financial Express', 'Karnataka receives record railway allocation, focus on station upgrades and electrification - Prop News Time. Karnataka receives record railway allocation, focus on station upgrades and electrification&nbsp;&nbsp;Prop News Time', 'Bengaluru–coastal Karnataka to get Vande Bharat boost: What we know - The Times of India. Bengaluru–coastal Karnataka to get Vande Bharat boost: What we know&nbsp;&nbsp;The Times of India']","['The Indian Express', 'The Hindu', 'The Hindu', 'The Hindu', 'The Hindu', 'The Hindu', 'The Hindu', 'The Financial Express', 'Prop News Time', 'The Times of India']"
A236,To construct “Amara Sullia Raithara Horata Bhavana” at sullia to commemorate the 1837 first freedom fight by farmers against the British by allotting land and grant of Rs.50 crores.,Karavali/Malnad Karnataka,[],[]
A244,To provide a Permanent dredging Machine to Mangaluru Fisheries Port,Karavali/Malnad Karnataka,"[""As Karwar's Port Expansion Threatens Jobs & Fisheries, Fisherfolk Question 'Development' - Indiaspend. As Karwar's Port Expansion Threatens Jobs & Fisheries, Fisherfolk Question 'Development'&nbsp;&nbsp;Indiaspend"", 'Coastal MLAs seek integrated development, higher budget allocation - Mangalore Today. Coastal MLAs seek integrated development, higher budget allocation&nbsp;&nbsp;Mangalore Today', 'Coastal legislators seek higher budget allocation for integrated development - The Hans India. Coastal legislators seek higher budget allocation for integrated development&nbsp;&nbsp;The Hans India']","['Indiaspend', 'Mangalore Today', 'The Hans India']"
A243,To develop Sasihitlu Sea Shore as International Surfing Centre.,Karavali/Malnad Karnataka,"['If you love the beach and surfing, this is where you go - The Hindu. If you love the beach and surfing, this is where you go&nbsp;&nbsp;The Hindu']",['The Hindu']
A246,To construct new ring road to Mandya.,Hale Mysuru,"['HDK seeks Union Minister Nitin Gadkari’s nod for ₹900 crore Mandya ring road project - The Hindu. HDK seeks Union Minister Nitin Gadkari’s nod for ₹900 crore Mandya ring road project&nbsp;&nbsp;The Hindu', 'Kumaraswamy meets Gadkari, proposes outer ring road in Mandya - The Hindu. Kumaraswamy meets Gadkari, proposes outer ring road in Mandya&nbsp;&nbsp;The Hindu', 'Kumaraswamy meets Nitin Gadkari to discuss pending highway projects in Karnataka, seeks widening of Mandya bypass road - Deccan Herald. Kumaraswamy meets Nitin Gadkari to discuss pending highway projects in Karnataka, seeks widening of Mandya bypass road&nbsp;&nbsp;Deccan Herald', ""Bengaluru’s Satellite Town Ring Road project to get Centre's approval soon: H D Kumaraswamy - Deccan Herald. Bengaluru’s Satellite Town Ring Road project to get Centre's approval soon: H D Kumaraswamy&nbsp;&nbsp;Deccan Herald"", 'HDK discusses railway projects for Mandya district with Ashwini Vaishnaw - The Hindu. HDK discusses railway projects for Mandya district with Ashwini Vaishnaw&nbsp;&nbsp;The Hindu', 'Gadkari’s assurance to Kumaraswamy on Satellite Town Ring Road project - The Hindu. Gadkari’s assurance to Kumaraswamy on Satellite Town Ring Road project&nbsp;&nbsp;The Hindu', '₹500 crore ARAI Research Centre to be set up in Mandya, says HDK - The Hindu. ₹500 crore ARAI Research Centre to be set up in Mandya, says HDK&nbsp;&nbsp;The Hindu', 'Only pending projects in Hassan, Mandya cleared: NH Konareddy - Deccan Chronicle. Only pending projects in Hassan, Mandya cleared: NH Konareddy&nbsp;&nbsp;Deccan Chronicle', ""Kumaraswamy meets Gadkari, seeks Centre's support for Karnataka road projects - ET Infra. Kumaraswamy meets Gadkari, seeks Centre's support for Karnataka road projects&nbsp;&nbsp;ET Infra"", 'Bengaluru To Mysuru Expressway To Be Officially Inaugurated By PM Modi In First Week Of March - Swarajyamag. Bengaluru To Mysuru Expressway To Be Officially Inaugurated By PM Modi In First Week Of March&nbsp;&nbsp;Swarajyamag']","['The Hindu', 'The Hindu', 'Deccan Herald', 'Deccan Herald', 'The Hindu', 'The Hindu', 'The Hindu', 'Deccan Chronicle', 'ET Infra', 'Swarajyamag']"
A247,To invest Rs.5000 crores for the overall development of Mysuru Karnataka.,Hale Mysuru,"['Sadhana Samavesha: Development works worth ₹2,578 crore launched in Mysuru - The Hindu. Sadhana Samavesha: Development works worth ₹2,578 crore launched in Mysuru&nbsp;&nbsp;The Hindu', 'Karnataka Budget 2026 Live Updates | Mysuru will be developed as 2nd IT City: CM - Dailyhunt. Karnataka Budget 2026 Live Updates | Mysuru will be developed as 2nd IT City: CM&nbsp;&nbsp;Dailyhunt', 'Karnataka fears Rs 5,000 crore grant cut under new jobs scheme - The Times of India. Karnataka fears Rs 5,000 crore grant cut under new jobs scheme&nbsp;&nbsp;The Times of India', 'Karnataka CM Siddaramaiah launches projects worth ₹1,107 crore for Varuna constituency - The Hindu. Karnataka CM Siddaramaiah launches projects worth ₹1,107 crore for Varuna constituency&nbsp;&nbsp;The Hindu', 'Budget | CM to kickstart projects worth ₹5,000 crore in Kalyana Karnataka - The Hindu. Budget | CM to kickstart projects worth ₹5,000 crore in Kalyana Karnataka&nbsp;&nbsp;The Hindu', 'Chief Minister Siddaramaiah launches development works worth ₹324 crore in Varuna Assembly constituency - The Hindu. Chief Minister Siddaramaiah launches development works worth ₹324 crore in Varuna Assembly constituency&nbsp;&nbsp;The Hindu', 'Mandya dist secured over Rs 10,000 crore for development work: Minister - The Times of India. Mandya dist secured over Rs 10,000 crore for development work: Minister&nbsp;&nbsp;The Times of India', 'Karnataka budget | What CM’s home district Mysuru got - The Hindu. Karnataka budget | What CM’s home district Mysuru got&nbsp;&nbsp;The Hindu', 'Bengaluru gets Rs 40,000 crore for tunnel roads, metro expansion and flood fixes - The Financial Express. Bengaluru gets Rs 40,000 crore for tunnel roads, metro expansion and flood fixes&nbsp;&nbsp;The Financial Express', 'Karnataka tech push: New IT policy rolled out; Rs 50,000 perk for firms moving talent beyond Bengaluru - The Times of India. Karnataka tech push: New IT policy rolled out; Rs 50,000 perk for firms moving talent beyond Bengaluru&nbsp;&nbsp;The Times of India']","['The Hindu', 'Dailyhunt', 'The Times of India', 'The Hindu', 'The Hindu', 'The Hindu', 'The Times of India', 'The Hindu', 'The Financial Express', 'The Times of India']"
A248,To rejuvenate Mysugar Factory and to plan and establish new sugar factories in Mandya,Hale Mysuru,"['CM HD Kumaraswamy to gift new sugar factory to Mandya - The Times of India. CM HD Kumaraswamy to gift new sugar factory to Mandya&nbsp;&nbsp;The Times of India', '₹50 crore approved for resumption of crushing operations at Mysugar factory in Mandya - The Hindu. ₹50 crore approved for resumption of crushing operations at Mysugar factory in Mandya&nbsp;&nbsp;The Hindu', 'Mandya DC directs sugar factories to pay farmers within 15 days - The Hindu. Mandya DC directs sugar factories to pay farmers within 15 days&nbsp;&nbsp;The Hindu', 'Karnataka: Mysugar factory aims to crush 2.5 lakh tonnes of sugarcane - ChiniMandi. Karnataka: Mysugar factory aims to crush 2.5 lakh tonnes of sugarcane&nbsp;&nbsp;ChiniMandi', 'Mandya DC warns sugar factories against breaching their crushing territory - The Hindu. Mandya DC warns sugar factories against breaching their crushing territory&nbsp;&nbsp;The Hindu', 'Karnataka govt not to privatise MySugar factory - The Times of India. Karnataka govt not to privatise MySugar factory&nbsp;&nbsp;The Times of India', 'Mysugar factory to become fully operational by September 30 - The Hindu. Mysugar factory to become fully operational by September 30&nbsp;&nbsp;The Hindu', '“Ethanol Unit To Be Built in MySugar Factory Soon”: Karnataka CM Bommai - Krishi Jagran. “Ethanol Unit To Be Built in MySugar Factory Soon”: Karnataka CM Bommai&nbsp;&nbsp;Krishi Jagran', 'Mysugar set to reopen in July after prolonged closure - The Hindu. Mysugar set to reopen in July after prolonged closure&nbsp;&nbsp;The Hindu', 'MySugar factory faces backlash amid technical issues and farmer unrest - The Hans India. MySugar factory faces backlash amid technical issues and farmer unrest&nbsp;&nbsp;The Hans India']","['The Times of India', 'The Hindu', 'The Hindu', 'ChiniMandi', 'The Hindu', 'The Times of India', 'The Hindu', 'Krishi Jagran', 'The Hindu', 'The Hans India']"
A249,To build international standard Dr. Raj Kumar Film City in Mysuru with Rs.500 Crore Budget.,Hale Mysuru,"['Karnataka to build world-class film city in Mysuru: CM Siddaramaiah - The Economic Times. Karnataka to build world-class film city in Mysuru: CM Siddaramaiah&nbsp;&nbsp;The Economic Times', 'BIFFes-2025: CM promises film city near Mysuru - The Hindu. BIFFes-2025: CM promises film city near Mysuru&nbsp;&nbsp;The Hindu', 'Puneeth Hrudaya Jyothi scheme saves 1,775 lives in Mysuru district - The Times of India. Puneeth Hrudaya Jyothi scheme saves 1,775 lives in Mysuru district&nbsp;&nbsp;The Times of India', 'Lakshmikanth takes charge as Mysuru DC - The Times of India. Lakshmikanth takes charge as Mysuru DC&nbsp;&nbsp;The Times of India', 'Karnataka: 200 films paid tributes to Puneeth Rajkumar in their opening credits - The Times of India. Karnataka: 200 films paid tributes to Puneeth Rajkumar in their opening credits&nbsp;&nbsp;The Times of India', 'Karnataka Film City: Why Siddaramaiah wants to move fast on elusive project - The Federal. Karnataka Film City: Why Siddaramaiah wants to move fast on elusive project&nbsp;&nbsp;The Federal', 'Puneeth Rajkumar’s wife Ashwini thanks Karnataka government for naming a road after the actor - The Indian Express. Puneeth Rajkumar’s wife Ashwini thanks Karnataka government for naming a road after the actor&nbsp;&nbsp;The Indian Express', 'MCC launches major roadworks worth Rs 250 cr - The Times of India. MCC launches major roadworks worth Rs 250 cr&nbsp;&nbsp;The Times of India', 'Stage set for Yuva Sambhrama - Star of Mysore. Stage set for Yuva Sambhrama&nbsp;&nbsp;Star of Mysore', 'State film awards to be presented in the same year from next year: Siddaramaiah - The Hindu. State film awards to be presented in the same year from next year: Siddaramaiah&nbsp;&nbsp;The Hindu']","['The Economic Times', 'The Hindu', 'The Times of India', 'The Times of India', 'The Times of India', 'The Federal', 'The Indian Express', 'The Times of India', 'Star of Mysore', 'The Hindu']"
A250,"To start an exclusive Sports University in Mysuru and make it as a World-Class sports hub. And, to build an International Sports Complex in Mysuru.",Hale Mysuru,"['Mysuru to get multidisciplinary sports complex with velodrome and academies - The Times of India. Mysuru to get multidisciplinary sports complex with velodrome and academies&nbsp;&nbsp;The Times of India', 'Fit India Movement: Mysuru will host more sporting events, says MP - The Hindu. Fit India Movement: Mysuru will host more sporting events, says MP&nbsp;&nbsp;The Hindu', 'Music varsity in Mysuru to offer courses in combat sports - The Hindu. Music varsity in Mysuru to offer courses in combat sports&nbsp;&nbsp;The Hindu', 'Proposed cricket stadium in Mysuru city inches towards reality - The Hindu. Proposed cricket stadium in Mysuru city inches towards reality&nbsp;&nbsp;The Hindu', 'New Mysuru Devpt project to meet demands of city - The Times of India. New Mysuru Devpt project to meet demands of city&nbsp;&nbsp;The Times of India', 'Mysuru had a special place in S.M. Krishna’s heart and mind - The Hindu. Mysuru had a special place in S.M. Krishna’s heart and mind&nbsp;&nbsp;The Hindu', 'Mysuru’s velodrome dream on hold as land allotment drags on - The Times of India. Mysuru’s velodrome dream on hold as land allotment drags on&nbsp;&nbsp;The Times of India', 'Karnataka Budget: Mysuru gets healthcare, aerospace and tourism projects - The Hindu. Karnataka Budget: Mysuru gets healthcare, aerospace and tourism projects&nbsp;&nbsp;The Hindu', 'Karnataka Budget 2025-26: Film City and new bus stand for Mysuru - The Hindu. Karnataka Budget 2025-26: Film City and new bus stand for Mysuru&nbsp;&nbsp;The Hindu', 'Horticultural varsity sports meet inaugurated - The Hindu. Horticultural varsity sports meet inaugurated&nbsp;&nbsp;The Hindu']","['The Times of India', 'The Hindu', 'The Hindu', 'The Hindu', 'The Times of India', 'The Hindu', 'The Times of India', 'The Hindu', 'The Hindu', 'The Hindu']"
A251,"To enact a comprehensive legislation exclusively for the management of BBMP bringing all service providers such as Water Supply and sewage, transport, housing, power and development authorities, under a single agency",NAMMA BENGALURU,"['New Civic Agency in Bengaluru: BBMP Replaced by Greater Bengaluru Authority Under 2024 Legislation Act - Realty Today. New Civic Agency in Bengaluru: BBMP Replaced by Greater Bengaluru Authority Under 2024 Legislation Act&nbsp;&nbsp;Realty Today', 'Govt tables Bill empowering BBMP to declare private street in Bengaluru as public street - The Hindu. Govt tables Bill empowering BBMP to declare private street in Bengaluru as public street&nbsp;&nbsp;The Hindu', 'Civic administration transitions from BBMP to GBA - The Hans India. Civic administration transitions from BBMP to GBA&nbsp;&nbsp;The Hans India', 'Delay by BBMP in enforcing SWM user fee came under NGT scrutiny - The Hindu. Delay by BBMP in enforcing SWM user fee came under NGT scrutiny&nbsp;&nbsp;The Hindu', 'BBMP out, Greater Bengaluru Authority in: how city governance is set to change from today - The Indian Express. BBMP out, Greater Bengaluru Authority in: how city governance is set to change from today&nbsp;&nbsp;The Indian Express', 'Out with BBMP, in with GBA: How will Bengaluru’s new three-tiered governance structure work? - The Hindu. Out with BBMP, in with GBA: How will Bengaluru’s new three-tiered governance structure work?&nbsp;&nbsp;The Hindu', 'BBMP chicken rice plan: Bengaluru’s plan to feed stray dogs leaves internet divided - The Hindu. BBMP chicken rice plan: Bengaluru’s plan to feed stray dogs leaves internet divided&nbsp;&nbsp;The Hindu', 'Karnataka proposes law to fix minimum wage, work hours for domestic workers - The Hindu. Karnataka proposes law to fix minimum wage, work hours for domestic workers&nbsp;&nbsp;The Hindu', 'Bengaluru’s agency drags feet on enforcing Supreme Court order on connections without occupancy certifica - The Times of India. Bengaluru’s agency drags feet on enforcing Supreme Court order on connections without occupancy certifica&nbsp;&nbsp;The Times of India', 'BSWML authorises single private firm to collect bulk waste in Bengaluru North and East - Deccan Herald. BSWML authorises single private firm to collect bulk waste in Bengaluru North and East&nbsp;&nbsp;Deccan Herald']","['Realty Today', 'The Hindu', 'The Hans India', 'The Hindu', 'The Indian Express', 'The Hindu', 'The Hindu', 'The Hindu', 'The Times of India', 'Deccan Herald']"
A245,"To set up two Fish Processing Parks in each of the coastal districts (Uttara Kannada, Dakshina Kannada and Udupi) and to set up required number of cold storage units to store marine products.",Karavali/Malnad Karnataka,"['Budget has schemes and projects lined up for North Karnataka - The Hindu. Budget has schemes and projects lined up for North Karnataka&nbsp;&nbsp;The Hindu', 'Karnataka: Power Crisis Takes a Toll on Fishermen; ice Production Hits All-Time Low - newsclick.in. Karnataka: Power Crisis Takes a Toll on Fishermen; ice Production Hits All-Time Low&nbsp;&nbsp;newsclick.in', 'Pradhan Mantri Formalisation of One District One Product - Daijiworld. Pradhan Mantri Formalisation of One District One Product&nbsp;&nbsp;Daijiworld', 'Distinct flavours of Karnataka - Deccan Herald. Distinct flavours of Karnataka&nbsp;&nbsp;Deccan Herald', 'CM announces govt. medical college for Puttur - The Hindu. CM announces govt. medical college for Puttur&nbsp;&nbsp;The Hindu', 'Cargo complex makes Mangalore airport complete - The Hindu. Cargo complex makes Mangalore airport complete&nbsp;&nbsp;The Hindu']","['The Hindu', 'newsclick.in', 'Daijiworld', 'Deccan Herald', 'The Hindu', 'The Hindu']"
A252,"To construct North South, South-east long elevated flyovers with necessary wings ease the traffic.",NAMMA BENGALURU,"['₹398 crore flyover project to ease east-west traffic congestion in Mehdipatnam - The Hindu. ₹398 crore flyover project to ease east-west traffic congestion in Mehdipatnam&nbsp;&nbsp;The Hindu', 'Karnataka Dy CM D K Shivakumar seeks central funds to build tunnel roads, double-decker flyovers, elevated corridors worth Rs 90,000 crore in Bengaluru - The Indian Express. Karnataka Dy CM D K Shivakumar seeks central funds to build tunnel roads, double-decker flyovers, elevated corridors worth Rs 90,000 crore in Bengaluru&nbsp;&nbsp;The Indian Express', 'City Proposes Rs510 Crore Mobility Overhaul With 8 Flyovers, 3 ROBs To Ease Traffic Woes - The Times of India. City Proposes Rs510 Crore Mobility Overhaul With 8 Flyovers, 3 ROBs To Ease Traffic Woes&nbsp;&nbsp;The Times of India', 'Bengaluru to get double-decker flyovers, tunnel roads to ease traffic | Bengaluru - Hindustan Times. Bengaluru to get double-decker flyovers, tunnel roads to ease traffic | Bengaluru&nbsp;&nbsp;Hindustan Times', 'Karnataka asks National Highways Authority of India to build flyover to decongest Hebbal junction in Beng - The Times of India. Karnataka asks National Highways Authority of India to build flyover to decongest Hebbal junction in Beng&nbsp;&nbsp;The Times of India', 'Hebbal flyover to be linked with elevated corridor - The Hindu. Hebbal flyover to be linked with elevated corridor&nbsp;&nbsp;The Hindu', 'Karnataka Cabinet approves Rs 2,215 crore tunnel road to ease congestion between Bengaluru Mekhri Circle, Hebbal flyover - The Indian Express. Karnataka Cabinet approves Rs 2,215 crore tunnel road to ease congestion between Bengaluru Mekhri Circle, Hebbal flyover&nbsp;&nbsp;The Indian Express', 'UP govt allocates Rs 400 crore for North-South corridor, road upgrades - The Times of India. UP govt allocates Rs 400 crore for North-South corridor, road upgrades&nbsp;&nbsp;The Times of India', 'Gadkari pitches for skybus to ease traffic in Bengaluru - The Times of India. Gadkari pitches for skybus to ease traffic in Bengaluru&nbsp;&nbsp;The Times of India', 'Delhi Cabinet approves two road projects to ease congestion - The Hindu. Delhi Cabinet approves two road projects to ease congestion&nbsp;&nbsp;The Hindu']","['The Hindu', 'The Indian Express', 'The Times of India', 'Hindustan Times', 'The Times of India', 'The Hindu', 'The Indian Express', 'The Times of India', 'The Times of India', 'The Hindu']"
A254,To establish Mega Bengaluru Planning Committee.,NAMMA BENGALURU,"['Bengaluru’s big leap into global sports: India’s 2nd largest international cricket stadium coming up in Anekal; Rs 2,350 crore mega project on 75 acres, 80,000 seats with multi-event venue; OC exemptions extended statewide - The Times of India. Bengaluru’s big leap into global sports: India’s 2nd largest international cricket stadium coming up in Anekal; Rs 2,350 crore mega project on 75 acres, 80,000 seats with multi-event venue; OC exemptions extended statewide&nbsp;&nbsp;The Times of India', 'To decongest Bengaluru, Karnataka cabinet approves Integrated Satellite Township between Bidadi and... - Moneycontrol.com. To decongest Bengaluru, Karnataka cabinet approves Integrated Satellite Township between Bidadi and...&nbsp;&nbsp;Moneycontrol.com', 'Bengaluru’s biggest upgrade ever? Karnataka unveils Rs 1 lakh crore plan with mega tunnels, double-decker - The Economic Times. Bengaluru’s biggest upgrade ever? Karnataka unveils Rs 1 lakh crore plan with mega tunnels, double-decker&nbsp;&nbsp;The Economic Times', 'BJP and Congress propose special administrative region for Bengaluru - The Hindu. BJP and Congress propose special administrative region for Bengaluru&nbsp;&nbsp;The Hindu', 'Bengaluru’s budget dilemma: Concrete promises, crumbling trust - Citizen Matters. Bengaluru’s budget dilemma: Concrete promises, crumbling trust&nbsp;&nbsp;Citizen Matters', ""Karnataka approves Foxconn's Rs 8,000-crore mobile manufacturing unit plan near Bengaluru - The Times of India. Karnataka approves Foxconn's Rs 8,000-crore mobile manufacturing unit plan near Bengaluru&nbsp;&nbsp;The Times of India"", 'Social Impact Assessment of First Phase of Proposed Bengaluru Elevated Corridor Project - newsclick.in. Social Impact Assessment of First Phase of Proposed Bengaluru Elevated Corridor Project&nbsp;&nbsp;newsclick.in', ""Bengaluru's new cricket stadium? KHB invites bids for 80,000-seater in Anekal amid push for larger venue - The Hindu. Bengaluru's new cricket stadium? KHB invites bids for 80,000-seater in Anekal amid push for larger venue&nbsp;&nbsp;The Hindu"", 'New era for Bengaluru as five corporations replace 18-year-old BBMP - The Hindu. New era for Bengaluru as five corporations replace 18-year-old BBMP&nbsp;&nbsp;The Hindu', 'Karnataka government staff threaten mega stir to press Congress for old pension scheme - Deccan Herald. Karnataka government staff threaten mega stir to press Congress for old pension scheme&nbsp;&nbsp;Deccan Herald']","['The Times of India', 'Moneycontrol.com', 'The Economic Times', 'The Hindu', 'Citizen Matters', 'The Times of India', 'newsclick.in', 'The Hindu', 'The Hindu', 'Deccan Herald']"
A255,Construction of tunnel roads in CBD area to decongest traffic on PPP Model,NAMMA BENGALURU,"['EXPRESS DIALOGUES | Infra to be developed under Brand Bengaluru: SR Umashankar, Additional CS of Urban Development - The New Indian Express. EXPRESS DIALOGUES | Infra to be developed under Brand Bengaluru: SR Umashankar, Additional CS of Urban Development&nbsp;&nbsp;The New Indian Express', 'A dedicated Bengaluru Development Minister need of the hour, say civic officials and activists - The Hindu. A dedicated Bengaluru Development Minister need of the hour, say civic officials and activists&nbsp;&nbsp;The Hindu', 'Bengaluru Metro Expansion: Phase 2, 2B, Purple Line, Green Line, And Future Plans - Metro Rail News. Bengaluru Metro Expansion: Phase 2, 2B, Purple Line, Green Line, And Future Plans&nbsp;&nbsp;Metro Rail News']","['The New Indian Express', 'The Hindu', 'Metro Rail News']"
A256,To take-up on priority suburban railway project and build proper footpaths,NAMMA BENGALURU,"['Indian Railways proposes to supply train sets for suburban rail project, says Ashwini Vaishnaw - The Hindu. Indian Railways proposes to supply train sets for suburban rail project, says Ashwini Vaishnaw&nbsp;&nbsp;The Hindu', 'If State is willing, Indian Railways can execute suburban rail project: Ashwini Vaishnaw - The Hindu. If State is willing, Indian Railways can execute suburban rail project: Ashwini Vaishnaw&nbsp;&nbsp;The Hindu', 'Union budget trims funding for Bengaluru Suburban Railway Project by ₹100 crore | Bengaluru - Hindustan Times. Union budget trims funding for Bengaluru Suburban Railway Project by ₹100 crore | Bengaluru&nbsp;&nbsp;Hindustan Times', 'Bengaluru suburban rail project will be complete by 2027: M.B. Patil - The Hindu. Bengaluru suburban rail project will be complete by 2027: M.B. Patil&nbsp;&nbsp;The Hindu', 'Union Budget slashes Bengaluru Suburban Railway Project allocation by ₹100 crore - The Hindu. Union Budget slashes Bengaluru Suburban Railway Project allocation by ₹100 crore&nbsp;&nbsp;The Hindu', 'Setback for Bengaluru Suburban Rail Project: L&T quits over land delays, BJP MPs slam government | Bengaluru - Hindustan Times. Setback for Bengaluru Suburban Rail Project: L&T quits over land delays, BJP MPs slam government | Bengaluru&nbsp;&nbsp;Hindustan Times', 'City and Elections: Bengaluru Suburban Rail Project faces delays; commuters urge speedy completion - The Hindu. City and Elections: Bengaluru Suburban Rail Project faces delays; commuters urge speedy completion&nbsp;&nbsp;The Hindu', 'Budget allocates Rs 7,564 crore for Karnataka rail projects, funding boost for suburban rail plans - The Indian Express. Budget allocates Rs 7,564 crore for Karnataka rail projects, funding boost for suburban rail plans&nbsp;&nbsp;The Indian Express', '₹500 crore for suburban rail, 41 km of metro line to be operational in 2026-27, says Chief Minister - The Hindu. ₹500 crore for suburban rail, 41 km of metro line to be operational in 2026-27, says Chief Minister&nbsp;&nbsp;The Hindu', 'K-Ride proposes to extend suburban rail till Mys, Kolar - The Times of India. K-Ride proposes to extend suburban rail till Mys, Kolar&nbsp;&nbsp;The Times of India']","['The Hindu', 'The Hindu', 'Hindustan Times', 'The Hindu', 'The Hindu', 'Hindustan Times', 'The Hindu', 'The Indian Express', 'The Hindu', 'The Times of India']"
A257,To bring out a new Policy to develop the residential and commercial infrastructure around the outer ring roads.,NAMMA BENGALURU,"['Are you open to congestion pricing on Outer Ring Road in Bengaluru? - The Hindu. Are you open to congestion pricing on Outer Ring Road in Bengaluru?&nbsp;&nbsp;The Hindu', 'No construction now along 15m on side of ring road or bypass - The Times of India. No construction now along 15m on side of ring road or bypass&nbsp;&nbsp;The Times of India', 'Karnataka Budget: Intermediate Ring Road, Miyawaki parks, municipal bonds for Bengaluru - The Hindu. Karnataka Budget: Intermediate Ring Road, Miyawaki parks, municipal bonds for Bengaluru&nbsp;&nbsp;The Hindu', 'Telangana mulls policy for GCCs to attract more firms, make process easier - The Hindu. Telangana mulls policy for GCCs to attract more firms, make process easier&nbsp;&nbsp;The Hindu', 'National highways in Karnataka to resemble U.S. road infrastructure by 2024 end, claims Gadkari - The Hindu. National highways in Karnataka to resemble U.S. road infrastructure by 2024 end, claims Gadkari&nbsp;&nbsp;The Hindu', 'Pre-budget 2026: How infrastructure is shaping India’s housing market - The Hindu. Pre-budget 2026: How infrastructure is shaping India’s housing market&nbsp;&nbsp;The Hindu', 'What is Hyderabad Industrial Land Transformation Policy — and What is the controversy surrounding it? - The Hindu. What is Hyderabad Industrial Land Transformation Policy — and What is the controversy surrounding it?&nbsp;&nbsp;The Hindu', 'New building bylaws to change urban landscape - The Times of India. New building bylaws to change urban landscape&nbsp;&nbsp;The Times of India', 'Karnataka’s Greater Bengaluru Suburban Project to boost real estate, townships, and infrastructure | Real Estate News - Hindustan Times. Karnataka’s Greater Bengaluru Suburban Project to boost real estate, townships, and infrastructure | Real Estate News&nbsp;&nbsp;Hindustan Times', 'Karnataka State Budget Signals Strong Momentum for Real Estate and Infrastructure Growth - Oneindia. Karnataka State Budget Signals Strong Momentum for Real Estate and Infrastructure Growth&nbsp;&nbsp;Oneindia']","['The Hindu', 'The Times of India', 'The Hindu', 'The Hindu', 'The Hindu', 'The Hindu', 'The Hindu', 'The Times of India', 'Hindustan Times', 'Oneindia']"
A258,To rename slums as Workers' Residential Zones and effect proper Housing Projects and give ownership titles of houses and sites.,NAMMA BENGALURU,"['Allotment Of Flats To Slum Residents Triggers Slugfest - The Times of India. Allotment Of Flats To Slum Residents Triggers Slugfest&nbsp;&nbsp;The Times of India', 'DDA to start 6 in-situ slum rehabilitation projects this year - The Hindu. DDA to start 6 in-situ slum rehabilitation projects this year&nbsp;&nbsp;The Hindu', 'Delhi govt has earmarked 700cr for slum areas: CM | Delhi News - The Times of India. Delhi govt has earmarked 700cr for slum areas: CM | Delhi News&nbsp;&nbsp;The Times of India', 'Slum dwellers stage protest in Bengaluru, demand a dedicated department, ₹5,000 crore allocation - The Hindu. Slum dwellers stage protest in Bengaluru, demand a dedicated department, ₹5,000 crore allocation&nbsp;&nbsp;The Hindu', 'Bengaluru homebuyers urge Karnataka government to ensure title transfer under new apartment law | Real Estate News - Hindustan Times. Bengaluru homebuyers urge Karnataka government to ensure title transfer under new apartment law | Real Estate News&nbsp;&nbsp;Hindustan Times', 'Residential schools for children of construction workers in 31 districts of Karnataka - The Hindu. Residential schools for children of construction workers in 31 districts of Karnataka&nbsp;&nbsp;The Hindu', 'BWSSB to launch ‘Annapoorna Scheme’ for sanitation workers today - The Hindu. BWSSB to launch ‘Annapoorna Scheme’ for sanitation workers today&nbsp;&nbsp;The Hindu', 'PM launches title deed distribution for over 52,000 nomadic families in north Karnataka - ET Realty. PM launches title deed distribution for over 52,000 nomadic families in north Karnataka&nbsp;&nbsp;ET Realty', 'Karnataka’s Budget 2025 focuses on affordable housing, infrastructure, and flood mitigation | Real Estate News - Hindustan Times. Karnataka’s Budget 2025 focuses on affordable housing, infrastructure, and flood mitigation | Real Estate News&nbsp;&nbsp;Hindustan Times', 'MHADA to build 19,497 affordable houses in Maharashtra this fiscal; 5,199 to come up in Mumbai - The Indian Express. MHADA to build 19,497 affordable houses in Maharashtra this fiscal; 5,199 to come up in Mumbai&nbsp;&nbsp;The Indian Express']","['The Times of India', 'The Hindu', 'The Times of India', 'The Hindu', 'Hindustan Times', 'The Hindu', 'The Hindu', 'ET Realty', 'Hindustan Times', 'The Indian Express']"
A259,"To create a system for seamless integration of Namma Metro, Suburban Rail",NAMMA BENGALURU,"['Bengaluru Suburban Railway: A Connected And Efficient Transport System To Ease Traffic - Metro Rail News. Bengaluru Suburban Railway: A Connected And Efficient Transport System To Ease Traffic&nbsp;&nbsp;Metro Rail News', 'Bengaluru: Namma Metro to link with other modes of public transport in 500m radius - The Times of India. Bengaluru: Namma Metro to link with other modes of public transport in 500m radius&nbsp;&nbsp;The Times of India', '1 suburban rail, 3 Metro stns to turn Hebbal flyover into multi-modal hub - The Times of India. 1 suburban rail, 3 Metro stns to turn Hebbal flyover into multi-modal hub&nbsp;&nbsp;The Times of India', 'BMRCL conducting feasibility study to extend Namma Metro along 8 corridors - The Hindu. BMRCL conducting feasibility study to extend Namma Metro along 8 corridors&nbsp;&nbsp;The Hindu', 'Namma Metro expansion to Tumakuru, Devanahalli announced in state Budget - Housing. Namma Metro expansion to Tumakuru, Devanahalli announced in state Budget&nbsp;&nbsp;Housing', 'After Metro, Whitefield may get elevated suburban rail from CBD - The Times of India. After Metro, Whitefield may get elevated suburban rail from CBD&nbsp;&nbsp;The Times of India', 'Bengaluru Suburban Rail Project: A Progress Amidst Uncertainties - Metro Rail News. Bengaluru Suburban Rail Project: A Progress Amidst Uncertainties&nbsp;&nbsp;Metro Rail News', 'Explained: What is the Bengaluru Suburban Rail Project, and how will it help people living in and around the city? - The Indian Express. Explained: What is the Bengaluru Suburban Rail Project, and how will it help people living in and around the city?&nbsp;&nbsp;The Indian Express', 'Double-decker plan mooted to cut acquisition costs for Bengaluru suburban rail - The Times of India. Double-decker plan mooted to cut acquisition costs for Bengaluru suburban rail&nbsp;&nbsp;The Times of India', 'Finally, K-Ride floats civil tender for phase 1 of suburban rail link to KIA in Bengaluru - The Times of India. Finally, K-Ride floats civil tender for phase 1 of suburban rail link to KIA in Bengaluru&nbsp;&nbsp;The Times of India']","['Metro Rail News', 'The Times of India', 'The Times of India', 'The Hindu', 'Housing', 'The Times of India', 'Metro Rail News', 'The Indian Express', 'The Times of India', 'The Times of India']"
A253,"To get all pending metro projects completed under Phase 2, Phase 2A, Phase 2B within one year of coming to power. To strive to get approval and completion of Phase 3 and Phase 4 in the next five years and to extend Metro upon Tumkuru, Vasanta Narasapura Industrial Hub.",NAMMA BENGALURU,"['Cabinet approves Phase 2 of Pune Metro Rail project - The Hindu. Cabinet approves Phase 2 of Pune Metro Rail project&nbsp;&nbsp;The Hindu', 'Rs 13,038-crore Jaipur Metro Phase 2 project: Here’s the route map and station list - The Indian Express. Rs 13,038-crore Jaipur Metro Phase 2 project: Here’s the route map and station list&nbsp;&nbsp;The Indian Express', 'Chennai Metro Phase II will be completed on time, says T.N. Chief Minister Stalin - The Hindu. Chennai Metro Phase II will be completed on time, says T.N. Chief Minister Stalin&nbsp;&nbsp;The Hindu', 'Govt approved 17 metro rail projects in last 5 years – check details here - The Indian Express. Govt approved 17 metro rail projects in last 5 years – check details here&nbsp;&nbsp;The Indian Express', 'Hyderabad Metro Rail phase II funds only after Telangana Govt clears phase I merger, submits ‘proper’ DPR: Kishan Reddy - The Hindu. Hyderabad Metro Rail phase II funds only after Telangana Govt clears phase I merger, submits ‘proper’ DPR: Kishan Reddy&nbsp;&nbsp;The Hindu', ""Bengaluru: 2 Metro Phase 3 corridors get Karnataka government's in-principle nod - The Times of India. Bengaluru: 2 Metro Phase 3 corridors get Karnataka government's in-principle nod&nbsp;&nbsp;The Times of India"", 'Hyderabad Metro Phase II-B as JV receives Telangana government approval; it spans 86.1 km connecting Medchal, Shamirpet and Future City - The Hindu. Hyderabad Metro Phase II-B as JV receives Telangana government approval; it spans 86.1 km connecting Medchal, Shamirpet and Future City&nbsp;&nbsp;The Hindu', 'Bengaluru Metro to float tenders for Phase 3 civil works soon - The Hindu. Bengaluru Metro to float tenders for Phase 3 civil works soon&nbsp;&nbsp;The Hindu', 'Phase-3 foundation-laying ceremony: Karnataka outspending Centre on Bengaluru metro, says CM Siddaramaiah - The Times of India. Phase-3 foundation-laying ceremony: Karnataka outspending Centre on Bengaluru metro, says CM Siddaramaiah&nbsp;&nbsp;The Times of India', 'Bengaluru metro to reach Tumakuru: Feasibility study complete, detailed project report next step | Bengaluru - Hindustan Times. Bengaluru metro to reach Tumakuru: Feasibility study complete, detailed project report next step | Bengaluru&nbsp;&nbsp;Hindustan Times']","['The Hindu', 'The Indian Express', 'The Hindu', 'The Indian Express', 'The Hindu', 'The Times of India', 'The Hindu', 'The Hindu', 'The Times of India', 'Hindustan Times']"
A260,Projects and Public Transportation Systems named after Puttanna Chettty.,NAMMA BENGALURU,['Clear stand on internal reservation by Aug 16: BJP - The Hans India. Clear stand on internal reservation by Aug 16: BJP&nbsp;&nbsp;The Hans India'],['The Hans India']
A261,"To constitute a 'Maha Bengaluru Samsthan' involving urban governance experts, industrialists, economists, and environmentalists to help BBMP revive the lost glory of Bengaluru through its administration.",NAMMA BENGALURU,"['Over a lakh to attend Ganiga Festival in Bengaluru on January 11 - The New Indian Express. Over a lakh to attend Ganiga Festival in Bengaluru on January 11&nbsp;&nbsp;The New Indian Express', 'BJP promises State Capital Region in Bengaluru, but how will that help? - The News Minute. BJP promises State Capital Region in Bengaluru, but how will that help?&nbsp;&nbsp;The News Minute', '""Congress currently working to divide religion"": Nischalananda Swami on Karnataka caste-census - ANI News. ""Congress currently working to divide religion"": Nischalananda Swami on Karnataka caste-census&nbsp;&nbsp;ANI News', 'Hon’ble MoS (I&B) inaugurates a community radio station in Mysuru - PIB. Hon’ble MoS (I&B) inaugurates a community radio station in Mysuru&nbsp;&nbsp;PIB', 'Women can travel for free up to 20km in neighbouring states: Karnataka CM - The Times of India. Women can travel for free up to 20km in neighbouring states: Karnataka CM&nbsp;&nbsp;The Times of India']","['The New Indian Express', 'The News Minute', 'ANI News', 'PIB', 'The Times of India']"
A262,To add 5000 new electric buses to BMTC's fleet to reduce pollution and make BMTC more energy efficient.,NAMMA BENGALURU,"['BMTC inducts 100 electric buses in Bengaluru, to add 1,400 more - The Hindu. BMTC inducts 100 electric buses in Bengaluru, to add 1,400 more&nbsp;&nbsp;The Hindu', 'BMTC to add 148 electric buses as Tata Motors secures new contract in Bengaluru - The Hindu. BMTC to add 148 electric buses as Tata Motors secures new contract in Bengaluru&nbsp;&nbsp;The Hindu', 'BMTC fleet to touch 10,000 as Centre okays 4,500 e-buses - Deccan Herald. BMTC fleet to touch 10,000 as Centre okays 4,500 e-buses&nbsp;&nbsp;Deccan Herald', 'Losses due to COVID-19 forces BMTC to drop plans of leasing AC electric buses - The Hindu. Losses due to COVID-19 forces BMTC to drop plans of leasing AC electric buses&nbsp;&nbsp;The Hindu', 'Karnataka Budget 2026 | State Road Transport Corporations to add 1,000 diesel, 4,000 electric buses - Deccan Herald. Karnataka Budget 2026 | State Road Transport Corporations to add 1,000 diesel, 4,000 electric buses&nbsp;&nbsp;Deccan Herald', 'KSRTC to add 2,000 new buses, cashless travel this year - The Hindu. KSRTC to add 2,000 new buses, cashless travel this year&nbsp;&nbsp;The Hindu', 'BMTC Plans Major Expansion Of Bengaluru Bus Services - Construction World. BMTC Plans Major Expansion Of Bengaluru Bus Services&nbsp;&nbsp;Construction World', 'BMTC’s Vision for Digital and Sustainable Public Transport - Elets Technomedia. BMTC’s Vision for Digital and Sustainable Public Transport&nbsp;&nbsp;Elets Technomedia', 'Karnataka Budget 2025: Bengaluru to get 9,000 new electric buses as state focuses on green public transport | Bengaluru - Hindustan Times. Karnataka Budget 2025: Bengaluru to get 9,000 new electric buses as state focuses on green public transport | Bengaluru&nbsp;&nbsp;Hindustan Times', 'Karnataka announces Rs 2,000 crore electric bus programme, plans induction of 4,000 buses - The New Indian Express. Karnataka announces Rs 2,000 crore electric bus programme, plans induction of 4,000 buses&nbsp;&nbsp;The New Indian Express']","['The Hindu', 'The Hindu', 'Deccan Herald', 'The Hindu', 'Deccan Herald', 'The Hindu', 'Construction World', 'Elets Technomedia', 'Hindustan Times', 'The New Indian Express']"
A263,To introduce e-rickshaws to improve first-mile and last-mile connectivity in the city of Bengaluru.,NAMMA BENGALURU,"['Alstom kicks-off Low Emission Access to Public Transport (LEAP) program to enhance last-mile sustainable connectivity to metro stations in Bengaluru - Alstom. Alstom kicks-off Low Emission Access to Public Transport (LEAP) program to enhance last-mile sustainable connectivity to metro stations in Bengaluru&nbsp;&nbsp;Alstom', ""Bengaluru: New auto app 'Metro Mitra' to tackle last-mile connectivity issues - Deccan Herald. Bengaluru: New auto app 'Metro Mitra' to tackle last-mile connectivity issues&nbsp;&nbsp;Deccan Herald"", 'After auto-rickshaws, metered taxis to start operating in Bengaluru roads as pilot programme begins - The Indian Express. After auto-rickshaws, metered taxis to start operating in Bengaluru roads as pilot programme begins&nbsp;&nbsp;The Indian Express', 'A Proposed Roadmap to Enhance Last-Mile Connectivity in India’s Metro Rail Transit Systems - orfonline.org. A Proposed Roadmap to Enhance Last-Mile Connectivity in India’s Metro Rail Transit Systems&nbsp;&nbsp;orfonline.org', 'BMRCL, BMTC open transport data; allow Namma Yatri, Tummoc users to coordinate first, last-mile connectivity - The Hindu. BMRCL, BMTC open transport data; allow Namma Yatri, Tummoc users to coordinate first, last-mile connectivity&nbsp;&nbsp;The Hindu', 'Bengaluru to get ‘one city-one mobility card’; Karnataka aims to ease congestion by March 2026 - Moneycontrol.com. Bengaluru to get ‘one city-one mobility card’; Karnataka aims to ease congestion by March 2026&nbsp;&nbsp;Moneycontrol.com', 'Bengaluru’s public transport gets digital boost with ONDC integration for metro, bus ticketing - The Indian Express. Bengaluru’s public transport gets digital boost with ONDC integration for metro, bus ticketing&nbsp;&nbsp;The Indian Express', 'Karnataka government to issue 1 lakh new auto permits in Bengaluru - The Times of India. Karnataka government to issue 1 lakh new auto permits in Bengaluru&nbsp;&nbsp;The Times of India', 'Bengaluru Could Boast Of Nearly 400 km Of Metro, Suburban Rail Network By 2030 As Union Govt Approves Namma Metro Phase 3 - Swarajyamag. Bengaluru Could Boast Of Nearly 400 km Of Metro, Suburban Rail Network By 2030 As Union Govt Approves Namma Metro Phase 3&nbsp;&nbsp;Swarajyamag', ""Replacing Bengaluru's auto fleet with electric autos will clean up the air and save LPG - TERI. Replacing Bengaluru's auto fleet with electric autos will clean up the air and save LPG&nbsp;&nbsp;TERI""]","['Alstom', 'Deccan Herald', 'The Indian Express', 'orfonline.org', 'The Hindu', 'Moneycontrol.com', 'The Indian Express', 'The Times of India', 'Swarajyamag', 'TERI']"
A264,To install public charging/ battery swapping points at every metro station and bus stands to provide charging infrastructure.,NAMMA BENGALURU,"['PM E-DRIVE Scheme Boosts EV Charging Infrastructure - GK Today. PM E-DRIVE Scheme Boosts EV Charging Infrastructure&nbsp;&nbsp;GK Today', 'Maharashtra plans to increase public EV charging stations to 3,079 by Nov; experts say this falls short o - The Times of India. Maharashtra plans to increase public EV charging stations to 3,079 by Nov; experts say this falls short o&nbsp;&nbsp;The Times of India', 'Govt Clarifies EV Charging Infrastructure Incentives, Ongoing Schemes to Promote EV Manufacturing - ACKO Drive. Govt Clarifies EV Charging Infrastructure Incentives, Ongoing Schemes to Promote EV Manufacturing&nbsp;&nbsp;ACKO Drive', 'Charging Infrastructure: The Missing Link in India’s EVs Transition - orfonline.org. Charging Infrastructure: The Missing Link in India’s EVs Transition&nbsp;&nbsp;orfonline.org', 'Delhi govt receives bids to set up 100 EV charging stations - The Indian Express. Delhi govt receives bids to set up 100 EV charging stations&nbsp;&nbsp;The Indian Express', 'Commuters seek connectivity between Satellite bus stop and Deepanjali Nagar metro station - The Hindu. Commuters seek connectivity between Satellite bus stop and Deepanjali Nagar metro station&nbsp;&nbsp;The Hindu', 'India needs 39 lakh charging stations by 2030: Report - The Hindu. India needs 39 lakh charging stations by 2030: Report&nbsp;&nbsp;The Hindu', 'PM E-DRIVE scheme: Govt issues new guidelines for EV charging stations; rollout to cover cities and highw - The Times of India. PM E-DRIVE scheme: Govt issues new guidelines for EV charging stations; rollout to cover cities and highw&nbsp;&nbsp;The Times of India', 'Delhi govt wants electric vehicle chargers in all big parking lots - The Indian Express. Delhi govt wants electric vehicle chargers in all big parking lots&nbsp;&nbsp;The Indian Express', 'Solar-integrated, second-life battery powered EV charging station inaugurated in Bengaluru - The Hindu. Solar-integrated, second-life battery powered EV charging station inaugurated in Bengaluru&nbsp;&nbsp;The Hindu']","['GK Today', 'The Times of India', 'ACKO Drive', 'orfonline.org', 'The Indian Express', 'The Hindu', 'The Hindu', 'The Times of India', 'The Indian Express', 'The Hindu']"
A265,To provide free bus passes to BBMP pourakarmikas.,NAMMA BENGALURU,"['Free bus travel for women: Karnataka needs to quickly add buses to cater to spike in demand - Moneycontrol.com. Free bus travel for women: Karnataka needs to quickly add buses to cater to spike in demand&nbsp;&nbsp;Moneycontrol.com', 'As Karnataka govt pushes new bus pass offer, unorganised sector feels ignored - The Times of India. As Karnataka govt pushes new bus pass offer, unorganised sector feels ignored&nbsp;&nbsp;The Times of India', 'BBMP Budget 2025-26 | Highlights - Deccan Herald. BBMP Budget 2025-26 | Highlights&nbsp;&nbsp;Deccan Herald', 'Karnataka elections: Garment workers demand better pay and working environment - The Hindu. Karnataka elections: Garment workers demand better pay and working environment&nbsp;&nbsp;The Hindu']","['Moneycontrol.com', 'The Times of India', 'Deccan Herald', 'The Hindu']"
A267,To approve the updated Master Plan 2042 for a sustainable and planned development of the Bengaluru city keeping in mind the needs ofall residents.,NAMMA BENGALURU,['Bangalore Development Authority invites global tenders to prepare city’s Revised Master Plan-2041 - The Times of India. Bangalore Development Authority invites global tenders to prepare city’s Revised Master Plan-2041&nbsp;&nbsp;The Times of India'],['The Times of India']
A268,Implement Karnataka Apartment Ownership Act to ensure that Builders conveybthe whole property to Apartment owners including rights in Building and land underneath.,NAMMA BENGALURU,"['Karnataka’s new Apartment Ownership Act nearly ready: What you need to know | Real Estate News - Hindustan Times. Karnataka’s new Apartment Ownership Act nearly ready: What you need to know | Real Estate News&nbsp;&nbsp;Hindustan Times', 'Bengaluru homebuyers urge Karnataka government to ensure title transfer under new apartment law | Real Estate News - Hindustan Times. Bengaluru homebuyers urge Karnataka government to ensure title transfer under new apartment law | Real Estate News&nbsp;&nbsp;Hindustan Times', 'Caught in limbo: Homebuyers push Karnataka government to notify new apartment Act - The Times of India. Caught in limbo: Homebuyers push Karnataka government to notify new apartment Act&nbsp;&nbsp;The Times of India', 'RERA vs KAOA: Karnataka High Court rules no conflict between laws for apartment ownership - The Indian Express. RERA vs KAOA: Karnataka High Court rules no conflict between laws for apartment ownership&nbsp;&nbsp;The Indian Express', 'Karnataka government moves to roll out Apartment Bill 2025: All you need to know | Real Estate News - Hindustan Times. Karnataka government moves to roll out Apartment Bill 2025: All you need to know | Real Estate News&nbsp;&nbsp;Hindustan Times', 'Uncertainty set to end? Draft of new apartment law in Karnataka nearly ready - The Times of India. Uncertainty set to end? Draft of new apartment law in Karnataka nearly ready&nbsp;&nbsp;The Times of India', 'Bangalore Apartment Federation disappointed with Karnataka budget - The Hindu. Bangalore Apartment Federation disappointed with Karnataka budget&nbsp;&nbsp;The Hindu', 'Bengaluru apartment body urges state govt to pass new apartment Act, seeks rollback of steep waste charges on apartments | Real Estate News - Hindustan Times. Bengaluru apartment body urges state govt to pass new apartment Act, seeks rollback of steep waste charges on apartments | Real Estate News&nbsp;&nbsp;Hindustan Times', 'Karnataka Budget 2025 prioritizes infrastructure, disappoints homebuyers - Hindustan Times. Karnataka Budget 2025 prioritizes infrastructure, disappoints homebuyers&nbsp;&nbsp;Hindustan Times', 'Bangalore Apartments’ Federation urges for tabling KAOMA in the upcoming Belagavi session of legislature - The Hindu. Bangalore Apartments’ Federation urges for tabling KAOMA in the upcoming Belagavi session of legislature&nbsp;&nbsp;The Hindu']","['Hindustan Times', 'Hindustan Times', 'The Times of India', 'The Indian Express', 'Hindustan Times', 'The Times of India', 'The Hindu', 'Hindustan Times', 'Hindustan Times', 'The Hindu']"
A266,To complete the peripheral ring road and outer ring road projects on a priority basis to ease traffic congestion in the city.,NAMMA BENGALURU,"['Bengaluru civic agency proposes 800-metre flyover near Iblur junction and Outer Ring Road overhaul to ease traffic - The Indian Express. Bengaluru civic agency proposes 800-metre flyover near Iblur junction and Outer Ring Road overhaul to ease traffic&nbsp;&nbsp;The Indian Express', 'Tough path ahead for Peripheral Ring Road project in Bengaluru - The Hindu. Tough path ahead for Peripheral Ring Road project in Bengaluru&nbsp;&nbsp;The Hindu', 'Announced in 2005, Peripheral Ring Road work may finally begin - The Times of India. Announced in 2005, Peripheral Ring Road work may finally begin&nbsp;&nbsp;The Times of India', 'T.N. Deputy CM Udhayanidhi launches work on Phase 3 of Chennai Peripheral Ring Road Project - The Hindu. T.N. Deputy CM Udhayanidhi launches work on Phase 3 of Chennai Peripheral Ring Road Project&nbsp;&nbsp;The Hindu', 'BDA acquired only 3 acres in 18 years for Peripheral Ring Road project in Bengaluru - The Hindu. BDA acquired only 3 acres in 18 years for Peripheral Ring Road project in Bengaluru&nbsp;&nbsp;The Hindu', 'For Bengaluru’s Rs 27,000-crore Peripheral Ring Road, Karnataka seeks funds from PSUs - The Indian Express. For Bengaluru’s Rs 27,000-crore Peripheral Ring Road, Karnataka seeks funds from PSUs&nbsp;&nbsp;The Indian Express', 'MUDA budget projects ₹871-crore revenue; gives impetus to Peripheral Ring Road, lake conservation, new layout - The Hindu. MUDA budget projects ₹871-crore revenue; gives impetus to Peripheral Ring Road, lake conservation, new layout&nbsp;&nbsp;The Hindu', 'Farmers to move HC seeking withdrawal of final notification on Peripheral Ring Road land acquisition - The Hindu. Farmers to move HC seeking withdrawal of final notification on Peripheral Ring Road land acquisition&nbsp;&nbsp;The Hindu', '3 companies in race for Peripheral Ring Road DPR - The Times of India. 3 companies in race for Peripheral Ring Road DPR&nbsp;&nbsp;The Times of India', 'Government announces massive ring road project worth Rs 15,000 crore connecting Maharashtra to Karnataka - The Times of India. Government announces massive ring road project worth Rs 15,000 crore connecting Maharashtra to Karnataka&nbsp;&nbsp;The Times of India']","['The Indian Express', 'The Hindu', 'The Times of India', 'The Hindu', 'The Hindu', 'The Indian Express', 'The Hindu', 'The Hindu', 'The Times of India', 'The Times of India']"
