promise_id,promise_text,category,prs_evidences_acts,prs_evidences_bills
P1,"To make all activities connected with procurements, developmental and infrastructural activities and recruitments transparent and accountable.",ADMINISTRATION AND GOVERNANCE,"[""Provide for the Board's accountability and transparency"", 'Empower the Authority to enter into agreements and contracts', ""Establish a fund for the development authority's operations and projects"", 'Empower the Board to enter into agreements with other organizations', 'Specify the areas to be developed by the authority']","['Repeal the Karnataka Transparency in Public Procurements (Amendment) Ordinance, 2023', 'Authorize Agricultural Produce Marketing Committees to undertake procurement operations', 'Specify the allocation of procurement of goods and services to Scheduled Castes, Scheduled Tribes, and Backward Classes', 'Amend the Karnataka Transparency in Public Procurements Act, 1999 to give effect to proposals made in the Budget Speech for the year 2025-2026', 'Increase the threshold for procurement of goods and services from Rs.1.00 crore to Rs.2.00 crores']"
P2,To fill up approved vacancies in all Government Departments with in one year.,Public Service:,"['Establish the Legal Cell in each Secretariat Department', 'Provide for the appointment of officers and employees of the Authority', 'Appoint the Chairman, Commissioner, Secretary, and other employees of the Authority', 'Provide for the appointment of officers and employees of the Board', 'Provide for financial allocation in the State Plan to the Board']","['Insert priority for filling rural vacancies', 'Restrict counseling and mandatory posting of doctors in existing vacancies as specified by the State Government', 'Mandate priority for rural area vacancies in compulsory service', 'Require State Government approval for Registrar and Deputy Registrar appointments', 'Establish Registrar and Deputy Registrar positions with 3-year terms']"
P3,To Sympathetically consider extension of OPS to the pensionable government employees who joined service since 2006,Public Service:,"['Specify the conditions of service of employees', 'Provide for the appointment of officers and employees of the Authority', 'Establish the Provident or Pension Fund', 'Provide for the appointment of officers and employees of the Board', 'Establish the Provident or Pension Fund for employees of the University']","['Exempt surplus candidates from compulsory service', 'Establish a transfer policy for Medical Officers and other staff in public interest, considering factors like service tenure and area priority', 'Authorize federal societies to manage employee appointments and transfers', 'Provide protection for public servants acting in good faith', 'Enhance minimum tenure of police officers in operational duties from one year to two years']"
P4,To regularize the services of the presently working in source employees under,Public Service:,"['Specify the conditions of service of employees', 'Provide for the appointment of officers and employees of the Authority', 'Provide for the appointment of officers and employees of the Board', 'Establish a system for the maintenance of funds', 'Provide for the maintenance of funds and accounts of the University']","['Establish a committee to examine and declare that goods or services are available from a single source', 'Authorize federal societies to manage employee appointments and transfers', 'Specify the term of office and conditions of services for non-official members', 'Constitute a common cadre of employees for co-operative societies', 'Specify contribution structure for employees, employers, and State Government']"
P5,Health & Family Welfare Department on the lines of the actions being taken by the Congress Governments of Rajasthan and Himachalhal Pradesh,Public Service:,"['Empower the Karnataka Motor Transport and Other Allied Workers Social Security and Welfare Board to make rules', 'Establish Karnataka Motor Transport and Other Allied Workers Social Security and Welfare Board', 'Establish the District Level Committee and the State Level Monitoring Committee', 'Establish the District Level committee and the State Level Monitoring Committee', 'Increase landholdings of Scheduled Castes and Scheduled Tribes to address social and educational backwardness']","['Add the Deputy Chief Minister and the Minister for Tribal Welfare as Ex-officio Members to the State Council', 'Appoint the Minister for Tribal Welfare as Vice-Chairman of the Nodal Agency', 'Protect the interests of Scheduled Castes and provide Social Justice and prevention of exploitation', ""Establish a Karnataka State Motor Transport and Other Allied Workers' Social Security and Welfare Board"", 'Eliminate inequalities in status, facilities, and opportunities among Scheduled Castes']"
P6,Giving due weightage to the contractual and guest faculties by brining suitable amendments to the recruitment rules.,Public Service:,"['Specify the conditions of service of employees', 'Establish the Regulations and Rules for the Authority', 'Establish the regulations and rules for the Authority', ""Specify the rules and regulations governing the Authority's operations"", ""Specify the Authority's members and their roles""]","['Specify the Common Cadre and Recruitment Rules for the Greater Bengaluru Authority and City Corporations', 'Specify conditions for appointment and continuation of Committee of Management members', 'Prescribe allowances and conditions for Board members', 'Establish a Disciplinary Committee', 'Establish a registration and grievance redressal authority']"
P7,"To give benefits to Increase monthly salary of Anganwadi Workers from to Rs. 11,500 to Rs. 15,000/ - and retirement benefit of Rs. 3 Lakhs on premature death or retirement",Public Service:,"['Create a fund for welfare and rehabilitation of motor transport and allied workers', 'Increase landholdings of Scheduled Castes and Scheduled Tribes to address social and educational backwardness', 'Provide reservations for Kannadigas in education and employment', 'Increase reservation percentage for Scheduled Castes to 17% and for Scheduled Tribes to 7%', 'Establish the Provident or Pension Fund']","['Increase tax rate for salary or wage earners with monthly income above Rs. 25,000', ""Increase employer's contribution to Labour Welfare fund"", 'Increase maximum fine to five lakh rupees', 'Increase maximum settlement amount to three lakh rupees', 'Increase salary of Chief Minister and Ministers']"
P8,"To give benefits to Mini Anganwadi workers from to Rs. 7,500 to Rs.10,000 and retirement benefit of Rs. 2 Lakhs on premature death or retirement",Public Service:,"['Provide social security benefits to motor transport and allied workers', 'Create a fund for welfare and rehabilitation of motor transport and allied workers', 'Establish the Provident or Pension Fund', 'Provide reservations for Kannadigas in education and employment', 'Establish the Provident or Pension Fund for employees of the University']","['Establish a scheme for the social security and welfare of motor transport and other allied workers', 'Increase the threshold for procurement of goods and services from Rs.1.00 crore to Rs.2.00 crores', 'Establish a recurring expenditure of Rupees twelve lakhs seventy two thousand per annum', 'Protect the interests of Scheduled Castes and provide Social Justice and prevention of exploitation', 'Increase tax rate for salary or wage earners with monthly income above Rs. 25,000']"
P9,"To provide ASHA workers with a fixed monthly honorarium of Rs. 5,000/- to Rs. 8,000/-",Public Service:,"['Provide for the appointment of officers and employees of the Authority', 'Provide for the appointment of officers and employees of the Board', 'Specify the conditions of service of employees', 'Provide reservations for Kannadigas in education and employment', 'Implement social security and other benefits for platform based Gig workers']","['Increase the threshold for procurement of goods and services from Rs.1.00 crore to Rs.2.00 crores', 'Mandate 17.15% of government construction works under Rs. 1 crore to be tendered among Scheduled Castes', 'Establish a recurring expenditure of Rupees twelve lakhs seventy two thousand per annum', 'Mandate 6.95% of government construction works under Rs. 1 crore to be tendered among Scheduled Tribes', 'Extend 17% reservation in Public sector employment and Educational Institutions to Scheduled Castes']"
P10,"Toenhance honorarium to Midday Meal Cooks from Rs.3,600 to Rs.6,000/-",Public Service:,"['Specify user charges for amenities and services in Special Investment Regions', 'Specify examination authorities and centers', 'Provide for the appointment of officers and employees of the Authority', 'Increase reservation percentage for Scheduled Castes to 17% and for Scheduled Tribes to 7%', 'Establish procedures for the conduct of business and meetings of the Authority']","['Increase the threshold for procurement of goods and services from Rs.1.00 crore to Rs.2.00 crores', 'Increase maximum fine to five lakh rupees', 'Establish a recurring expenditure of Rupees twelve lakhs seventy two thousand per annum', 'Revise tax structure for salary or wage earners with monthly income above Rs. 25,000', 'Mandate 17.15% of government construction works under Rs. 1 crore to be tendered among Scheduled Castes']"
P11,"To abolish corruption in public works and to create a transparent tender systems in PWD, Rural Development, Irrigation, Urban Development and Power sector by enacting a special law to punish the perpetrators of corruption.",Public Works:,"['Create a machinery with investigating powers to supervise the implementation of the Act', 'Establish designated courts for trial of corruption and unfair means offenses', 'Empower the Authority to enter into agreements and contracts', 'Establish Shree Huligemma Devi Kshetra Development Authority', 'Rationalise and simplify existing laws and regulations']","['Empower State Government to make rules regarding tender procedures', 'Repeal the Karnataka Transparency in Public Procurements (Amendment) Ordinance, 2023', 'Replace the Karnataka Transparency in Public Procurements (Amendment) Ordinance, 2023 with this Bill', 'Amend the Karnataka Transparency in Public Procurements Act, 1999 to give effect to proposals made in the Budget Speech for the year 2025-2026', 'Establish designated courts for trial of corruption and unfair means in public examinations']"
P12,"To ensure that the works begin within 90 days of the issue of the work order, get the work completed within the time specified in the contract and settle the bills of the contractors within the time-frame of contractual agreement.",Public Works:,"['Authorize the Authority to enter into agreements and contracts', 'Empower the Authority to enter into agreements and contracts', 'Authorize the Authority to enter into contracts and sue in its name', 'Establish dispute settlement mechanism for grievances and disputes', 'Specify the conditions of service of employees']","['Grant permission for construction works after ensuring tank capacity', 'Specify procedure for non-compliance of court orders', 'Specify the percentage of construction works to be tendered among Scheduled Castes and Scheduled Tribes', 'Modify return submission deadline to the tenth day of the succeeding month', 'Grant the Authority the power to contract and sue']"
P13,To increase recruitment of women in Police Force to 33% of the total strength with at least 1% reservation for Gender Minorities.,Police,"['Increase reservation percentage for Scheduled Castes to 17% and for Scheduled Tribes to 7%', 'Designate Enforcement Officers to ensure compliance with the Act', 'Provide for the appointment of officers and employees of the Board', 'Provide for the appointment of officers and employees of the Authority', 'Establish the District Level Committee and State Level Committee']","['Extend 17% reservation in Public sector employment and Educational Institutions to Scheduled Castes', 'Introduce reservations for women and Schedule Caste/Schedule Tribe members in co-operative society boards', 'Increase minimum number of members required for certain co-operative societies', 'Empower the Karnataka State Commission for the Scheduled Castes and the Scheduled Tribes to modify reservation percentages for Scheduled Castes', 'Enhance minimum tenure of police officers in operational duties from one year to two years']"
P14,To provide special allowance of Rs 5000 per month to police officials on night duty and one month's extra pay per year.,Police,"['Provide for the appointment of officers and employees of the Authority', 'Provide for the appointment of officers and employees of the Board', 'Designate Enforcement Officers to ensure compliance with the Act', 'Establish the Fund of the Authority', 'Establish the Directorate of Enforcement of Official Language']","['Exempt certain police officers from minimum tenure', 'Enhance minimum tenure of police officers in operational duties from one year to two years', 'Increase penalty fine from Rs. 2,000 to Rs. 1 lakh', 'Increase maximum fine to five lakh rupees', 'Grant State Government discretion to determine salary and allowances for Secretary and other officers']"
P15,To provide housing to all the police personnel within five years.,Police,"['Provide for the appointment of officers and employees of the Authority', 'Provide for the appointment of officers and employees of the Board', 'Designate Enforcement Officers to ensure compliance with the Act', ""Provide for the audit and accounting of the Authority's finances"", 'Specify the functions and duties of the Authority']","['Enhance minimum tenure of police officers in operational duties from one year to two years', 'Exempt certain police officers from minimum tenure', 'Remove compounding of offences for repeat offenders within three years', 'Specify circumstances for transferring police officers before minimum tenure', 'Provide for the protection of human rights']"
P16,To establish a seed fund of Rs.200 crores to create infrastructure in Cyber Crimes and financial investigations.,Police,"['Establish the Fund of the Authority', 'Create a fund for the development of the area', 'Establish a fund for the Authority and grant powers to raise finances and borrow', ""Establish a fund for the development authority's operations and projects"", 'Establish a permanent statutory endowment fund']","['Establish the Fund of the Authority', 'Create a fund for the Authority', 'Establish a fund for the Authority and specify its management', 'Increase the threshold for procurement of goods and services from Rs.1.00 crore to Rs.2.00 crores', 'Establish a recurring expenditure of Rupees twelve lakhs seventy two thousand per annum']"
P17,To set up a dedicated fund of Rs 2000 crore to modernise all the existing courts of the state.,LAW AND JUSTICE -- All are equal before law.,"['Establish the Fund of the Authority', 'Establish a permanent statutory endowment fund', 'Create a fund for the development of the area', 'Specify the Fund of the Authority', 'Provide for financial allocation in the State Plan to the Board']","['Establish the Fund of the Authority', 'Create a fund for the Authority', 'Mandate 4% of government construction works under Rs. 1 crore to be tendered among backward castes', 'Mandate 17.15% of government construction works under Rs. 1 crore to be tendered among Scheduled Castes', 'Mandate 6.95% of government construction works under Rs. 1 crore to be tendered among Scheduled Tribes']"
P18,To reduce registration fee concerning Gift & Will on landed property within the family .,LAW AND JUSTICE -- All are equal before law.,"['Prescribe the form and documents required for registration', 'Regulate cancellation of registered documents', 'Refuse registration of forged documents and other prohibited documents', 'Authorize the Authority to acquire land and assets', 'Authorize the Board to collect fees and charges for its services']","['Exempt certain persons from obtaining registration', 'Integrate property software to prevent illegal registration', 'Integrate property softwares to prevent illegal registration of properties', 'Provide for proper registration of joint family rights in the mutation register', 'Empower the Registering Authority to suspend or cancel the registration of money lenders']"
P19,"The Congress Party is committed to take firm and decisive action against individuals and organisations spreading hatred amongst communities on grounds of caste or religion. We believe that law and Constitution is sacrosanct and can not be violated by individuals and Organisations like Bajrang Dal, PFI or others promoting enmity or hatred, whether among majority or minority communities. We will take decisive action as per law including imposing a ban on any such organisations. Regional and Rural Development",LAW AND JUSTICE -- All are equal before law.,"['Specify the definition of a Community in relation to a Caste Panchayat', 'Empower the Karnataka government to take action against violence against advocates', 'Establish the Karnataka Prohibition of Violence Against Advocates Act, 2023', 'Constitute the Authority with a Chairman and Members', 'Establish a grievance redressal mechanism for the Authority']","['Amend the Karnataka State Commission for the Scheduled Castes and the Scheduled Tribes Act, 2002', 'Empower the Karnataka State Commission for the Scheduled Castes and the Scheduled Tribes to modify reservation percentages for Scheduled Castes', 'Authorize law enforcement to take preventive action against hate crimes', 'Establish a law to prevent hate speech and hate crimes', 'Amend the Karnataka Gram Swaraj and Panchayat Raj Act, 1993']"
P20,To set up high-speed WiFi hotspots in every Panchayath.,Regional and Rural Development,"['Specify the definition of a Community in relation to a Caste Panchayat', 'Create a fund for the development of the area', 'Establish the Bengaluru Metropolitan Land Transport Authority', 'Establish Karnataka Motor Transport and Other Allied Workers Social Security and Welfare Board', 'Establish Shree Chamundeshwari Kshetra Development Authority']","['Establish a commission for Panchayat Raj delimitation', 'Amend the Karnataka Gram Swaraj and Panchayat Raj Act, 1993', 'Remove the Minister for Rural Development and Panchayat Raj from the State Council', 'Delimit Zilla Panchayat constituencies based on geographical considerations', 'Replace the Karnataka Gram Swaraj and Panchayat Raj (Amendment) Ordinance, 2023 with this Bill']"
P21,"Mahatma Gandhi Gram Swaraj Scheme - To invest Rs. 50 thousand crores in five years to improve facilities in villages, to provide clean drinking water, sanitation, basic education, health and all weather roads.",Regional and Rural Development,"['Create a fund for the development of the area', 'Establish a fund for the development of the Kshetra', 'Create a fund for the development of tourism in the region', 'Allocate premises in Special Investment Regions for industrial and commercial activities', 'Establish Shree Ghati Subramanya Kshetra Development Authority']","['Amend the Karnataka Gram Swaraj and Panchayat Raj Act, 1993', 'Replace the Karnataka Gram Swaraj and Panchayat Raj (Amendment) Ordinance, 2023 with this Bill', 'Increase the threshold for procurement of goods and services from Rs.1.00 crore to Rs.2.00 crores', 'Repeal the Karnataka Gram Swaraj and Panchayat Raj (Amendment) Ordinance, 2023', 'Establish a recurring expenditure of Rupees twelve lakhs seventy two thousand per annum']"
P22,To extend Bengaluru's TenderSURE road model to cities with a population more than 10 Lakh.,Urban Development,"['Establish not more than seven City Corporations in the Greater Bengaluru Area for effective, participatory and responsive governance', 'Establish the Bengaluru Metropolitan Land Transport Authority', 'Institute a decentralised, participative, efficient and equitable governance framework for Bengaluru', 'Establish the Greater Bengaluru Authority for co-ordinating and supervising the development of the Greater Bengaluru Area', 'Integrate and streamline political accountability of all public authorities delivering services in the Greater Bengaluru Area']","['Insert City Corporations of Greater Bengaluru Area into the Bengaluru Metropolitan Land Transport Authority Act, 2022', 'Establish the Bengaluru Metropolitan Land Transport Authority with new members, including Mayors and Commissioners of City Corporations', 'Expand membership of the Greater Bengaluru Authority', 'Specify the Common Cadre and Recruitment Rules for the Greater Bengaluru Authority and City Corporations', 'Replace the Bruhat Bengaluru Mahanagara Palike with the Greater Bengaluru Authority in the Bengaluru Metropolitan Land Transport Authority Act, 2022']"
P23,"To take up construction of apartments with all facilities, regularise all slums, provide them title deeds and re name the slums as Shramika Vasathi Samuchhaya",Urban Development,"['Establish Shree Huligemma Devi Kshetra Development Authority', 'Establish Shree Chamundeshwari Kshetra Development Authority', 'Establish Shree Ghati Subramanya Kshetra Development Authority', 'Establish Shree Renuka Yellamma Kshetra Tourism Development Board', 'Establish the Basavanabagewadi Development Authority']","['Establish Shree Huligemma Devi Kshetra Development Authority', 'Establish Shree Chamundeshwari Kshetra Development Authority', 'Establish Shree Ghati Subramanya Kshetra Development Authority', 'Authorize the Banavasi Development Authority to acquire, hold, and dispose of property', 'Authorize the Basavakalyana Development Board to acquire, hold, and dispose of property']"
P24,"To amend Karnataka Apartment Ownership Act, 1972 to provide for conveyance of property and land to group of owners.",Urban Development,"['Amend the Bombay Public Trust Act, 1950 in its application to the State of Karnataka', 'Amend the Karnataka Repealing of Certain Enactments and Regional Laws Act, 2024', 'Amend Karnataka Civil Engineers Act, 1946', 'Repeal the Karnataka Repealing of Certain Enactments and Regional Laws Act, 2024', ""Empower the Government of Karnataka to appoint a date for the Act's commencement""]","['Amend the Karnataka Co-operative Societies Act, 1959', ""Amend the Karnataka Gram Swaraj and Panchayat Raj Act, 1993 to comply with the direction of the Hon'ble High Court of Karnataka"", 'Amend the Karnataka Gram Swaraj and Panchayat Raj Act, 1993', 'Amend the Notaries Act, 1952, to apply to the State of Karnataka.', 'Amend Karnataka Stamp Act, 1957 to reflect changes']"
P25,To frame rules to double the FAR for buildings in II tier cities to enterprises which generate employment.,Urban Development,"['Establish Special Investment Regions for large-scale industrial development', 'Allocate premises in Special Investment Regions for industrial and commercial activities', 'Override other State laws to facilitate Special Investment Region development', 'Establish a new framework for regional laws', 'Specify the conditions of service of employees']","['Increase penalty for non-compliance with building regulations', 'Subject construction of high-rise buildings to National Building Code 2016', 'Levy a Cess on Related Establishments', 'Specify penalties for non-compliance with building construction regulations', 'Regulate working hours for construction activities']"
P26,"Krishi Sarvodaya Nidhi - To allocate Rs. 1.50 lakh crores in five years for modernization of agriculture, subsidy, loan and insurance.",Agriculture and farming,"['Allocate premises in Special Investment Regions for industrial and commercial activities', 'Create a fund for the development of the area', 'Establish a fund for the development of the Kshetra', 'Establish the Chandraguthi Shree Renukamba Kshetra Development Authority', 'Establish Shree Ghati Subramanya Kshetra Development Authority']","['Increase the threshold for procurement of goods and services from Rs.1.00 crore to Rs.2.00 crores', 'Increase maximum fine to five lakh rupees', 'Establish a recurring expenditure of Rupees twelve lakhs seventy two thousand per annum', 'Mandate 6.95% of government construction works under Rs. 1 crore to be tendered among Scheduled Tribes', 'Mandate 17.15% of government construction works under Rs. 1 crore to be tendered among Scheduled Castes']"
P27,"Committed to AICC session held at Raipur the congress party would implement guarantees of MSP based on the report of Agricultural price fixation commission, in consultation with the farmers representatives to the Agricultural and Horticultural produce",Agriculture and farming,"['Establish a system for the fixation of fees', 'Amend the Bombay Public Trust Act, 1950 in its application to the State of Karnataka', 'Establish the Official Language Commission', 'Constitute an Implementation Committee to oversee development projects', 'Provide for financial allocation in the State Plan to the Board']","['Empower the Karnataka State Commission for the Scheduled Castes and the Scheduled Tribes to modify reservation percentages for Scheduled Castes', 'Constitute the Karnataka State Commission for the Scheduled Castes and the Scheduled Tribes with its headquarters at Bangalore', 'Amend the Karnataka State Commission for the Scheduled Castes and the Scheduled Tribes Act, 2002', 'Amend the Karnataka Transparency in Public Procurements Act, 1999 to give effect to proposals made in the Budget Speech for the year 2025-2026', 'Amend the Karnataka Gram Swaraj and Panchayat Raj Act, 1993']"
P28,To increase interest free soft loans to the farmers from Rs. 3 lakhs to 10 lakhs and with minimum interest of 3% upto Rs. 15 lakhs and to reimburse the differential interest by Government.,Agriculture and farming,"['Protect economically vulnerable groups and individuals from usurious interest rates', 'Establish a fund for the Authority and grant powers to raise finances and borrow', 'Establish a Registering Authority for micro loan and small loan transactions', 'Increase reservation percentage for Scheduled Castes to 17% and for Scheduled Tribes to 7%', 'Create a fund for the development of the area']","['Increase loan recovery fine from one thousand to five lakh', 'Increase maximum settlement amount to three lakh rupees', 'Increase maximum fine to five lakh rupees', 'Increase penalty fine from Rs. 2,000 to Rs. 1 lakh', 'Increase the threshold for procurement of goods and services from Rs.1.00 crore to Rs.2.00 crores']"
P29,To promote Agro based village industries run by rural women by investing Rs.200 crores.,Agriculture and farming,"['Create a fund for the development of the area', 'Create a fund for the development of tourism in the region', 'Allocate premises in Special Investment Regions for industrial and commercial activities', ""Establish a fund for the development authority's operations and projects"", 'Establish the Karnataka Sheep and Wool Development Corporation Ltd.']","['Increase the threshold for procurement of goods and services from Rs.1.00 crore to Rs.2.00 crores', 'Mandate 4% of government construction works under Rs. 1 crore to be tendered among backward castes', 'Mandate 6.95% of government construction works under Rs. 1 crore to be tendered among Scheduled Tribes', 'Liberate devadasi women and their children from exploitation', 'Establish Market Development Assistance Fund for financially weak Agricultural Produce Marketing Committees']"
P30,To repeal the anti farmer laws enacted by BJP Government and to withdraw all politically motivated cases against farmers.,Agriculture and farming,"['Specify the enactments to be repealed', 'Repeal the Karnataka Repealing of Certain Enactments and Regional Laws Act, 2024', 'Exclude revival of repealed enactments and their effects', 'Repeal certain Amendment Acts', 'Amend the Karnataka Repealing of Certain Enactments and Regional Laws Act, 2024']","['Repeal certain enactments and regional laws in force in Karnataka State', 'Repeal the Karnataka Gram Swaraj and Panchayat Raj (Amendment) Ordinance, 2023', 'Repeal the Bruhat Bengaluru Mahanagara Palike (Amendment) Ordinance, 2024', 'Specify the applicability of the Karnataka General Clauses Act, 1899 in respect of the repeal of the enactments', 'Repeal the Karnataka Goods and Services Tax (Amendment) Ordinance, 2023']"
P31,Savayava Saradaara Yojane to promote Organic farming investing Rs.2500 crores in five years.,Agriculture and farming,"['Create a fund for the development of the area', 'Establish a fund for the development of the Kshetra', ""Establish a fund for the development authority's operations and projects"", 'Establish the Basavanabagewadi Development Authority', 'Create a fund for the development of tourism in the region']","['Increase the threshold for procurement of goods and services from Rs.1.00 crore to Rs.2.00 crores', 'Establish Market Development Assistance Fund for financially weak Agricultural Produce Marketing Committees', 'Mandate 6.95% of government construction works under Rs. 1 crore to be tendered among Scheduled Tribes', 'Establish a recurring expenditure of Rupees twelve lakhs seventy two thousand per annum', 'Constitute the Sarvajna Kshetra Development Authority as a body corporate']"
P32,"Anew development board ""Negila Tuditha"" with seed money of Rs.500 crores. to focus on landless agricultural labourers and tenant farmers.",Agriculture and farming,"['Establish the Basavanabagewadi Development Authority', ""Establish a fund for the development authority's operations and projects"", 'Empower the Board to prepare a comprehensive plan for Karavali Area development', 'Establish Shree Renuka Yellamma Kshetra Tourism Development Board', 'Create a fund for the development of the area']","['Establish the Basavanabagewadi Development Authority', 'Establish the Karavali Development Board', 'Mandate 6.95% of government construction works under Rs. 1 crore to be tendered among Scheduled Tribes', 'Mandate 4% of government construction works under Rs. 1 crore to be tendered among backward castes', 'Mandate 15% of government construction works under Rs. 1 crore to be tendered among backward castes (Category II(A))']"
P33,Jala Chethana Andolana - 100% subsidy to drip and sprinkler irrigation,Agriculture and farming,"['Establish a fund for the development of the Kshetra', 'Establish the Basavanabagewadi Development Authority', 'Specify user charges for amenities and services in Special Investment Regions', 'Establish Shree Chamundeshwari Kshetra Development Authority', 'Establish the Chandraguthi Shree Renukamba Kshetra Development Authority']","['Regulate groundwater extraction within 500 meters of lift irrigation schemes', 'Introduce new procedures for water rate collection and drawal', 'Introduce charges for commercial, industrial, mining, and infrastructure projects extracting groundwater', ""Establish 'Irrigation Court' for quasi-judicial functions"", 'Exempt certain categories of consumers from obtaining permits for groundwater extraction']"
P34,To reintroduce subsidy for installation of solar pump-sets with 75% of the cost as subsidy.,Agriculture and farming,"['Authorize the Board to collect fees and charges for its services', 'Create a fund for the development of the area', 'Provide for financial allocation in the State Plan to the Board', 'Establish a system for the fixation of fees', 'Specify user charges for amenities and services in Special Investment Regions']","['Exempt land for renewable energy projects from conversion requirements', 'Exempt the proposed measure from extra expenditure', 'Exempt surplus candidates from compulsory service', 'Enhance regulatory mechanism for controlling market activities', 'Revise tax structure for building construction']"
P35,To form self-help group for rural agriculturist women and provide Rs.3 lakhs interest free revolving loan.,Agriculture and farming,"['Protect economically vulnerable groups and individuals from usurious interest rates', 'Create a fund for the development of the area', 'Establish a Registering Authority for micro loan and small loan transactions', 'Establish a fund for financing schemes to provide social security and welfare of Cine and Cultural activists', 'Establish a fund for the Authority and grant powers to raise finances and borrow']","['Increase loan recovery fine from one thousand to five lakh', 'Establish Market Development Assistance Fund for financially weak Agricultural Produce Marketing Committees', 'Allow self-declaration for conversion of agricultural land to non-agricultural purpose', 'Specify lending norms, collection, and recovery practices', 'Review list of board of directors who have borrowed loans from the cooperative']"
P36,To create Prakruthi Vikopa Nidhi - a permanent fund - by creating an initial corpus fund of Rs.5000 crores.,Agriculture and farming,"['Establish a permanent statutory endowment fund', 'Create a fund for the development of the area', 'Create a fund for the development of tourism in the region', 'Establish the Fund of the Authority', 'Create a fund for welfare and rehabilitation of motor transport and allied workers']","['Create a fund for the Authority', 'Establish the Fund of the Authority', 'Create a welfare board to administer the fund established under the Act', 'Establish a fund for the Authority and specify its management', 'Increase the threshold for procurement of goods and services from Rs.1.00 crore to Rs.2.00 crores']"
P37,To offer reasonable compensation during drought and famine situations for the loss of agricultural produce. To postpone the recovery of distressed loans and waive complete interest,Agriculture and farming,"['Protect economically vulnerable groups and individuals from usurious interest rates', 'Establish mechanism for recovery of proceeds of crime', 'Specify that no transferable development rights shall be payable as compensation or otherwise for infrastructure projects', 'Provide for financial allocation in the State Plan to the Board', 'Adjust compensation paid for land utilization against the total compensation payable under the Bangalore Palace (Acquisition and Transfer) Act, 1996']","['Establish Market Development Assistance Fund for financially weak Agricultural Produce Marketing Committees', 'Require Agricultural Produce Marketing Committees to submit project reports for financial assistance', 'Extend loan recovery period from six months to ten years', 'Increase loan recovery fine from one thousand to five lakh', 'Increase penalty for selling agricultural land for non-agricultural purposes']"
P38,To provide possession certificates to the famers of Malnad.,Agriculture and farming,"['Regulate possession and disclosure of question papers', 'Provide for the appointment of officers and employees of the Authority', 'Establish the Fund of the Authority', 'Specify the Fund of the Authority', ""Provide for the audit and accounting of the Authority's finances""]","['Revise the jurisdiction of the Malnad Area Development Board', 'Include members of the Karnataka Legislative Council in the Malnad Area Development Board', 'Amend the Malnad Area Development Board Act, 1991', 'Establish the Fund of the Authority', 'Specify the powers and duties of the Registrar and other functionaries']"
P39,To establish an Agriculture Price Commission in each revenue division.,Agriculture and farming,"['Establish the Finance Committee and its powers', 'Establish the District Level Committee and State Level Committee', 'Establish a Commission to study and submit a report on reservation for Scheduled Castes and Scheduled Tribes', 'Appoint the Chairman, Commissioner, Secretary, and other employees of the Authority', ""Establish a fund for the development authority's operations and projects""]","['Establish Market Development Assistance Fund for financially weak Agricultural Produce Marketing Committees', 'Establish a new hierarchical structure for the Karnataka Land Revenue Department', 'Authorize Agricultural Produce Marketing Committees to undertake procurement operations', 'Establish a committee to examine and declare that goods or services are available from a single source', 'Require Agricultural Produce Marketing Committees to submit project reports for financial assistance']"
P40,Toassist the grape growers by providing subsidies - allotment of Rs.500 Crore.,Horticulture,"['Create a fund for the development of the area', 'Establish Special Investment Regions for large-scale industrial development', 'Allocate premises in Special Investment Regions for industrial and commercial activities', 'Establish the Basavanabagewadi Development Authority', 'Establish a fund for the development of the Kshetra']","['Increase the threshold for procurement of goods and services from Rs.1.00 crore to Rs.2.00 crores', 'Mandate 6.95% of government construction works under Rs. 1 crore to be tendered among Scheduled Tribes', 'Mandate 4% of government construction works under Rs. 1 crore to be tendered among backward castes', 'Mandate 17.15% of government construction works under Rs. 1 crore to be tendered among Scheduled Castes', 'Mandate 15% of government construction works under Rs. 1 crore to be tendered among backward castes (Category II(A))']"
P41,"To provide special package for development of floriculture in Bengaluru, Ramanagara and Chikkaballapura by investing Rs.500 crores.",Horticulture,"['Establish the Greater Bengaluru Authority for co-ordinating and supervising the development of the Greater Bengaluru Area', 'Establish the Bengaluru Metropolitan Land Transport Authority', 'Create a fund for the development of the area', 'Create a fund for the development of tourism in the region', 'Establish a fund for the development of the Kshetra']","['Specify the headquarters of the Nadaprabhu Kempegowda Heritage Area Development Authority at Bengaluru', 'Replace the Bruhat Bengaluru Mahanagara Palike with the Greater Bengaluru Authority in the Bengaluru Metropolitan Land Transport Authority Act, 2022', 'Increase the threshold for procurement of goods and services from Rs.1.00 crore to Rs.2.00 crores', 'Mandate 17.15% of government construction works under Rs. 1 crore to be tendered among Scheduled Castes', 'Mandate 4% of government construction works under Rs. 1 crore to be tendered among backward castes']"
P42,To create a brand for Coffee in Karnataka.,Horticulture,"['Make Kannada the official language of Karnataka', 'Establish a mechanism to regulate and supervise the manufacture of animal feed in Karnataka', 'Establish the Karnataka Sheep and Wool Development Corporation Ltd.', 'Establish a private university in the State of Karnataka', 'Establish a private university in the state of Karnataka']","['Establish the Karnataka Sheep and Wool Development Corporation Ltd.', 'Establish a new private university in Karnataka', 'Establish the Karnataka Council of Professional Civil Engineers', 'Allow state government to direct Central Drugs Laboratory functions to be carried out in Karnataka', 'Repeal the Karnataka Transparency in Public Procurements (Amendment) Ordinance, 2023']"
P43,"To create ""Sericulture Stability Revolving Fund"" with Rs.2000 Crores as initial deposit.",Sericulture,"['Create a fund for the development of the area', 'Establish the Fund of the Authority', 'Specify the Fund of the Authority', 'Establish a permanent statutory endowment fund', 'Create a fund for welfare and rehabilitation of motor transport and allied workers']","['Create a fund for the Authority', 'Establish the Fund of the Authority', 'Increase the threshold for procurement of goods and services from Rs.1.00 crore to Rs.2.00 crores', 'Establish a fund for the Authority and specify its management', 'Create a welfare board to administer the fund established under the Act']"
P44,To provide Rs 3 lakh interest-free loans to all silk yarn reelers,Sericulture,"['Authorize the Board to collect fees and charges for its services', 'Protect economically vulnerable groups and individuals from usurious interest rates', 'Create a fund for the development of the area', 'Specify user charges for amenities and services in Special Investment Regions', 'Establish a Registering Authority for micro loan and small loan transactions']","['Increase loan recovery fine from one thousand to five lakh', 'Increase the threshold for procurement of goods and services from Rs.1.00 crore to Rs.2.00 crores', 'Prohibit coercive action by money lenders', 'Specify lending norms, collection, and recovery practices', 'Raise threshold for stamp duty on loan and debt amounts']"
P45,To implement Ksheera Kranthi - Mission 1.5 Crore litres of milk production per day.,Dairy Development and Animal Husbandry:,"['Establish a fund for the development of the Kshetra', 'Establish Shree Chamundeshwari Kshetra Development Authority', 'Establish the Chandraguthi Shree Renukamba Kshetra Development Authority', 'Establish Shree Ghati Subramanya Kshetra Development Authority', 'Establish Shree Huligemma Devi Kshetra Development Authority']","['Establish Shree Chamundeshwari Kshetra Development Authority', 'Establish the Chandraguthi Shree Renukamba Kshetra Development Authority', 'Establish Shree Ghati Subramanya Kshetra Development Authority', 'Establish Shree Huligemma Devi Kshetra Development Authority', 'Constitute Shree Renuka Yellamma Kshetra Tourism Development Board']"
P46,Pashu Bhagya - To give loans upto Rs.3 lakhs at zero interest to dairy farmers to purchase superior Cow/Buffalo breed.,Dairy Development and Animal Husbandry:,"['Establish a fund for the Authority and grant powers to raise finances and borrow', 'Establish a Registering Authority for micro loan and small loan transactions', 'Establish a fund for the development of the Kshetra', 'Establish the Karnataka Sheep and Wool Development Corporation Ltd.', 'Establish the Basavanabagewadi Development Authority']","['Increase loan recovery fine from one thousand to five lakh', 'Increase maximum settlement amount to three lakh rupees', 'Increase the threshold for procurement of goods and services from Rs.1.00 crore to Rs.2.00 crores', 'Mandate 6.95% of government construction works under Rs. 1 crore to be tendered among Scheduled Tribes', 'Increase penalty for selling agricultural land for non-agricultural purposes']"
P47,"To establish Kurigahi Samvardhana Nidhi - Rs 1,000 Crore fund for sheep rearing.",Dairy Development and Animal Husbandry:,"['Establish the Karnataka Sheep and Wool Development Corporation Ltd.', 'Establish the Fund of the Authority', 'Establish a fund for the development of the Kshetra', 'Establish a permanent statutory endowment fund', ""Establish a fund for the development authority's operations and projects""]","['Establish the Karnataka Sheep and Wool Development Corporation Ltd.', 'Establish a fund for the welfare of traditional migratory shepherds', 'Establish the Fund of the Authority', 'Create a fund for the Authority', 'Establish the Kudala Sangama Development Board as a body corporate']"
P48,Ksheeradhare — To increase the per litre milk subsidy for all dairy farmers from Rs.5 to Rs.7/-.,Dairy Development and Animal Husbandry:,"['Establish a fund for the development of the Kshetra', 'Establish Shree Ghati Subramanya Kshetra Development Authority', 'Establish Shree Huligemma Devi Kshetra Development Authority', 'Establish Shree Chamundeshwari Kshetra Development Authority', 'Establish the Chandraguthi Shree Renukamba Kshetra Development Authority']","['Increase the threshold for procurement of goods and services from Rs.1.00 crore to Rs.2.00 crores', 'Amend the Kaginele Development Authority Act, 2009', 'Establish Shree Chamundeshwari Kshetra Development Authority', 'Amend the Basavanabagewadi Development Authority Act, 2024', 'Establish Market Development Assistance Fund for financially weak Agricultural Produce Marketing Committees']"
P49,Ksheera Kranti Credit Cards — To provide all dairy farmers with Ksheera,Dairy Development and Animal Husbandry:,"['Establish a fund for the development of the Kshetra', 'Establish Shree Ghati Subramanya Kshetra Development Authority', 'Establish Shree Chamundeshwari Kshetra Development Authority', 'Authorize the Board to collect fees and charges for its services', 'Establish the Chandraguthi Shree Renukamba Kshetra Development Authority']","['Establish Shree Ghati Subramanya Kshetra Development Authority', 'Establish Shree Chamundeshwari Kshetra Development Authority', 'Establish the Chandraguthi Shree Renukamba Kshetra Development Authority', 'Constitute Shree Renuka Yellamma Kshetra Tourism Development Board', 'Amend the Kaginele Development Authority Act, 2009']"
P50,"Kranthi Credit Cards with a credit limit of Rs.50,000.",Dairy Development and Animal Husbandry:,"['Establish the Chandraguthi Shree Renukamba Kshetra Development Authority', 'Authorize the Board to collect fees and charges for its services', 'Specify user charges for amenities and services in Special Investment Regions', 'Establish a fund for the development of the Kshetra', 'Establish a Registering Authority for micro loan and small loan transactions']","['Increase penalty fine from Rs. 2,000 to Rs. 1 lakh', 'Increase maximum settlement amount to three lakh rupees', 'Specify condonable limits and compounding fee', 'Increase loan recovery fine from one thousand to five lakh', 'Increase tax rate for salary or wage earners with monthly income above Rs. 25,000']"
P51,Runamuktha Kurigahi Yojane: To waive the Loan upto Rs | lakh of all sheep and goat rearing farmers.,Dairy Development and Animal Husbandry:,"['Establish the Karnataka Sheep and Wool Development Corporation Ltd.', 'Establish a fund for the development of the Kshetra', 'Establish Shree Huligemma Devi Kshetra Development Authority', 'Establish Shree Ghati Subramanya Kshetra Development Authority', 'Provide reservations for Kannadigas in education and employment']","['Increase loan recovery fine from one thousand to five lakh', 'Establish the Karnataka Sheep and Wool Development Corporation Ltd.', 'Increase the threshold for procurement of goods and services from Rs.1.00 crore to Rs.2.00 crores', 'Mandate 6.95% of government construction works under Rs. 1 crore to be tendered among Scheduled Tribes', 'Mandate 17.15% of government construction works under Rs. 1 crore to be tendered among Scheduled Castes']"
P52,To purchase cow-dung @Rs.3/- per KG and establish compost/manure centers in villages involving rural women/Youth.,Dairy Development and Animal Husbandry:,"['Establish an Expert Committee for animal feed quality control', 'Establish the Karnataka Sheep and Wool Development Corporation Ltd.', 'Establish a mechanism to regulate and supervise the manufacture of animal feed in Karnataka', 'Establish an Appellate Authority for disputes related to animal feed', 'Create a fund for the development of the area']","['Increase the threshold for procurement of goods and services from Rs.1.00 crore to Rs.2.00 crores', 'Establish an Expert Committee for animal feed quality control', 'Establish the Karnataka Sheep and Wool Development Corporation Ltd.', 'Establish Market Development Assistance Fund for financially weak Agricultural Produce Marketing Committees', 'Authorize Agricultural Produce Marketing Committees to undertake procurement operations']"
P53,To provide interest-free loans to women to buy 2 cows or buffalos.,Dairy Development and Animal Husbandry:,"['Provide for financial allocation in the State Plan to the Board', 'Establish an Expert Committee for animal feed quality control', 'Establish a fund for financing schemes to provide social security and welfare of Cine and Cultural activists', 'Establish an Appellate Authority for disputes related to animal feed', 'Grant licenses for animal feed manufacture and specify the Licensing Authority']","['Prohibit coercive action by money lenders', 'Establish a Controlling Authority for animal feed regulation', 'Prescribe market fees for traditional migratory shepherds', 'Specify lending norms, collection, and recovery practices', 'Create a licensing system for animal feed manufacturers']"
P54,"Matsyakranthi - to make projects to rise in five years Rs 12,000 Crore Blue",Fisheries - Blue Economy,"['Create a fund for the development of the area', ""Establish a fund for the development authority's operations and projects"", 'Establish the Basavanabagewadi Development Authority', 'Create a fund for the development of tourism in the region', 'Establish the Chandraguthi Shree Renukamba Kshetra Development Authority']","['Mandate 6.95% of government construction works under Rs. 1 crore to be tendered among Scheduled Tribes', 'Mandate 4% of government construction works under Rs. 1 crore to be tendered among backward castes', 'Mandate 17.15% of government construction works under Rs. 1 crore to be tendered among Scheduled Castes', 'Mandate 15% of government construction works under Rs. 1 crore to be tendered among backward castes (Category II(A))', 'Increase the threshold for procurement of goods and services from Rs.1.00 crore to Rs.2.00 crores']"
P55,"""Matysa Sarvodaya Nidhi"" - To establish a Rs 5000 Crore fund to improve the fishing sector as a whole.",Fisheries - Blue Economy,"['Establish the Fund of the Authority', 'Create a fund for the development of the area', 'Establish a fund for the development of the Kshetra', 'Create a fund for the development of tourism in the region', ""Establish a fund for the development authority's operations and projects""]","['Establish the Fund of the Authority', 'Establish a recurring expenditure of Rupees twelve lakhs seventy two thousand per annum', 'Establish a fund for the Authority and specify its management', 'Create a fund for the Authority', 'Increase the threshold for procurement of goods and services from Rs.1.00 crore to Rs.2.00 crores']"
P56,To provide interest-free loans of up to Rs 3 lakhs to fisherwomen.,Fisheries - Blue Economy,"['Protect economically vulnerable groups and individuals from usurious interest rates', 'Create a fund for the development of the area', 'Establish a Registering Authority for micro loan and small loan transactions', 'Establish a fund for financing schemes to provide social security and welfare of Cine and Cultural activists', 'Establish a fund for the Authority and grant powers to raise finances and borrow']","['Increase loan recovery fine from one thousand to five lakh', 'Increase maximum settlement amount to three lakh rupees', 'Establish a recurring expenditure of Rupees twelve lakhs seventy two thousand per annum', 'Increase the threshold for procurement of goods and services from Rs.1.00 crore to Rs.2.00 crores', ""Provide funding for the Board's administrative expenses""]"
P57,Matsya Bhagya — To provide 500 litres of tax-free diesel every year for deep sea fishing.,Fisheries - Blue Economy,"['Specify tax slabs for commercial vehicles', 'Establish the Basavanabagewadi Development Authority', 'Establish the Bengaluru Metropolitan Land Transport Authority', 'Establish a fund for the development of the Kshetra', 'Establish Shree Ghati Subramanya Kshetra Development Authority']","['Increase tax on luxury vehicles', 'Exempt the proposed measure from extra expenditure', 'Establish a recurring expenditure of Rupees twelve lakhs seventy two thousand per annum', 'Specify tax slabs for water supply and sewerage services', 'Introduce life-time tax for goods vehicles with gross vehicle weight exceeding 1,500 Kgs']"
P58,"To provide financial assistance of Rs 10,000 to all the Nadadoni fishermen",Fisheries - Blue Economy,"['Provide for financial allocation in the State Plan to the Board', 'Establish the Fund of the Authority', 'Create a fund for the development of the area', 'Provide for attachment of property of persons involved in illegal mining', ""Provide for the audit and accounting of the Authority's finances""]","['Constitute the Nadaprabhu Kempegowda Heritage Area Development Authority', 'Establish the Nadaprabhu Kempegowda Heritage Area Development Authority as a body corporate', 'Revise membership of the Nadaprabhu Kempegowda Heritage Area Development Authority', 'Require Agricultural Produce Marketing Committees to submit project reports for financial assistance', ""Provide funding for the Board's administrative expenses""]"
P59,Matsya Mahithi Kendra - To establish a state-of-the-art satellite mapping centre at UDUPI.,Fisheries - Blue Economy,"['Establish the Chandraguthi Shree Renukamba Kshetra Development Authority', 'Establish Shree Ghati Subramanya Kshetra Development Authority', 'Establish Shree Chamundeshwari Kshetra Development Authority', 'Establish Karnataka Professional Civil Engineers Council', 'Establish the Bengaluru Metropolitan Land Transport Authority']","['Establish the Chandraguthi Shree Renukamba Kshetra Development Authority', 'Establish the Nrupathunga University, Bengaluru', 'Establish the headquarters of the Authority at Basavanabagewadi', 'Establish the Maharani Cluster University', 'Establish the Karavali Development Board']"
P60,To arrange dredging at the points of anchorages in the jetties/ports or places where the fishing boats are being anchored.,Fisheries - Blue Economy,"['Establish a Licensing Authority for ropeways', 'Provide for the inspection and regulation of Ropeways', 'Empower the Authority to enter into agreements and contracts', ""Specify the rules and regulations governing the Authority's operations"", 'Prohibit unauthorised construction, maintenance, etc. of Ropeways']","['Establish an Advisory Authority for ropeways', 'Establish a system for the maintenance and use of ropeways', 'Require fencing around bore-wells or tube wells during drilling, repairs, or rejuvenation', 'Require advance notice for digging bore-wells or tube wells', 'Establish a regulatory framework for ropeways']"
P61,"""Matsya Ashraya Yojane"" - Ensure Housing to all economically disadvantaged fishermen.",Fisheries - Blue Economy,"['Provide for attachment of property of persons involved in illegal mining', 'Amend enactments to promote ease of living and doing business', 'Institute a decentralised, participative, efficient and equitable governance framework for Bengaluru', 'Provide reservations for Kannadigas in education and employment', 'Provide reservation for Particularly Vulnerable Tribal Groups (PVTGs), Manual scavengers, SafaiKarmacharis, Devadasis, Nomads, semi-nomads etc.']","['Protect the interests of Scheduled Castes and provide Social Justice and prevention of exploitation', 'Abolish village offices', 'Eliminate inequalities in status, facilities, and opportunities among Scheduled Castes', 'Establish the Karavali Development Board', 'Grant the Kudala Sangama Development Board the power to acquire and dispose of property']"
P62,"Mathsya Asha Kirana Yojane-—To provide Rs 6,000 to all the marine fishermen as alean period allowance during the fishing holiday.",Fisheries - Blue Economy,"['Provide reservations for Kannadigas in education and employment', 'Establish a fund for the development of the Kshetra', 'Increase reservation percentage for Scheduled Castes to 17% and for Scheduled Tribes to 7%', 'Create a fund for the development of tourism in the region', 'Establish the Basavanabagewadi Development Authority']","['Establish a recurring expenditure of Rupees twelve lakhs seventy two thousand per annum', 'Increase the threshold for procurement of goods and services from Rs.1.00 crore to Rs.2.00 crores', 'Increase sumptuary allowance for Chief Minister, Ministers, Ministers of State, and Deputy Ministers', 'Mandate 6.95% of government construction works under Rs. 1 crore to be tendered among Scheduled Tribes', 'Increase tax rate for salary or wage earners with monthly income above Rs. 25,000']"
P63,To Spend Rs. 1.5 lakh crores for irrigation in the next 5 years (2023 to 2028).,IRRIGATION - JEEVAJALA,"['Create a fund for the development of the area', 'Establish a fund for the development of the Kshetra', ""Establish a fund for the development authority's operations and projects"", 'Establish Special Investment Regions for large-scale industrial development', 'Establish the Basavanabagewadi Development Authority']","['Increase the threshold for procurement of goods and services from Rs.1.00 crore to Rs.2.00 crores', 'Establish a recurring expenditure of Rupees twelve lakhs seventy two thousand per annum', 'Increase maximum fine to five lakh rupees', 'Mandate 6.95% of government construction works under Rs. 1 crore to be tendered among Scheduled Tribes', 'Mandate 17.15% of government construction works under Rs. 1 crore to be tendered among Scheduled Castes']"
P64,To pursue— and complete them within five years and provide budgetary support,IRRIGATION - JEEVAJALA,"['Provide for financial allocation in the State Plan to the Board', 'Establish the Provident or Pension Fund', 'Establish a system for the maintenance of funds', 'Establish a permanent statutory endowment fund', 'Establish the Fund of the Authority']","['Revise loan term from five years to two years', 'Extend loan recovery period from six months to ten years', 'Limit term of office for Medical Council President and Vice-President to 5 years', ""Provide funding for the Board's administrative expenses"", 'Create a fund for the Authority']"
P65,". New Projects : Project Cost - Mekedatu -Rs. 9,000 Cr, Mahadayi -Rs. 3,000 Cr",IRRIGATION - JEEVAJALA,"[""Establish a fund for the development authority's operations and projects"", 'Empower the Board to prepare a comprehensive plan for Karavali Area development', 'Establish Shree Ghati Subramanya Kshetra Development Authority', 'Establish Shree Huligemma Devi Kshetra Development Authority', 'Establish Shree Chamundeshwari Kshetra Development Authority']","['Mandate 6.95% of government construction works under Rs. 1 crore to be tendered among Scheduled Tribes', 'Mandate 15% of government construction works under Rs. 1 crore to be tendered among backward castes (Category II(A))', 'Mandate 17.15% of government construction works under Rs. 1 crore to be tendered among Scheduled Castes', 'Increase the threshold for procurement of goods and services from Rs.1.00 crore to Rs.2.00 crores', 'Establish the Karavali Development Board']"
P66,". Existing projects : Upper Bhadra, Upper Krishna , Yethinahole and Varahi",IRRIGATION - JEEVAJALA,"['Establish Shree Chamundeshwari Kshetra Development Authority', 'Establish a fund for the development of the Kshetra', 'Establish the Chandraguthi Shree Renukamba Kshetra Development Authority', 'Establish Sri Renuka Yellamma Temple Development Authority', 'Establish Shree Ghati Subramanya Kshetra Development Authority']","['Establish Shree Chamundeshwari Kshetra Development Authority', 'Establish the Chandraguthi Shree Renukamba Kshetra Development Authority', 'Establish Sri Renuka Yellamma Temple Development Authority', 'Establish Shree Ghati Subramanya Kshetra Development Authority', 'Establish the headquarters of the Authority at Shree Chamundeshwari Temple']"
P67,"BJP has failed to implement Mahadayi project denying 3.9 TMC of clean drinking water to over 50 lakh residents living across Belagavi, Hubli-Dharwaddistricts.",IRRIGATION - JEEVAJALA,"['Enable the State Government to remove difficulties in implementing the Act', 'Establish Shree Ghati Subramanya Kshetra Development Authority', 'Establish Shree Chamundeshwari Kshetra Development Authority', 'Empower the Board to prepare a comprehensive plan for Karavali Area development', 'Exclude Uttara Kannada and Dakshina Kannada districts from the Malanad Area Development Board Act, 1991']","['Exempt municipal and panchayat officials from disqualification', 'Exempt officials of the Karnataka State Policy and Planning Commission from disqualification', 'Repeal the Bruhat Bengaluru Mahanagara Palike (Amendment) Ordinance, 2024', 'Amend the Karnataka Gram Swaraj and Panchayat Raj Act, 1993', 'Repeal the Karnataka Gram Swaraj and Panchayat Raj (Amendment) Ordinance, 2023']"
P68,Action willbe taken to obtain necessary clearances from the Union Government,IRRIGATION - JEEVAJALA,"['Require Government permission for institution of cases', 'Provide for the appointment of officers and employees of the Board', 'Provide for the appointment of officers and employees of the Authority', 'Establish the Regulations and Rules for the Authority', 'Establish the regulations and rules for the Authority']","['Provide for the removal of members from the Authority', 'Grant power to government to remove difficulties in implementing the Act', 'Exempt officials of the Karnataka State Policy and Planning Commission from disqualification', 'Appoint a Secretary to the Authority', 'Exempt surplus candidates from compulsory service']"
P69,100% of the Mahadayi water allocated to Karnataka will be utilised,IRRIGATION - JEEVAJALA,"['Establish a mechanism to regulate and supervise the manufacture of animal feed in Karnataka', 'Amend Karnataka Civil Engineers Act, 1946', 'Establish Karnataka Professional Civil Engineers Council', ""Empower the Government of Karnataka to appoint a date for the Act's commencement"", 'Establish Karnataka Motor Transport and Other Allied Workers Social Security and Welfare Board']","['Introduce 5% additional cess on transport vehicles for the Karnataka Motor Transport and Other Allied Workers Social Security and Welfare Fund', 'Allow other means of resource mobilization for Karnataka State Road Safety Fund', 'Administer Karnataka State Road Safety Fund through Treasury or Nationalized Bank', 'Establish the Karnataka Devadasi (Prevention, Prohibition, Relief, and Rehabilitation) Act, 2025', 'Make the Karnataka (Mineral Rights and Mineral Bearing Land) Tax Act, 2024 applicable to all minerals specified in Schedule-I and II']"
P70,Rs 500 crore will be allocated in the first cabinet meeting,IRRIGATION - JEEVAJALA,"['Establish the Fund of the Authority', 'Provide for financial allocation in the State Plan to the Board', 'Specify the Fund of the Authority', 'Establish the Finance Committee and its powers', 'Create a fund for the development of the area']","['Increase the threshold for procurement of goods and services from Rs.1.00 crore to Rs.2.00 crores', 'Mandate 17.15% of government construction works under Rs. 1 crore to be tendered among Scheduled Castes', 'Mandate 15% of government construction works under Rs. 1 crore to be tendered among backward castes (Category II(A))', 'Mandate 6.95% of government construction works under Rs. 1 crore to be tendered among Scheduled Tribes', 'Mandate 4% of government construction works under Rs. 1 crore to be tendered among backward castes']"
P71,All the components of Mahadayi river diversion projects shall be completed in the next 5 years with a total outlay of Rs 3000 Cr,IRRIGATION - JEEVAJALA,"['Empower the Board to prepare a comprehensive plan for Karavali Area development', 'Establish a fund for the development of the Kshetra', 'Establish the Chandraguthi Shree Renukamba Kshetra Development Authority', 'Establish the Karavali Development Board for overall development of Karavali area', 'Establish Shree Chamundeshwari Kshetra Development Authority']","['Mandate 6.95% of government construction works under Rs. 1 crore to be tendered among Scheduled Tribes', 'Introduce charges for commercial, industrial, mining, and infrastructure projects extracting groundwater', 'Mandate 17.15% of government construction works under Rs. 1 crore to be tendered among Scheduled Castes', 'Streamline the process for diverting agricultural land to other purposes', 'Mandate 4% of government construction works under Rs. 1 crore to be tendered among backward castes']"
P72,"Priority will be given to drinking water, agriculture, and then to electricity generation",IRRIGATION - JEEVAJALA,"['Create a fund for the development of the area', 'Specify the areas to be developed by the authority', 'Provide for financial allocation in the State Plan to the Board', 'Establish the Board of Governors and its powers', 'Establish a Board of Governors and its powers']","['Update the Central Electricity Authority (Measures relating to Safety and Electric Supply) Regulations reference from 2010 to 2023', 'Comply with modifications specified in the Central Electricity Authority (Measures relating to Safety and Electric Supply) Regulations, 2023', 'Insert priority for filling rural vacancies', 'Mandate priority for rural area vacancies in compulsory service', 'Exempt land for renewable energy projects from conversion requirements']"
P73,Congress will ensure responsible and secure rehabilitation of project affected families,IRRIGATION - JEEVAJALA,"['Constitute an Implementation Committee to oversee development projects', 'Create a fund for welfare and rehabilitation of motor transport and allied workers', 'Allow the State Government to not go ahead with infrastructure projects in whole or in part, if advised in the public interest', ""Provide for the Board's accountability and transparency"", 'Constitute the Authority with a Chairman and Members']","['Establish the Recovery Commissioner to supervise recovery proceedings', 'Grant the Recovery Commissioner powers of a civil court', 'Facilitate rehabilitation of devadasi victims', 'Establish the Karnataka Devadasi (Prevention, Prohibition, Relief, and Rehabilitation) Act, 2025', 'Grant the Council the power to make regulations']"
P74,Congress will adopt latest state-of-the-art technology for the construction of Kalasa and Banduri dams to undertake desilting of Thungabadra Dam on priority to ensure the 200 TMC of storage is not lost and additional area of agricultural area is brought under irrigation,IRRIGATION - JEEVAJALA,"['Establish Karnataka Professional Civil Engineers Council', 'Amend Karnataka Civil Engineers Act, 1946', 'Allow the State Government to not go ahead with infrastructure projects in whole or in part, if advised in the public interest', 'Constitute an Implementation Committee to oversee development projects', 'Empower the State Government to utilize any part of the land described in Schedule I of the Bangalore Palace (Acquisition and Transfer) Act, 1996']","['Mandate 6.95% of government construction works under Rs. 1 crore to be tendered among Scheduled Tribes', 'Establish the Karnataka Council of Professional Civil Engineers', 'Enhance construction works undertaken by Scheduled Castes and Scheduled Tribes', 'Establish a new hierarchical structure for the Karnataka Land Revenue Department', 'Establish the Karnataka Devadasi (Prevention, Prohibition, Relief, and Rehabilitation) Act, 2025']"
P75,"To provide Rs. 1000 crores for cleaning all important rivers in Karnataka (Kali, Bedthi, Krishna, Tungabhadra, Malaprabha, Bhima, Cauvery, Kabini, Shimsha, Arkavathi, Yagachi, Kumaradhara and Nethravathi Rivers) over a period of 5 years.",IRRIGATION - JEEVAJALA,"['Establish Karnataka Professional Civil Engineers Council', 'Amend Karnataka Civil Engineers Act, 1946', 'Establish Karnataka Motor Transport and Other Allied Workers Social Security and Welfare Board', 'Amend the Karnataka Repealing of Certain Enactments and Regional Laws Act, 2024', 'Repeal the Karnataka Repealing of Certain Enactments and Regional Laws Act, 2024']","['Repeal the Karnataka Transparency in Public Procurements (Amendment) Ordinance, 2023', 'Administer Karnataka State Road Safety Fund through Treasury or Nationalized Bank', 'Establish the Karnataka Devadasi (Prevention, Prohibition, Relief, and Rehabilitation) Act, 2025', 'Repeal the Karnataka Goods and Services Tax (Amendment) Ordinance, 2023', 'Establish a new hierarchical structure for the Karnataka Land Revenue Department']"
P76,To Establish a Gold and Diamond Park of International Standard in Mangaluru ina secure zone with all amenities to attract tourism and trade on par with Dubai.,Industry and Commerce,"['Establish Shree Renuka Yellamma Kshetra Tourism Development Board', 'Create a fund for the development of tourism in the region', 'Establish Dr. H. Narasimaiah Science, Educational, Cultural and Tourism Development Authority', 'Establish the Basavanabagewadi Development Authority', 'Establish the Karavali Development Board for overall development of Karavali area']","['Establish the Karavali Development Board', 'Establish Dr. H. Narasimaiah Science, Educational, Cultural and Tourism Development Authority', 'Establish the Basavanabagewadi Development Authority', 'Establish the headquarters of the Authority at Basavanabagewadi', 'Prescribe different fees and conditions for the port of Mangalore']"
P77,To develop the industrial infrastructure in the border areas of the state Talaped (Kerala) Nippani (Maharastra) Bidar (Maharastara / Telangana) Sarjapura (Tamilnadu) and Srinivasapura (Andrapradesh) established Border Industrial Development Board with the investment of rs. 5000 Crs in five years.,Industry and Commerce,"['Establish Special Investment Regions for large-scale industrial development', 'Create a fund for the development of the area', 'Empower the Board to prepare a comprehensive plan for Karavali Area development', 'Establish a development authority for Mysuru city and adjacent areas', 'Establish the Basavanabagewadi Development Authority']","['Establish the Karavali Development Board', 'Establish the Basavanabagewadi Development Authority', 'Establish the Chandraguthi Shree Renukamba Kshetra Development Authority', 'Establish Shree Chamundeshwari Kshetra Development Authority', 'Establish Shree Huligemma Devi Kshetra Development Authority']"
P78,To provide start-up fund of Rs. 10 crores to each constituency.,Industry and Commerce,"['Establish the Provident or Pension Fund', 'Create a fund for the development of the area', 'Establish the Fund of the Authority', 'Specify the Fund of the Authority', ""Establish a fund for the development authority's operations and projects""]","['Mandate 15% of government construction works under Rs. 1 crore to be tendered among backward castes (Category II(A))', 'Mandate 4% of government construction works under Rs. 1 crore to be tendered among backward castes', 'Increase the threshold for procurement of goods and services from Rs.1.00 crore to Rs.2.00 crores', 'Mandate 17.15% of government construction works under Rs. 1 crore to be tendered among Scheduled Castes', 'Mandate 6.95% of government construction works under Rs. 1 crore to be tendered among Scheduled Tribes']"
P79,"To upgrade through Karnataka Industrial Area Development Board (KIADB) with all the facilities - Tech parks in Mysuru, Mangalore, and Hubli Dharwad with the prospect of creating one lakh employment under IT.",Industry and Commerce,"['Exclude Uttara Kannada and Dakshina Kannada districts from the Malanad Area Development Board Act, 1991', 'Establish Karnataka Motor Transport and Other Allied Workers Social Security and Welfare Board', 'Establish Karnataka Professional Civil Engineers Council', 'Empower the Karnataka Motor Transport and Other Allied Workers Social Security and Welfare Board to make rules', 'Empower the Board to prepare a comprehensive plan for Karavali Area development']","['Include members of the Karnataka Legislative Council in the Malnad Area Development Board', 'Specify the headquarters of the Nadaprabhu Kempegowda Heritage Area Development Authority at Bengaluru', 'Establish the Karnataka Council of Professional Civil Engineers', 'Establish the Karnataka Sheep and Wool Development Corporation Ltd.', 'Establish a new hierarchical structure for the Karnataka Land Revenue Department']"
P80,To reopen Brahmavar Vani Vilas Co-operative sugar factory.,Industry and Commerce,"['Establish Shree Chamundeshwari Kshetra Development Authority', 'Establish the Basavanabagewadi Development Authority', 'Establish Shree Ghati Subramanya Kshetra Development Authority', 'Establish the Chandraguthi Shree Renukamba Kshetra Development Authority', 'Establish a mechanism to regulate and supervise the manufacture of animal feed in Karnataka']","['Establish the Karavali Development Board', 'Establish the Basavanabagewadi Development Authority', 'Specify the headquarters of the Basavanabagewadi Development Authority', 'Specify the headquarters of the Banavasi Development Authority', 'Amend the Basavanabagewadi Development Authority Act, 2024']"
P81,To offer SGST concessions to 2 wheeler and 3 wheeler electric vehicles within urban limits as pollution free Green mobility solution.,Industry and Commerce,"['Grant powers to the Authority to give directions to urban transport agencies', 'Authorize the Authority to approve major Urban Transport projects', 'Require the preparation of Comprehensive Mobility Plan and Sectoral Mobility Investment Program', 'Implement vehicle fitness testing and certification', 'Create a fund for welfare and rehabilitation of motor transport and allied workers']","['Implement a new tax regime for electric vehicles', 'Introduce a new tax deduction for environmentally friendly vehicles', 'Exempt certain vehicles from taxes', 'Allow other means of resource mobilization for Karnataka State Road Safety Fund', 'Establish a scheme for the social security and welfare of motor transport and other allied workers']"
P82,To create a Jean Capital of India in Bellary to boost exports to expand employments opportunities by creating an Apparel park by investing Rs. 5000 Cr,Industry and Commerce,"['Create a fund for the development of the area', 'Create a fund for the development of tourism in the region', 'Allocate premises in Special Investment Regions for industrial and commercial activities', 'Empower Government to give directions and make regulations for Special Investment Regions', 'Establish the Karnataka Sheep and Wool Development Corporation Ltd.']","['Increase the threshold for procurement of goods and services from Rs.1.00 crore to Rs.2.00 crores', 'Establish a recurring expenditure of Rupees twelve lakhs seventy two thousand per annum', 'Establish the Karnataka Sheep and Wool Development Corporation Ltd.', 'Establish the Basavanabagewadi Development Authority', 'Empower State Government to utilize Bangalore Palace land for infrastructure projects']"
P83,"To create a Task Force to assist exporters in improving supply chains, market accessibility, and handholding for increasing exports.",Industry and Commerce,"['Create a machinery with investigating powers to supervise the implementation of the Act', 'Establish a Board of Management and its powers', 'Establish the Board of Management and its powers', 'Empower Government to give directions and make regulations for Special Investment Regions', 'Delegate powers to the Authority to make rules, regulations, and procedures']","[""Create 'Task Force' for special operations under the Act"", 'Specify the role of the Market Development Assistance Fund administration committee', 'Establish Market Development Assistance Fund for financially weak Agricultural Produce Marketing Committees', 'Establish a committee to examine and declare that goods or services are available from a single source', 'Increase the threshold for procurement of goods and services from Rs.1.00 crore to Rs.2.00 crores']"
P84,To offer Start up subsidy upto Rs. 25 lakhs and soft loan upto Rs. One crore @,Industry and Commerce,"['Establish a permanent statutory endowment fund', 'Establish a fund for the Authority and grant powers to raise finances and borrow', 'Establish a fund for financing schemes to provide social security and welfare of Cine and Cultural activists', 'Establish the Provident or Pension Fund', 'Create a fund for the development of the area']","['Increase the threshold for procurement of goods and services from Rs.1.00 crore to Rs.2.00 crores', 'Increase loan recovery fine from one thousand to five lakh', 'Increase maximum settlement amount to three lakh rupees', 'Mandate 17.15% of government construction works under Rs. 1 crore to be tendered among Scheduled Castes', 'Mandate 6.95% of government construction works under Rs. 1 crore to be tendered among Scheduled Tribes']"
P85,"To set up a Welfare Fund worth Rs. 1,000 Crore to provide low-interest loans for small traders and shopkeepers to help revive key sectors of the local economy",MSMEs:,"['Establish a fund for financing schemes to provide social security and welfare of Cine and Cultural activists', 'Create a fund for welfare and rehabilitation of motor transport and allied workers', 'Create the traditional migratory shepherd Welfare Board to administer the fund', 'Establish a permanent statutory endowment fund', 'Establish the Provident or Pension Fund']","['Create a welfare board to administer the fund established under the Act', 'Revise contribution rates to Labour Welfare fund', ""Increase State Government's contribution to Labour Welfare fund"", ""Establish a Fund for Cine and Cultural Activists' Welfare"", 'Increase the threshold for procurement of goods and services from Rs.1.00 crore to Rs.2.00 crores']"
P86,To Reduce stamp duty to MSME for hypothecation and equitable mortgage for bank loans.,MSMEs:,"['Prohibit coercive actions by micro finance institutions and money lending agencies', 'Exempt regulated financial institutions from the Act', 'Institute a decentralised, participative, efficient and equitable governance framework for Bengaluru', 'Establish a Registering Authority for micro loan and small loan transactions', 'Establish the Finance Committee and its powers']","['Raise threshold for stamp duty on loan and debt amounts', 'Increase stamp duty on certain types of transactions', 'Increase stamp duty on certain types of agreements', 'Increase stamp duty on certain types of bonds and guarantees', 'Enable payment of stamp duty by electronic means']"
P87,"To create a revolving fund of Rs. 5,000 crores for tourism development in the state.",Tourism,"['Create a fund for the development of tourism in the region', 'Create a fund for the development of the area', ""Establish a fund for the development authority's operations and projects"", 'Establish Shree Renuka Yellamma Kshetra Tourism Development Board', 'Establish the Fund of the Authority']","['Specify proposal submission process to State Tourism Council', 'Create a fund for the Authority', 'Increase the threshold for procurement of goods and services from Rs.1.00 crore to Rs.2.00 crores', 'Constitute Shree Renuka Yellamma Kshetra Tourism Development Board', 'Establish a recurring expenditure of Rupees twelve lakhs seventy two thousand per annum']"
P88,To provide loans at 5% interest rate and taxi permit to 50 youth in each constituency.,Tourism,"['Protect economically vulnerable groups and individuals from usurious interest rates', 'Establish a Registering Authority for micro loan and small loan transactions', 'Provide for financial allocation in the State Plan to the Board', 'Revise tax structure based on vehicle age', 'Specify the definition of a borrower, coercive action, interest, loan, and lender']","['Revise tax rates for motor cabs based on vehicle cost and age', 'Raise threshold for stamp duty on loan and debt amounts', 'Enhance allowances for telephone and cell phone calls, constituency allowances, and postal charges', 'Increase loan recovery fine from one thousand to five lakh', 'Specify lending norms, collection, and recovery practices']"
P89,To provide 6% interest subvention for loans up to Rs. 5 lakh for any infrastructural development by home-stay owners and to review the legal provisions. ,Tourism,"['Protect economically vulnerable groups and individuals from usurious interest rates', 'Create a fund for the development of the area', 'Establish a fund for the Authority and grant powers to raise finances and borrow', 'Establish a Registering Authority for micro loan and small loan transactions', 'Provide for financial allocation in the State Plan to the Board']","['Increase loan recovery fine from one thousand to five lakh', 'Mandate 6.95% of government construction works under Rs. 1 crore to be tendered among Scheduled Tribes', 'Increase maximum settlement amount to three lakh rupees', 'Increase maximum fine to five lakh rupees', 'Mandate 4% of government construction works under Rs. 1 crore to be tendered among backward castes']"
P90,To give Industry Status to Hotels with more than 20 employees.,Hotel and Hospitality Industry,"['Specify the conditions of service of employees', 'Provide for the appointment of officers and employees of the Board', 'Allocate premises in Special Investment Regions for industrial and commercial activities', 'Establish a Board of Management and its powers', 'Establish the Board of Management and its powers']","[""Revise definition of 'establishment' to include employers with 10 or more persons"", 'Levy a Cess on Related Establishments', 'Require State Government to contribute to the Board for each employee in an establishment', 'Establish District Level Monitoring Committee to review and promote tourism trade', 'Constitute a common cadre of employees for co-operative societies']"
P91,To help small self - employed hotel / Bakery / Sweet Stall sector by offering loan up-to Rs 10 Lakhs with 6% interest,Hotel and Hospitality Industry,"['Establish a Registering Authority for micro loan and small loan transactions', 'Protect economically vulnerable groups and individuals from usurious interest rates', 'Create a fund for the development of the area', 'Establish a fund for the Authority and grant powers to raise finances and borrow', 'Specify user charges for amenities and services in Special Investment Regions']","['Increase loan recovery fine from one thousand to five lakh', 'Review list of board of directors who have borrowed loans from the cooperative', 'Extend 17% reservation in Public sector employment and Educational Institutions to Scheduled Castes', 'Omit the condition for vehicles costing over Rs. 10 Lakhs', 'Raise threshold for stamp duty on loan and debt amounts']"
P92,"To provide 200 units of free electricity to every house - ""GRUHAJYOTHI""",Power and Energy,"['Establish Karnataka Professional Civil Engineers Council', 'Establish Karnataka Motor Transport and Other Allied Workers Social Security and Welfare Board', 'Specify user charges for amenities and services in Special Investment Regions', 'Empower the Karnataka Motor Transport and Other Allied Workers Social Security and Welfare Board to make rules', 'Establish the Karnataka Sheep and Wool Development Corporation Ltd.']","['Provide for the protection of human rights', 'Update the Central Electricity Authority (Measures relating to Safety and Electric Supply) Regulations reference from 2010 to 2023', 'Exempt land for renewable energy projects from conversion requirements', 'Increase house rent allowance for Ministers and Ministers of State', 'Comply with modifications specified in the Central Electricity Authority (Measures relating to Safety and Electric Supply) Regulations, 2023']"
P93,To Offer 25% subsidy upto Rs. 3 lakhs for installing solar appliances for domestic use.,Power and Energy,"['Establish a system for the fixation of fees', 'Create a fund for the development of the area', 'Specify user charges for amenities and services in Special Investment Regions', 'Establish the Provident or Pension Fund', 'Allocate premises in Special Investment Regions for industrial and commercial activities']","['Establish a recurring expenditure of Rupees twelve lakhs seventy two thousand per annum', 'Increase the threshold for procurement of goods and services from Rs.1.00 crore to Rs.2.00 crores', 'Omit the condition for vehicles costing over Rs. 10 Lakhs', 'Modify tax rates for vehicles with cost exceeding Rs. 20 Lakhs', 'Modify tax rates for vehicles with cost exceeding Rs. 5 Lakhs']"
P94,To establish EV charging infrastructure and battery manufacturing units with 50% exemption in SGST and special subsidy,Power and Energy,"['Establish Special Investment Regions for large-scale industrial development', 'Exempt regulated financial institutions from the Act', 'Specify user charges for amenities and services in Special Investment Regions', 'Establish a system for the fixation of fees', 'Establish a system for tracking vehicle insurance']","['Implement a new tax regime for electric vehicles', 'Exempt certain vehicles from taxes', 'Exempt land for renewable energy projects from conversion requirements', 'Exempt certain classes of goods, passengers, vessels, animals, or vehicles from fees', 'Levy a cess under the Karnataka Motor Vehicles Taxation Act, 1957']"
P95,"To encourage more mega Solar Parks, to produce additional generation of 5000 MW Power",Power and Energy,"['Create a fund for the development of the area', 'Create a fund for the development of tourism in the region', 'Establish a Board of Management and its powers', 'Establish Special Investment Regions for large-scale industrial development', 'Specify the areas to be developed by the authority']","['Exempt land for renewable energy projects from conversion requirements', 'Establish a High Power Committee to oversee land use and sale', 'Introduce betterment tax for land value increase', 'Permit construction of public utility activities within specified buffer zones', 'Revise the Master Plan for the Hampi World Heritage Area']"
P96,SHAKTI - Free travel to all women through out the state in regular KSRTC Busses,Transportation,"['Establish Shree Renuka Yellamma Kshetra Tourism Development Board', 'Establish Shree Chamundeshwari Kshetra Development Authority', 'Establish Karnataka Motor Transport and Other Allied Workers Social Security and Welfare Board', 'Establish a fund for the development of the Kshetra', 'Provide reservations for Kannadigas in education and employment']","['Constitute Shree Renuka Yellamma Kshetra Tourism Development Board', 'Introduce reservations for women and Schedule Caste/Schedule Tribe members in co-operative society boards', ""Establish a Karnataka State Motor Transport and Other Allied Workers' Social Security and Welfare Board"", 'Liberate devadasi women and their children from exploitation', 'Impose additional cess on non-transport vehicles for the Karnataka Motor Transport and other Allied Workers Social Security and Welfare Fund']"
P97,To ensure that the strength of Electric Buses is increased sharply so that within 2 years 50% of the buses are Electricity operated.,Transportation,"['Establish a Board of Management and its powers', 'Establish the Board of Management and its powers', 'Specify the powers and functions of the Board', 'Amend Karnataka Civil Engineers Act, 1946', 'Establish the Board of Governors and Board of Management']","['Update the Central Electricity Authority (Measures relating to Safety and Electric Supply) Regulations reference from 2010 to 2023', 'Implement a new tax regime for electric vehicles', 'Comply with modifications specified in the Central Electricity Authority (Measures relating to Safety and Electric Supply) Regulations, 2023', 'Prescribe a limit on the total number of transfers per year to 15% of the working strength in a cadre', 'Establish a two-year time limit for the State Government to remove difficulties']"
P98,To encourage E-vehicles - To make it compulsory to install E- Vehicle Charging points in apartments. Installation of E-Vehicle Charging points in all important junctions and Highways.,Transportation,"['Specify user charges for amenities and services in Special Investment Regions', 'Require the preparation of Comprehensive Mobility Plan and Sectoral Mobility Investment Program', 'Establish a system for the fixation of fees', 'Allocate premises in Special Investment Regions for industrial and commercial activities', 'Specify tax slabs for commercial vehicles']","['Implement a new tax regime for electric vehicles', 'Exempt certain vehicles from taxes', 'Enable payment of stamp duty by electronic means', 'Levy a cess under the Karnataka Motor Vehicles Taxation Act, 1957', 'Exempt certain classes of goods, passengers, vessels, animals, or vehicles from fees']"
P99,To increase the fleet strength of BMTC — to 10000 in five years.,Transportation,"['Establish a Board of Management and its powers', 'Establish the Board of Management and its powers', 'Increase reservation percentage for Scheduled Castes to 17% and for Scheduled Tribes to 7%', 'Establish Special Investment Regions for large-scale industrial development', 'Establish the Bengaluru Metropolitan Land Transport Authority']","['Limit transfers to 15% of working strength in a cadre per year', 'Increase maximum fine to five lakh rupees', 'Increase maximum imprisonment period to ten years', 'Prescribe a limit on the total number of transfers per year to 15% of the working strength in a cadre', 'Increase loan recovery fine from one thousand to five lakh']"
P100,To increase the KSRTC fleet — to 15000 Busses in five years,Transportation,"['Establish a fund for the development of the Kshetra', 'Establish the Bengaluru Metropolitan Land Transport Authority', 'Establish Shree Chamundeshwari Kshetra Development Authority', 'Establish the Chandraguthi Shree Renukamba Kshetra Development Authority', 'Grant powers to the Authority to give directions to urban transport agencies']","['Increase the threshold for procurement of goods and services from Rs.1.00 crore to Rs.2.00 crores', 'Constitute Shree Renuka Yellamma Kshetra Tourism Development Board', 'Introduce 5% additional cess on transport vehicles for the Karnataka Motor Transport and Other Allied Workers Social Security and Welfare Fund', 'Establish the Bengaluru Metropolitan Land Transport Authority with new members, including Mayors and Commissioners of City Corporations', 'Allow other means of resource mobilization for Karnataka State Road Safety Fund']"
P101,To launch arural minibus program in collaboration with public participation,Transportation,"['Empower Ward Committees to become basic units of urban governance and facilitate community participation', 'Authorize the Authority to approve major Urban Transport projects', 'Allow the State Government to not go ahead with infrastructure projects in whole or in part, if advised in the public interest', 'Grant powers to the Authority to give directions to urban transport agencies', 'Create a fund for the development of the area']","['Allow public private partnership model for Nandi Hills Ropeway Project', 'Permit construction of public utility activities within specified buffer zones', 'Allow the State Government to not go ahead with infrastructure projects in whole or in part, if advised in the public interest', 'Specify notice and objection procedures for declaring public streets', 'Establish a scheme for the social security and welfare of motor transport and other allied workers']"
P102,To stop the mining Mafia and stop the loot of natural resources and make suitable changes to mining laws.,"Mining, Forest & Environment Protection","['Provide for attachment of property of persons involved in illegal mining', 'Establish Recovery Commissioner for Seizure and Attachment of Property arising from Illegal Mining and Proceeds of Crime', 'Rationalise and simplify existing laws and regulations', 'Establish a new framework for regional laws', 'Establish the Regulations and Rules for the Authority']","['Amend existing laws to align with new regulations', 'Grant the Council the power to make regulations', 'Empower the State Government to make rules', 'Empower the State Government to make rules to carry out the purposes of this Act', 'Authorize states to tax mineral rights and mineral-bearing lands']"
P103,ANNABHAGYA 10 kgs of free rice supply per person,"Food, Civil Supplies and Consumer issues:","['Impose Cine and Cultural Activists Welfare Cess', 'Increase reservation percentage for Scheduled Castes to 17% and for Scheduled Tribes to 7%', 'Establish Dr. H. Narasimaiah Science, Educational, Cultural and Tourism Development Authority', 'Increase landholdings of Scheduled Castes and Scheduled Tribes to address social and educational backwardness', 'Create a university endowment fund and a general fund']","['Increase maximum settlement amount to three lakh rupees', 'Increase maximum fine to five lakh rupees', 'Establish a recurring expenditure of Rupees twelve lakhs seventy two thousand per annum', 'Increase loan recovery fine from one thousand to five lakh', 'Increase the threshold for procurement of goods and services from Rs.1.00 crore to Rs.2.00 crores']"
P104,Torejuvenate existing Indira Canteens and extend them throughout the state.,"Food, Civil Supplies and Consumer issues:","['Amend the Bombay Public Trust Act, 1950 in its application to the State of Karnataka', 'Empower the State Government to utilize any part of the land described in Schedule I of the Bangalore Palace (Acquisition and Transfer) Act, 1996', 'Establish Karnataka Motor Transport and Other Allied Workers Social Security and Welfare Board', 'Amend Karnataka Civil Engineers Act, 1946', 'Repeal the Karnataka Repealing of Certain Enactments and Regional Laws Act, 2024']","['Repeal certain enactments and regional laws in force in Karnataka State', 'Allow state government to direct Central Drugs Laboratory functions to be carried out in Karnataka', 'Repeal the Karnataka Transparency in Public Procurements (Amendment) Ordinance, 2023', 'Amend the Karnataka Gram Swaraj and Panchayat Raj Act, 1993', 'Establish the Karnataka Devadasi (Prevention, Prohibition, Relief, and Rehabilitation) Act, 2025']"
P105,To fill up all the vacancies of teachers and staff in Government and aided Schools/Colleges within one year,EDUCATION ,"['Grant the power to the Government to issue directions to the University', 'Provide for the appointment of officers and employees of the Board', 'Provide for the appointment of officers and employees of the Authority', 'Establish the Board of Governors and Board of Management', 'Specify examination authorities and centers']","['Insert priority for filling rural vacancies', 'Mandate priority for rural area vacancies in compulsory service', 'Establish Registrar and Deputy Registrar positions with 3-year terms', 'Introduce a time limit for the Government to specify terms and conditions for outsource appointments', 'Require State Government to contribute to the Board for each employee in an establishment']"
P106,Toregulate the fees in the schools and to reduce the fees of BPL Students.,EDUCATION ,"['Establish a system for the fixation of fees', 'Fix the fee structure for the university', 'Fix the fee structure for the University', 'Authorize the Board to collect fees and charges for its services', 'Rationalise and simplify existing laws and regulations']","['Specify condonable limits and compounding fee', 'Authorize State Government to make rules for adjusting fees considering inflation and other conditions', 'Introduce a fee system for building approvals and services', 'Revise fees on goods shipped at prescribed intervals', 'Introduce new fees for building permits and services']"
P107,"The BJP government has distorted the text books by insulting the great souls of Karnataka like Vishwa Guru Basavanna, Rastrakavi Kuvempu. The congress will restore the true values of Bharath and Karnataka and Scientific Temper in the text books to make the students evolved and complete.",EDUCATION ,"['Empower the Karnataka government to take action against violence against advocates', 'Make Kannada the official language of Karnataka', 'Establish the Karnataka Prohibition of Violence Against Advocates Act, 2023', 'Amend the Bombay Public Trust Act, 1950 in its application to the State of Karnataka', 'Repeal the Karnataka Repealing of Certain Enactments and Regional Laws Act, 2024']","['Repeal the Karnataka Gram Swaraj and Panchayat Raj (Amendment) Ordinance, 2023', 'Include members of Karnataka Legislative Council as Ex-officio members in the Basavanabagewadi Development Authority', 'Repeal certain enactments and regional laws in force in Karnataka State', ""Amend the Karnataka Gram Swaraj and Panchayat Raj Act, 1993 to comply with the direction of the Hon'ble High Court of Karnataka"", 'Repeal the Karnataka Transparency in Public Procurements (Amendment) Ordinance, 2023']"
P108,To establish Karnataka State Educational Financial Corporation with a seed money of Rs.2000 Crores for the purpose of bringing all State Scholarships in respect of all the categories under one umbrella for speedy and quick disbursement.,EDUCATION ,"['Establish a private university in the State of Karnataka', 'Establish a private university in the state of Karnataka', 'Establish the Karnataka Sheep and Wool Development Corporation Ltd.', 'Establish Karnataka Professional Civil Engineers Council', 'Establish Karnataka Motor Transport and Other Allied Workers Social Security and Welfare Board']","['Establish the Karnataka Sheep and Wool Development Corporation Ltd.', 'Establish a new private university in Karnataka', ""Establish a Karnataka State Motor Transport and Other Allied Workers' Social Security and Welfare Board"", 'Establish the Karnataka Devadasi (Prevention, Prohibition, Relief, and Rehabilitation) Act, 2025', 'Establish a new hierarchical structure for the Karnataka Land Revenue Department']"
P109,To increase the income limit from Rs.3.5 lakhs to Rs.5 Lakhs under RTE Act for eligibility for admission to schools.,EDUCATION ,"['Increase landholdings of Scheduled Castes and Scheduled Tribes to address social and educational backwardness', 'Increase reservation percentage for Scheduled Castes to 17% and for Scheduled Tribes to 7%', 'Establish a permanent statutory endowment fund', 'Provide reservations for Kannadigas in education and employment', 'Establish Shree Huligemma Devi Kshetra Development Authority']","['Increase maximum settlement amount to three lakh rupees', 'Increase maximum fine to five lakh rupees', 'Increase penalty fine from Rs. 2,000 to Rs. 1 lakh', 'Increase the threshold for procurement of goods and services from Rs.1.00 crore to Rs.2.00 crores', 'Increase loan recovery fine from one thousand to five lakh']"
P110, To upgrade 2500 Government Schools as smart schools in the state.,EDUCATION ,"['Enable the State Government to remove difficulties in implementing the Act', 'Provide for financial allocation in the State Plan to the Board', 'Empower the State Government to make Rules for the Act', 'Grant the power to the Government to issue directions to the University', 'Establish the District Level Committee and the State Level Monitoring Committee']","['Empower the State Government to make rules', 'Grant the State Government power to remove difficulties in implementing the amendments', 'Grant the State Government power to remove difficulties in implementing the Act', 'Grant power to the State Government to remove difficulties in implementing the amendments', 'Authorize State Government to notify cess rates for different motor vehicle classes']"
P111,"To bear the college fee of 10% of the government school students on merit who study 6-12th class in Karnataka and secure an MBBS/IIT/IIM/Engineering seat on passing competitive examinations, in any college in India.",EDUCATION ,"['Establish a private university in the State of Karnataka', 'Establish a private university in the state of Karnataka', ""Empower the Government of Karnataka to appoint a date for the Act's commencement"", 'Amend Karnataka Civil Engineers Act, 1946', 'Establish Karnataka Professional Civil Engineers Council']","['Introduce 5% additional cess on transport vehicles for the Karnataka Motor Transport and Other Allied Workers Social Security and Welfare Fund', 'Establish a new private university in Karnataka', 'Replace the Karnataka Compulsory Service by Candidates Completed Medical Courses (Amendment) Ordinance, 2023', 'Establish the Karnataka Council of Professional Civil Engineers', 'Transfer privileges of Karnataka University to Ranichannamma University']"
P112,To fill up vacancies of staffand doctors in all Government Hospitals.,Health Services,"['Provide for the appointment of officers and employees of the Authority', 'Specify the procedure for institution of cases by the Government', 'Provide for the appointment of officers and employees of the Board', 'Specify examination authorities and centers', 'Appoint the Chairman, Commissioner, Secretary, and other employees of the Authority']","['Restrict counseling and mandatory posting of doctors in existing vacancies as specified by the State Government', 'Restrict new private clinical laboratories near government hospitals', 'Decide stipend for doctors by the Government', 'Establish counselling process for initial appointment, transfer, or promotion of Medical Officers and other staff', 'Establish a process of counseling for initial appointment, transfer, or promotion of Medical Officers and other staff']"
P113,"To establish along all the national highways, a fully equipped trauma centre in every 100 KMs.",Health Services,"['Create a fund for the development of the area', 'Establish the Bengaluru Metropolitan Land Transport Authority', 'Specify examination authorities and centers', 'Specify the areas to be developed by the authority', 'Establish a fund for the development of the Kshetra']","['Establish a system for the maintenance and use of ropeways', 'Designate the headquarters of the Authority', 'Specify the headquarters and jurisdiction of the Authority', 'Require permanent registration for private medical establishments', 'Allow other means of resource mobilization for Karnataka State Road Safety Fund']"
P114,To extend Rashtriya Swasthya Bhima Yojna and bring all the health schemes under one umbrella and extend it to gig workers.,Health Services,"['Create a welfare fund for platform based Gig workers', 'Establish a Welfare Board for platform based Gig workers', 'Implement social security and other benefits for platform based Gig workers', 'Register platform based Gig workers and aggregator or platform in the State', 'Establish Karnataka Motor Transport and Other Allied Workers Social Security and Welfare Board']","['Extend 17% reservation in Public sector employment and Educational Institutions to Scheduled Castes', 'Expand membership of the Greater Bengaluru Authority', 'Establish the headquarters of the Authority at Shree Ghati Subramanya temple', 'Repeal the Karnataka Gram Swaraj and Panchayat Raj (Amendment) Ordinance, 2023', 'Repeal the Bruhat Bengaluru Mahanagara Palike (Amendment) Ordinance, 2024']"
P115,"To ensure that everyone gets the medicine at a reasonable price, 10 Kasturba Aushadha Kendras in each Taluk.",Health Services,"['Establish a system for the fixation of fees', 'Establish a fund for the development of the Kshetra', 'Establish the Chandraguthi Shree Renukamba Kshetra Development Authority', 'Establish Shree Chamundeshwari Kshetra Development Authority', 'Establish a mechanism to regulate and supervise the manufacture of animal feed in Karnataka']","['Exclude Bhadravathi, Shivamogga, and Shikaripura Taluks of Shivamoga district from Taluk Panchayat and Zilla Panchayat elections', 'Establish District, State, and Taluk Committees for Vigilance and Implementation', 'Specify the Tahsildar of the taluk constituting the major part of the constituency as the Secretary of the committee', 'Allow state government to make rules for Ayurvedic, Siddha, or Unani drugs and cosmetics', 'Omit the condition for vehicles costing over Rs. 10 Lakhs']"
P116,"To establish one Jayadeva like Heart Hospital, Kidwai like Cancer Hospital and NIMHANS type Psychiatric Hospitals in each revenue Division.",Health Services,"['Establish Shree Chamundeshwari Kshetra Development Authority', 'Establish Shree Ghati Subramanya Kshetra Development Authority', 'Establish the Chandraguthi Shree Renukamba Kshetra Development Authority', 'Establish the Basavanabagewadi Development Authority', 'Establish Shree Huligemma Devi Kshetra Development Authority']","['Establish the Nrupathunga University, Bengaluru', 'Establish Shree Chamundeshwari Kshetra Development Authority', 'Establish Shree Ghati Subramanya Kshetra Development Authority', 'Establish the Chandraguthi Shree Renukamba Kshetra Development Authority', 'Establish Sri Renuka Yellamma Temple Development Authority']"
P117,Puneeth Rajkumar Heart Health Scheme To offer subsidy to Doctors/ Clinics/Nursing Home to buy DEFIBRILLATOR (AED).,Health Services,"['Specify the Fund of the Authority', 'Amend the Bombay Public Trust Act, 1950 in its application to the State of Karnataka', 'Authorize the Board to collect fees and charges for its services', 'Establish Shree Chamundeshwari Kshetra Development Authority', 'Specify user charges for amenities and services in Special Investment Regions']","['Require permanent registration or renewal of private medical establishments to meet specific prerequisites', 'Increase the threshold for procurement of goods and services from Rs.1.00 crore to Rs.2.00 crores', 'Establish the Karnataka Devadasi (Prevention, Prohibition, Relief, and Rehabilitation) Act, 2025', 'Repeal Karnataka Compulsory Service by Candidates Completed Medical Courses Ordinance, 2025', 'Exempt the proposed measure from extra expenditure']"
P118,"To ensure that all homeless families in Karnataka have a dwelling house under the existing schemes, within 5 years.",Housing,"['Establish Karnataka Motor Transport and Other Allied Workers Social Security and Welfare Board', 'Amend Karnataka Civil Engineers Act, 1946', 'Establish the Karnataka Prohibition of Violence Against Advocates Act, 2023', 'Amend the Bombay Public Trust Act, 1950 in its application to the State of Karnataka', 'Establish Karnataka Professional Civil Engineers Council']","['Amend the Karnataka Co-operative Societies Act, 1959', 'Establish the Karnataka Devadasi (Prevention, Prohibition, Relief, and Rehabilitation) Act, 2025', ""Establish a Karnataka State Motor Transport and Other Allied Workers' Social Security and Welfare Board"", 'Establish a new hierarchical structure for the Karnataka Land Revenue Department', 'Establish the Karnataka Council of Professional Civil Engineers']"
P119,To waive offall Housing Loans under various Government Housing Schemes as a onetime measure.,Housing,"['Enable the State Government to remove difficulties in implementing the Act', 'Prohibit coercive actions by micro finance institutions and money lending agencies', 'Empower the State Government to make Rules for the Act', 'Exempt regulated financial institutions from the Act', 'Allow the State Government to not go ahead with infrastructure projects in whole or in part, if advised in the public interest']","['Waive off interest for unpaid tax, un-assessed properties, and properties paying for re-assessment until 30th November 2024', 'Extend last date for One Time Settlement scheme', 'Exempt the proposed measure from extra expenditure', 'Exempt the proposed legislative measure from extra expenditure', 'Exempt the proposed Legislative measure from extra expenditure']"
P120,To increase State Government subsidy of Rs. 3.5 lakhs to housing projects of the poor,Housing,"['Provide for financial allocation in the State Plan to the Board', 'Allow the State Government to not go ahead with infrastructure projects in whole or in part, if advised in the public interest', 'Create a fund for the development of the area', 'Increase landholdings of Scheduled Castes and Scheduled Tribes to address social and educational backwardness', ""Establish a fund for the development authority's operations and projects""]","[""Increase State Government's contribution to Labour Welfare fund"", 'Increase maximum settlement amount to three lakh rupees', 'Increase house rent allowance for Ministers and Ministers of State', 'Increase the threshold for procurement of goods and services from Rs.1.00 crore to Rs.2.00 crores', ""Increase employer's contribution to Labour Welfare fund""]"
P121,"To increase the celing and reservation from 50% to 75% to accommodate the hopes and aspirations of SC/ST/OBC/Minority/ and other communities like Lingayat and Vokkliggas. The Congress party committed to increase reservation for SC’s from 15% to 17%, for ST’s 3% to 7%, and restore minority reservation 4% and increase reservations Lingayat’s, Vokkaliggas’s and other communities and to pursue for inclusion in the 9th Schedule of the Constitution.",SC/ST/OBC/ Minority Communities,"['Increase reservation percentage for Scheduled Castes to 17% and for Scheduled Tribes to 7%', 'Increase landholdings of Scheduled Castes and Scheduled Tribes to address social and educational backwardness', 'Establish a Commission to study and submit a report on reservation for Scheduled Castes and Scheduled Tribes', 'Provide reservation for Particularly Vulnerable Tribal Groups (PVTGs), Manual scavengers, SafaiKarmacharis, Devadasis, Nomads, semi-nomads etc.', 'Establish the District Level Committee and State Level Committee']","['Extend 17% reservation in Public sector employment and Educational Institutions to Scheduled Castes', 'Establish sub-classification among Scheduled Castes for fair and equitable distribution of reservation benefits', 'Allow three non-categorised Scheduled castes to opt for reservation under Category–A or Category–B', 'Increase voting rights for reserved seats in Board elections of Secondary, Federal, and Apex Co-operative Societies', 'Revise membership of the State Council for Development of the Scheduled Castes or the Scheduled Tribes']"
P122,To release the Socio-Economic caste censes conducted by the congress government and accord social justice accordingly,SC/ST/OBC/ Minority Communities,"['Increase landholdings of Scheduled Castes and Scheduled Tribes to address social and educational backwardness', 'Remove geographical limitations attached to Scheduled Castes and Scheduled Tribes', 'Establish a Commission to study and submit a report on reservation for Scheduled Castes and Scheduled Tribes', 'Impose Cine and Cultural Activists Welfare Cess', 'Specify the definition of a Community in relation to a Caste Panchayat']","['Protect the interests of Scheduled Castes and provide Social Justice and prevention of exploitation', ""Implement sub-classification among Scheduled Castes based on the Commission's report"", 'Revise membership of the State Council for Development of the Scheduled Castes or the Scheduled Tribes', 'Eliminate inequalities in status, facilities, and opportunities among Scheduled Castes', 'Amend the Karnataka State Commission for the Scheduled Castes and the Scheduled Tribes Act, 2002']"
P123,To present the report of Justice Sadashiva Commission in the first session of the Legislative Assembly and Legislative Council and the Congress Party will strive to get justice to all the sub-groups and urge the Union Government to accept it.,SC/ST/OBC/ Minority Communities,"['Establish a Commission to study and submit a report on reservation for Scheduled Castes and Scheduled Tribes', 'Constitute the Authority with a Chairman and Members', 'Establish the Official Language Commission', 'Constitute the Executive Committee and Committees for specific subject matters', 'Provide for the appointment of officers and employees of the Board']","['Include Lok Sabha, Rajya Sabha, State Legislative Assembly and State Legislative Council members in Greater Bengaluru Authority', ""Implement sub-classification among Scheduled Castes based on the Commission's report"", 'Establish a commission for Panchayat Raj delimitation', 'Constitute the Karnataka State Commission for the Scheduled Castes and the Scheduled Tribes with its headquarters at Bangalore', 'Nominate a person belonging to the Scheduled Tribes and one woman to the Karnataka State Commission for the Scheduled Castes and the Scheduled Tribes']"
P124,To provide house to all SC/ST families in the next five years. Government to build houses for SC/STs,SC/ST/OBC/ Minority Communities,"['Create a fund for the development of the area', 'Provide for financial allocation in the State Plan to the Board', ""Establish a fund for the development authority's operations and projects"", 'Override other State laws to facilitate Special Investment Region development', 'Establish a Board of Governors and its powers']","['Exclude State and Central Government buildings from fire cess', 'Introduce a fee system for building approvals and services', 'Mandate 17.15% of government construction works under Rs. 1 crore to be tendered among Scheduled Castes', 'Establish a web portal for building plan submissions', 'Revise tax structure for building construction']"
P125,"To provide every year, subsidy and loan with 3% interest to 25,000 youth of SC/ST communities under Airavata Scheme, for purchase of Taxi, Goods, Vehicle, three wheelers, four wheelers and other vehicles for selfemployment.",SC/ST/OBC/ Minority Communities,"['Create a fund for the development of the area', 'Create a fund for welfare and rehabilitation of motor transport and allied workers', 'Establish a fund for the Authority and grant powers to raise finances and borrow', 'Establish the Basavanabagewadi Development Authority', 'Require the preparation of Comprehensive Mobility Plan and Sectoral Mobility Investment Program']","['Introduce 5% additional cess on transport vehicles for the Karnataka Motor Transport and Other Allied Workers Social Security and Welfare Fund', 'Mandate 4% of government construction works under Rs. 1 crore to be tendered among backward castes', 'Establish a recurring expenditure of Rupees twelve lakhs seventy two thousand per annum', 'Mandate 15% of government construction works under Rs. 1 crore to be tendered among backward castes (Category II(A))', 'Mandate 17.15% of government construction works under Rs. 1 crore to be tendered among Scheduled Castes']"
P126,To take action to fill all the backlog vacancies within one year.,SC/ST/OBC/ Minority Communities,"['Establish a system for the maintenance of funds', 'Provide for the appointment of officers and employees of the Board', 'Provide for financial allocation in the State Plan to the Board', ""Provide for the Board's accountability and transparency"", 'Mandate the submission of annual reports and accounts for audit']","['Allow posting without counselling to fill critical vacancies', 'Insert priority for filling rural vacancies', 'Mandate priority for rural area vacancies in compulsory service', 'Establish Registrar and Deputy Registrar positions with 3-year terms', 'Prescribe a limit on the total number of transfers per year to 15% of the working strength in a cadre']"
P127,"To set up Rs. 1000 Crore revolving fund - ""Dr Bhimrao Ramji Ambedkar Entrepreneurship Fund"" - for organizing entrepreneurship development and incubation programs for SC entrepreneurs.",SC/ST/OBC/ Minority Communities,"['Establish the Fund of the Authority', 'Establish a permanent statutory endowment fund', 'Create a fund for the development of the area', ""Establish a fund for the development authority's operations and projects"", 'Establish a fund for the development of the Kshetra']","['Increase the threshold for procurement of goods and services from Rs.1.00 crore to Rs.2.00 crores', 'Establish a recurring expenditure of Rupees twelve lakhs seventy two thousand per annum', 'Mandate 4% of government construction works under Rs. 1 crore to be tendered among backward castes', 'Mandate 17.15% of government construction works under Rs. 1 crore to be tendered among Scheduled Castes', 'Mandate 15% of government construction works under Rs. 1 crore to be tendered among backward castes (Category II(A))']"
P128,"To create a new ""Smt. Savitri Bai Pule Education Scheme to give Monthly incentives of Rs.150/- for students from | st Std. to Sth Standard, Rs.300/- for 6th to 10 std. students to be given. The incentive to be transferred to the Bank account of the mother of the student.",SC/ST/OBC/ Minority Communities,"['Provide reservations for Kannadigas in education and employment', 'Establish Shree Huligemma Devi Kshetra Development Authority', 'Establish Shree Ghati Subramanya Kshetra Development Authority', 'Establish a fund for the development of the Kshetra', 'Establish the Provident or Pension Fund']","['Increase the threshold for procurement of goods and services from Rs.1.00 crore to Rs.2.00 crores', 'Extend 17% reservation in Public sector employment and Educational Institutions to Scheduled Castes', 'Establish the BMS Educational Trust as the sponsoring authority', 'Establish Shree Huligemma Devi Kshetra Development Authority', 'Establish a recurring expenditure of Rupees twelve lakhs seventy two thousand per annum']"
P129,"To open Literature, cultural and Arts academy under Kannada and Culture department for 46 castes of SC and ST, Nomedic and Semi-nomedic and OBC Category-I",SC/ST/OBC/ Minority Communities,"['Establish a private university in the State of Karnataka', 'Establish a private university in the state of Karnataka', 'Introduce Kannada as a language subject in Higher or Technical or Professional Education', 'Establish Karnataka Professional Civil Engineers Council', 'Make Kannada the official language of Karnataka']","['Appoint Director, Directorate of Kannada and Culture as Member of State Level Committee', 'Constitute the Karnataka State Commission for the Scheduled Castes and the Scheduled Tribes with its headquarters at Bangalore', 'Establish a new private university in Karnataka', 'Establish District and Taluka Level Committees for enforcement of Kannada language', 'Require 60% of name boards to display Kannada language']"
P130,"To identify youths belonging to Pambada, Nalike, Parava and Kudbi of Dakshina Kannada and Udupi districts and to ensure 100% housing and also to train boys and girls for jobs.",SC/ST/OBC/ Minority Communities,"['Exclude Uttara Kannada and Dakshina Kannada districts from the Malanad Area Development Board Act, 1991', 'Empower the Karnataka Motor Transport and Other Allied Workers Social Security and Welfare Board to make rules', 'Establish Karnataka Motor Transport and Other Allied Workers Social Security and Welfare Board', 'Establish the District Level Committee and State Level Committee', 'Provide reservations for Kannadigas in education and employment']","['Include members of the Karnataka Legislative Council in the Malnad Area Development Board', 'Establish District and Taluka Level Committees for enforcement of Kannada language', 'Constitute the Karnataka State Commission for the Scheduled Castes and the Scheduled Tribes with its headquarters at Bangalore', 'Appoint Director, Directorate of Kannada and Culture as Member of State Level Committee', 'Specify Secretary, Kannada Development Authority as convener of State Level Committee']"
P131,To increase the insurance maturity amount given under the Bhagya Lakshmi scheme Rs.3 Lakhs to SC/ST families.,SC/ST/OBC/ Minority Communities,"['Increase reservation percentage for Scheduled Castes to 17% and for Scheduled Tribes to 7%', 'Establish a permanent statutory endowment fund', 'Establish the Provident or Pension Fund', 'Provide for financial allocation in the State Plan to the Board', 'Amend the Bombay Public Trust Act, 1950 in its application to the State of Karnataka']","['Increase maximum settlement amount to three lakh rupees', 'Increase maximum fine to five lakh rupees', 'Increase loan recovery fine from one thousand to five lakh', 'Increase penalty fine from Rs. 2,000 to Rs. 1 lakh', 'Increase the threshold for procurement of goods and services from Rs.1.00 crore to Rs.2.00 crores']"
P132,To establish 100 Aranya Kendras in tribal areas to help and guide them in primary processing and value additions for their produce.,SC/ST/OBC/ Minority Communities,"['Provide reservation for Particularly Vulnerable Tribal Groups (PVTGs), Manual scavengers, SafaiKarmacharis, Devadasis, Nomads, semi-nomads etc.', 'Establish a Commission to study and submit a report on reservation for Scheduled Castes and Scheduled Tribes', 'Establish Shree Ghati Subramanya Kshetra Development Authority', 'Establish the Basavanabagewadi Development Authority', 'Establish the Karavali Development Board for overall development of Karavali area']","['Establish Shree Ghati Subramanya Kshetra Development Authority', 'Establish the Karavali Development Board', 'Enhance construction works undertaken by Scheduled Castes and Scheduled Tribes', 'Establish the Basavanabagewadi Development Authority', 'Specify the allocation of procurement of goods and services to Scheduled Castes, Scheduled Tribes, and Backward Classes']"
P133,To construct 50 new Ekalavya residential schools in the next five years,SC/ST/OBC/ Minority Communities,"['Establish a fund for the development of the Kshetra', 'Establish the Chandraguthi Shree Renukamba Kshetra Development Authority', 'Establish the Basavanabagewadi Development Authority', 'Establish Shree Chamundeshwari Kshetra Development Authority', 'Establish a private university in the State of Karnataka']","['Establish the Karavali Development Board', 'Establish the Chandraguthi Shree Renukamba Kshetra Development Authority', 'Establish the Basavanabagewadi Development Authority', 'Establish Shree Chamundeshwari Kshetra Development Authority', 'Establish Shree Huligemma Devi Kshetra Development Authority']"
P134,To send 100 people from the leather based traditional artisans abroad for better training.,SC/ST/OBC/ Minority Communities,"['Provide for the appointment of officers and employees of the Board', 'Provide welfare measures for traditional migratory shepherds', 'Create the traditional migratory shepherd Welfare Board to administer the fund', 'Create a fund for the development of tourism in the region', 'Provide reservations for Kannadigas in education and employment']","['Increase minimum number of members required for certain co-operative societies', 'Establish a fund for the welfare of traditional migratory shepherds', 'Prescribe market fees for traditional migratory shepherds', 'Constitute a common cadre of employees for co-operative societies', 'Prescribe a limit on the total number of transfers per year to 15% of the working strength in a cadre']"
P135,"To setup Rs 5000 crore revolving fund ""Socio-economic welfare Fund"" for the overall welfare of OBC communities involved in sculpting, pottery, weaving and other traditional occupations.",SC/ST/OBC/ Minority Communities,"['Establish a fund for financing schemes to provide social security and welfare of Cine and Cultural activists', 'Create a fund for welfare and rehabilitation of motor transport and allied workers', 'Create the traditional migratory shepherd Welfare Board to administer the fund', 'Establish a permanent statutory endowment fund', 'Establish the Fund of the Authority']","['Create a welfare board to administer the fund established under the Act', ""Increase State Government's contribution to Labour Welfare fund"", 'Mandate 17.15% of government construction works under Rs. 1 crore to be tendered among Scheduled Castes', 'Mandate 4% of government construction works under Rs. 1 crore to be tendered among backward castes', 'Increase the threshold for procurement of goods and services from Rs.1.00 crore to Rs.2.00 crores']"
P136,"To establish Brahmashri Narayana Guru Development Corporation with annual budget of Rs. 500 Cr, a total of Rs. 2500 Cr in 5 years",SC/ST/OBC/ Minority Communities,"['Establish Dr. H. Narasimaiah Science, Educational, Cultural and Tourism Development Authority', 'Establish Shree Chamundeshwari Kshetra Development Authority', 'Establish the Basavanabagewadi Development Authority', 'Establish Sri Renuka Yellamma Temple Development Authority', 'Establish Shree Huligemma Devi Kshetra Development Authority']","['Establish the Nadaprabhu Kempegowda Heritage Area Development Authority as a body corporate', 'Establish Shree Chamundeshwari Kshetra Development Authority', 'Establish the Basavanabagewadi Development Authority', 'Establish Sri Renuka Yellamma Temple Development Authority', 'Establish Shree Huligemma Devi Kshetra Development Authority']"
P137,"To establish Micro Backward Comminutes Development Corporation with annual budget of Rs. 500 Cr, a total of Rs. 2500 Crin 5 years",SC/ST/OBC/ Minority Communities,"[""Establish a fund for the development authority's operations and projects"", 'Establish the Basavanabagewadi Development Authority', 'Establish the Karnataka Sheep and Wool Development Corporation Ltd.', 'Establish Special Investment Regions for large-scale industrial development', 'Create a fund for the development of the area']","['Establish the Basavanabagewadi Development Authority', 'Establish the Mysuru Development Authority', 'Establish the Karavali Development Board', 'Mandate 4% of government construction works under Rs. 1 crore to be tendered among backward castes', 'Mandate 15% of government construction works under Rs. 1 crore to be tendered among backward castes (Category II(A))']"
P138,"To constitute Development Corporations for the welfare of Tigala, Madiwala,Savitha, Uppara, Balija and Alemari Budakatu communities and provide dedicated budget",SC/ST/OBC/ Minority Communities,"[""Establish a fund for the development authority's operations and projects"", 'Create a fund for the development of the area', 'Establish the Basavanabagewadi Development Authority', 'Establish not more than seven City Corporations in the Greater Bengaluru Area for effective, participatory and responsive governance', 'Establish the Karavali Development Board for overall development of Karavali area']","['Constitute the Basavanabagewadi Development Authority as a body corporate', 'Constitute the Kitturu Development Authority as a body corporate', 'Constitute the Basavakalyana Development Board as a body corporate', 'Establish the Kudala Sangama Development Board as a body corporate', 'Establish the Basavanabagewadi Development Authority']"
P139,To increase the grants to all development Corporations and Boards.,SC/ST/OBC/ Minority Communities,"['Establish a fund for the Authority and grant powers to raise finances and borrow', ""Establish a fund for the development authority's operations and projects"", 'Empower the Board to enter into agreements with other organizations', 'Create a fund for the development of the area', 'Provide for financial allocation in the State Plan to the Board']","[""Provide funding for the Board's administrative expenses"", 'Grant the Council the power to make regulations', ""Establish the Board's membership and roles"", 'Require State Government to contribute to the Board for each employee in an establishment', 'Create a fund for the Authority']"
P140,"To provide collateral-free loans up to 10 lakhs at 3% interest to 50,000 OBC entrepreneurs.",SC/ST/OBC/ Minority Communities,"['Protect economically vulnerable groups and individuals from usurious interest rates', 'Provide for financial allocation in the State Plan to the Board', 'Establish a Registering Authority for micro loan and small loan transactions', 'Create a fund for the development of the area', ""Establish a fund for the development authority's operations and projects""]","['Increase loan recovery fine from one thousand to five lakh', 'Increase maximum penalty for pawn brokers to five lakh rupees', 'Review list of board of directors who have borrowed loans from the cooperative', 'Specify lending norms, collection, and recovery practices', 'Establish a registration process for micro finance institutions and money lending agencies']"
P141,"To provide scholarships every year to 1000 SC/ST/OBC students, who secure PG seat at foreign universities.",SC/ST/OBC/ Minority Communities,"['Provide for the maintenance of funds and accounts of the University', 'Establish the Provident or Pension Fund for employees of the University', 'Establish the University Grants Commission as a national accreditation body', 'Create a university endowment fund and a general fund', 'Establish a permanent statutory endowment fund']","['Establish the University Grants Commission as a national accreditation body', 'Establish the BMS Educational Trust as the sponsoring authority', 'Restrict access to examination centers and prevent unauthorized entry', 'Restrict grant-in-aid to only Category-C religious institutions', ""Establish the University's campus, constituent colleges, and regional centers""]"
P142,"To enhance monthly fellowships from Rs.5,000 to Rs 10,000 for backward class students enrolled to PhD in state universities.",SC/ST/OBC/ Minority Communities,"['Increase landholdings of Scheduled Castes and Scheduled Tribes to address social and educational backwardness', 'Establish the Academic Council and its powers', 'Create a university endowment fund and a general fund', 'Fix the fee structure for the university', 'Fix the fee structure for the University']","['Increase tax rate for salary or wage earners with monthly income above Rs. 25,000', 'Increase salary of Ministers of State', 'Establish a recurring expenditure of Rupees twelve lakhs seventy two thousand per annum', 'Revise tax structure for salary or wage earners with monthly income above Rs. 25,000', 'Increase the threshold for procurement of goods and services from Rs.1.00 crore to Rs.2.00 crores']"
P143,To establish Tigala Development Board.,SC/ST/OBC/ Minority Communities,"['Establish the Karavali Development Board for overall development of Karavali area', 'Establish the Basavanabagewadi Development Authority', ""Establish a fund for the development authority's operations and projects"", 'Establish the Chandraguthi Shree Renukamba Kshetra Development Authority', 'Establish Shree Chamundeshwari Kshetra Development Authority']","['Establish the Karavali Development Board', 'Establish the Kudala Sangama Development Board as a body corporate', ""Establish the Board's headquarters and jurisdiction"", 'Establish the Basavanabagewadi Development Authority', 'Authorize the Basavakalyana Development Board to acquire, hold, and dispose of property']"
P144,"The most backward communities are under Category-I. 12% of the population is under this category. As per the report of the Havanur Commission, 58 of the castes have the character of tribals. Nomadic and semi-nomadic castes are also under this category. The castes under this category have got abysmal share in Education, Employment and Industry. Earlier, these castes were getting the benefits available to the SC/STs. A comprehensive plan for their total
development will be envisaged.",SC/ST/OBC/ Minority Communities,"['Increase landholdings of Scheduled Castes and Scheduled Tribes to address social and educational backwardness', 'Increase reservation percentage for Scheduled Castes to 17% and for Scheduled Tribes to 7%', 'Provide reservation for Particularly Vulnerable Tribal Groups (PVTGs), Manual scavengers, SafaiKarmacharis, Devadasis, Nomads, semi-nomads etc.', 'Establish a Commission to study and submit a report on reservation for Scheduled Castes and Scheduled Tribes', 'Exclude Uttara Kannada and Dakshina Kannada districts from the Malanad Area Development Board Act, 1991']","['Mandate 15% of government construction works under Rs. 1 crore to be tendered among backward castes (Category II(A))', 'Mandate 4% of government construction works under Rs. 1 crore to be tendered among backward castes', 'Specify the allocation of procurement of goods and services to Scheduled Castes, Scheduled Tribes, and Backward Classes', 'Empower the Karnataka State Commission for the Scheduled Castes and the Scheduled Tribes to modify reservation percentages for Scheduled Castes', 'Constitute the Karnataka State Commission for the Scheduled Castes and the Scheduled Tribes with its headquarters at Bangalore']"
P145,"To give special focus to the development of listed marginal communities and to establish Alemari Budakattu Board for this purpose with Rs. 1,000 crores.",SC/ST/OBC/ Minority Communities,"['Establish the Karavali Development Board for overall development of Karavali area', 'Empower the Board to prepare a comprehensive plan for Karavali Area development', 'Establish Shree Renuka Yellamma Kshetra Tourism Development Board', 'Create a fund for the development of the area', 'Establish the Basavanabagewadi Development Authority']","['Establish the Karavali Development Board', 'Authorize the Basavakalyana Development Board to acquire, hold, and dispose of property', 'Establish the Nadaprabhu Kempegowda Heritage Area Development Authority as a body corporate', 'Establish the Basavanabagewadi Development Authority', 'Constitute the Basavakalyana Development Board as a body corporate']"
P146,"To provide Rs. 30,000 per annum to weavers with spinning wheels to modernize their looms.",Weavers:,"['Create a fund for the development of the area', 'Establish Special Investment Regions for large-scale industrial development', ""Establish a fund for the development authority's operations and projects"", 'Create a fund for welfare and rehabilitation of motor transport and allied workers', 'Provide for the inspection and regulation of Ropeways']","['Establish a recurring expenditure of Rupees twelve lakhs seventy two thousand per annum', 'Increase the threshold for procurement of goods and services from Rs.1.00 crore to Rs.2.00 crores', 'Omit the condition for vehicles costing over Rs. 10 Lakhs', 'Mandate 6.95% of government construction works under Rs. 1 crore to be tendered among Scheduled Tribes', 'Mandate 4% of government construction works under Rs. 1 crore to be tendered among backward castes']"
P147,To offer Rs.2000 Every month to each and every women head of the family GRUHA LAKSHMI project,Women and Children - Naari Shakthi,"['Create a fund for the development of the area', 'Establish the Provident or Pension Fund', 'Establish Sri Renuka Yellamma Temple Development Authority', 'Establish a fund for financing schemes to provide social security and welfare of Cine and Cultural activists', 'Establish Shree Chamundeshwari Kshetra Development Authority']","['Establish a recurring expenditure of Rupees twelve lakhs seventy two thousand per annum', 'Mandate 17.15% of government construction works under Rs. 1 crore to be tendered among Scheduled Castes', 'Mandate 4% of government construction works under Rs. 1 crore to be tendered among backward castes', 'Increase the threshold for procurement of goods and services from Rs.1.00 crore to Rs.2.00 crores', 'Mandate 15% of government construction works under Rs. 1 crore to be tendered among backward castes (Category II(A))']"
P148,"To support 5,000 women entrepreneurs every year for entrepreneurial development.",Women and Children - Naari Shakthi,"['Create a fund for the development of the area', ""Establish a fund for the development authority's operations and projects"", 'Enhance trust-based governance for ease of living and doing business', 'Establish a permanent statutory endowment fund', 'Create a university endowment fund and a general fund']","['Create a fund for the Authority', 'Increase minimum number of members required for certain co-operative societies', 'Liberate devadasi women and their children from exploitation', 'Specify the role of the Market Development Assistance Fund administration committee', 'Establish Market Development Assistance Fund for financially weak Agricultural Produce Marketing Committees']"
P149,To increase allocation of funds to Stree Shakthi Sanghas.,Women and Children - Naari Shakthi,"['Establish the Chandraguthi Shree Renukamba Kshetra Development Authority', 'Establish Shree Ghati Subramanya Kshetra Development Authority', 'Provide for financial allocation in the State Plan to the Board', 'Create a fund for the development of the area', 'Establish Shree Chamundeshwari Kshetra Development Authority']","['Increase maximum settlement amount to three lakh rupees', 'Establish the Chandraguthi Shree Renukamba Kshetra Development Authority', 'Establish Shree Ghati Subramanya Kshetra Development Authority', 'Specify norms for allocating Scheduled Castes sub-allocation fund and Tribal sub-allocation fund', 'Establish the headquarters of the Authority at Shree Ghati Subramanya temple']"
P150,"To nurture 5000 Stree Shakti micro-enterprises over 5 years and to encourage them to take up 21st century needs like food processing, catering, mobile canteens, solid waste management, parking management.",Women and Children - Naari Shakthi,"['Establish Shree Ghati Subramanya Kshetra Development Authority', 'Establish Shree Huligemma Devi Kshetra Development Authority', 'Establish Shree Chamundeshwari Kshetra Development Authority', 'Establish the Chandraguthi Shree Renukamba Kshetra Development Authority', 'Establish Shree Renuka Yellamma Kshetra Tourism Development Board']","['Establish Shree Ghati Subramanya Kshetra Development Authority', 'Establish Shree Huligemma Devi Kshetra Development Authority', 'Establish Shree Chamundeshwari Kshetra Development Authority', 'Establish the Chandraguthi Shree Renukamba Kshetra Development Authority', 'Establish a registration process for micro finance institutions and money lending agencies']"
P151,"To provide Rs.50 lakhs grant to the Grama Panchayaths which elect women as the Chairperson, over looking specific reservations",Women and Children - Naari Shakthi,"['Provide reservations for Kannadigas in education and employment', 'Establish a Commission to study and submit a report on reservation for Scheduled Castes and Scheduled Tribes', 'Provide reservation for Particularly Vulnerable Tribal Groups (PVTGs), Manual scavengers, SafaiKarmacharis, Devadasis, Nomads, semi-nomads etc.', 'Establish the Fund of the Authority', 'Specify the Fund of the Authority']","['Introduce reservations for women and Schedule Caste/Schedule Tribe members in co-operative society boards', 'Establish a commission for Panchayat Raj delimitation', 'Amend the Karnataka Gram Swaraj and Panchayat Raj Act, 1993', 'Establish sub-classification among Scheduled Castes for fair and equitable distribution of reservation benefits', 'Mandate 17.15% of government construction works under Rs. 1 crore to be tendered among Scheduled Castes']"
P152,"To provide 50% subsidy on buying electric scooters to frontline health workers namely ANM, Anganwadi and ASHA workers.",Women and Children - Naari Shakthi,"['Create a fund for welfare and rehabilitation of motor transport and allied workers', 'Provide social security benefits to motor transport and allied workers', 'Require the preparation of Comprehensive Mobility Plan and Sectoral Mobility Investment Program', 'Create a welfare fund for platform based Gig workers', 'Establish a Welfare Board for platform based Gig workers']","['Introduce 5% additional cess on transport vehicles for the Karnataka Motor Transport and Other Allied Workers Social Security and Welfare Fund', 'Implement a new tax regime for electric vehicles', 'Establish a scheme for the social security and welfare of motor transport and other allied workers', 'Create a motor transport and other allied workers social security fund', 'Impose additional cess on non-transport vehicles for the Karnataka Motor Transport and other Allied Workers Social Security and Welfare Fund']"
P153,"The Congress Party is committed to the welfare of all citizens and groups, including minorities, as per the Constitution of India. Accordingly, the allocation of funds for the minority welfare — Muslim, Christian, Jain, Buddhists and others, would be increased to Rs. 10,000 Cr",Religious Minorities,"['Impose Cine and Cultural Activists Welfare Cess', 'Constitute a welfare Board for Cine and Cultural activists', 'Establish a fund for financing schemes to provide social security and welfare of Cine and Cultural activists', 'Provide for financial allocation in the State Plan to the Board', 'Amend the Bombay Public Trust Act, 1950 in its application to the State of Karnataka']","['Create a welfare board to administer the fund established under the Act', ""Establish a Fund for Cine and Cultural Activists' Welfare"", ""Increase State Government's contribution to Labour Welfare fund"", 'Specify norms for allocating Scheduled Castes sub-allocation fund and Tribal sub-allocation fund', 'Amend the Karnataka Gram Swaraj and Panchayat Raj Act, 1993']"
P154,To allot Rs.15 crores to start Kashmiri Culture Centre Allotting one time grant of Rs.25 crore and annual grant of Rs. One crore from the Department of Kannada Culture,Kashmiri Pandits:,"['Create a fund for the development of the area', ""Establish a fund for the development authority's operations and projects"", 'Establish a fund for the Authority and grant powers to raise finances and borrow', 'Establish Dr. H. Narasimaiah Science, Educational, Cultural and Tourism Development Authority', 'Establish the Basavanabagewadi Development Authority']","['Mandate 15% of government construction works under Rs. 1 crore to be tendered among backward castes (Category II(A))', 'Mandate 17.15% of government construction works under Rs. 1 crore to be tendered among Scheduled Castes', 'Mandate 6.95% of government construction works under Rs. 1 crore to be tendered among Scheduled Tribes', 'Appoint Director, Directorate of Kannada and Culture as Member of State Level Committee', 'Mandate 4% of government construction works under Rs. 1 crore to be tendered among backward castes']"
P155,Toestablish a Mangalamukhi Welfare Board by allotting Rs.200 crores annually.,GENDER MINORITIES,"['Establish a Welfare Board for platform based Gig workers', 'Establish Karnataka Motor Transport and Other Allied Workers Social Security and Welfare Board', 'Empower the Karnataka Motor Transport and Other Allied Workers Social Security and Welfare Board to make rules', 'Create a welfare fund for platform based Gig workers', ""Provide for the Board's accountability and transparency""]","['Mandate 17.15% of government construction works under Rs. 1 crore to be tendered among Scheduled Castes', ""Establish a Karnataka State Motor Transport and Other Allied Workers' Social Security and Welfare Board"", 'Establish a recurring expenditure of Rupees twelve lakhs seventy two thousand per annum', 'Establish the Karavali Development Board', 'Constitute the Karnataka State Commission for the Scheduled Castes and the Scheduled Tribes with its headquarters at Bangalore']"
P156,To provide Self-employment grants for taking up small business to all Gender Minorities upto Rs.2 lakhs.,GENDER MINORITIES,"['Establish the Provident or Pension Fund', 'Establish the Fund of the Authority', 'Create a fund for the development of the area', 'Establish a fund for financing schemes to provide social security and welfare of Cine and Cultural activists', 'Create a welfare fund for platform based Gig workers']","['Increase the threshold for procurement of goods and services from Rs.1.00 crore to Rs.2.00 crores', 'Establish a recurring expenditure of Rupees twelve lakhs seventy two thousand per annum', 'Mandate 17.15% of government construction works under Rs. 1 crore to be tendered among Scheduled Castes', 'Mandate 4% of government construction works under Rs. 1 crore to be tendered among backward castes', 'Mandate 15% of government construction works under Rs. 1 crore to be tendered among backward castes (Category II(A))']"
P157,"To regularise all 25,000 Pourakarmikas with all the relevant facilities.",Pourakarmikas,"['Provide reservations for Kannadigas in education and employment', 'Establish a fund for the development of the Kshetra', 'Allocate premises in Special Investment Regions for industrial and commercial activities', 'Establish the Basavanabagewadi Development Authority', 'Establish a system for the maintenance of funds']","['Increase maximum settlement amount to three lakh rupees', 'Establish the Chandraguthi Shree Renukamba Kshetra Development Authority', 'Increase maximum fine to five lakh rupees', 'Constitute Shree Renuka Yellamma Kshetra Tourism Development Board', 'Specify the headquarters of the Banavasi Development Authority']"
P158,Recruitment of additional Pourakarmikas.,Pourakarmikas,"['Provide reservations for Kannadigas in education and employment', 'Establish a fund for the development of the Kshetra', 'Establish the Basavanabagewadi Development Authority', 'Establish the Chandraguthi Shree Renukamba Kshetra Development Authority', 'Establish Shree Ghati Subramanya Kshetra Development Authority']","['Specify the Common Cadre and Recruitment Rules for the Greater Bengaluru Authority and City Corporations', 'Establish nomination process for additional councillors', 'Establish the Basavanabagewadi Development Authority', 'Establish the Chandraguthi Shree Renukamba Kshetra Development Authority', 'Add the Deputy Chief Minister and the Minister for Tribal Welfare as Ex-officio Members to the State Council']"
P159,To offer Hazardous pay and insurance cover of Rs. 10 Lakh to each,Pourakarmikas,"['Establish a system for the fixation of fees', 'Establish a system for tracking vehicle insurance', 'Specify user charges for amenities and services in Special Investment Regions', 'Create a fund for welfare and rehabilitation of motor transport and allied workers', 'Specify obligations on aggregator or platform in relation to social security and occupational health and safety']","['Omit the condition for vehicles costing over Rs. 10 Lakhs', 'Modify tax rates for vehicles with cost exceeding Rs. 10 Lakhs', 'Specify tax slabs for motor cabs with cost exceeding Rs. 10 Lakhs', 'Increase maximum settlement amount to three lakh rupees', 'Establish a recurring expenditure of Rupees twelve lakhs seventy two thousand per annum']"
P160,To set up Auto Drivers' Board and Taxi Drivers' Welfare Board funding with Rs. 50 Crs to each and encouragement for self-employment.,Drivers:,"['Create a fund for welfare and rehabilitation of motor transport and allied workers', 'Establish Karnataka Motor Transport and Other Allied Workers Social Security and Welfare Board', 'Empower the Karnataka Motor Transport and Other Allied Workers Social Security and Welfare Board to make rules', 'Provide social security benefits to motor transport and allied workers', 'Create the traditional migratory shepherd Welfare Board to administer the fund']","['Establish a scheme for the social security and welfare of motor transport and other allied workers', 'Create a welfare board to administer the fund established under the Act', ""Establish a Karnataka State Motor Transport and Other Allied Workers' Social Security and Welfare Board"", 'Introduce 5% additional cess on transport vehicles for the Karnataka Motor Transport and Other Allied Workers Social Security and Welfare Fund', 'Impose additional cess on non-transport vehicles for the Karnataka Motor Transport and other Allied Workers Social Security and Welfare Fund']"
P161,"To develop dedicated hawker zones in all district HQs and to provide one-time financial assistance of Rs. 20,000 to street vendors to set up their shops in these zones. ",Street Vendors,"['Create a fund for the development of the area', 'Specify the areas to be developed by the authority', 'Set up organizational structure for Special Investment Region management and development', 'Establish Special Investment Regions for large-scale industrial development', 'Allocate premises in Special Investment Regions for industrial and commercial activities']","['Increase the threshold for procurement of goods and services from Rs.1.00 crore to Rs.2.00 crores', 'Establish District, State, and Taluk Committees for Vigilance and Implementation', 'Establish the Karavali Development Board', 'Permit construction of public utility activities within specified buffer zones', 'Establish a recurring expenditure of Rupees twelve lakhs seventy two thousand per annum']"
P162,"To establish a Gig Workers' Welfare Board with allotment of Rs.3,000 Crs as seed money for revolving fund.",Gig and Un-organised Workers,"['Establish a Welfare Board for platform based Gig workers', 'Create a welfare fund for platform based Gig workers', 'Create a fund for welfare and rehabilitation of motor transport and allied workers', 'Establish a fund for financing schemes to provide social security and welfare of Cine and Cultural activists', 'Register platform based Gig workers and aggregator or platform in the State']","['Create a welfare board to administer the fund established under the Act', ""Establish a Fund for Cine and Cultural Activists' Welfare"", ""Increase State Government's contribution to Labour Welfare fund"", 'Establish the Fund of the Authority', ""Provide funding for the Board's administrative expenses""]"
P163,"Tocreate Sharavana Kumara Senior citizens welfare fund - Rs.1,000 Crore.",Senior Citizens:,"['Create a fund for welfare and rehabilitation of motor transport and allied workers', 'Establish the Fund of the Authority', 'Establish a fund for financing schemes to provide social security and welfare of Cine and Cultural activists', 'Specify the Fund of the Authority', 'Establish the Provident or Pension Fund']","['Create a welfare board to administer the fund established under the Act', ""Increase State Government's contribution to Labour Welfare fund"", 'Increase the threshold for procurement of goods and services from Rs.1.00 crore to Rs.2.00 crores', 'Revise contribution rates to Labour Welfare fund', 'Mandate 4% of government construction works under Rs. 1 crore to be tendered among backward castes']"
P164,To offer free Pilgrimage to one of the 15 holy places of Karnataka and one of the 10 holy places of India once in two years.,Senior Citizens:,"['Establish a private university in the State of Karnataka', 'Establish a private university in the state of Karnataka', 'Amend the Bombay Public Trust Act, 1950 in its application to the State of Karnataka', 'Make Kannada the official language of Karnataka', 'Establish Karnataka Professional Civil Engineers Council']","['Establish a new private university in Karnataka', 'Establish the Karnataka Devadasi (Prevention, Prohibition, Relief, and Rehabilitation) Act, 2025', 'Establish the Karnataka Council of Professional Civil Engineers', 'Replace the Karnataka Compulsory Service by Candidates Completed Medical Courses (Amendment) Ordinance, 2023', 'Constitute the Karnataka State Commission for the Scheduled Castes and the Scheduled Tribes with its headquarters at Bangalore']"
P165,"To increase the one-time subsidy provided to senior citizens from Karnataka for pilgrimages to Kashi, Mathura and Kailash Mansarovar Yatra. ",Senior Citizens:,"['Amend the Bombay Public Trust Act, 1950 in its application to the State of Karnataka', 'Establish Karnataka Motor Transport and Other Allied Workers Social Security and Welfare Board', 'Empower the Karnataka Motor Transport and Other Allied Workers Social Security and Welfare Board to make rules', ""Empower the Government of Karnataka to appoint a date for the Act's commencement"", 'Establish a mechanism to regulate and supervise the manufacture of animal feed in Karnataka']","['Allow other means of resource mobilization for Karnataka State Road Safety Fund', 'Amend the Karnataka Co-operative Societies Act, 1959', 'Establish the Karnataka Devadasi (Prevention, Prohibition, Relief, and Rehabilitation) Act, 2025', 'Introduce 5% additional cess on transport vehicles for the Karnataka Motor Transport and Other Allied Workers Social Security and Welfare Fund', 'Impose additional cess on non-transport vehicles for the Karnataka Motor Transport and other Allied Workers Social Security and Welfare Fund']"
P166,To provide Rs.3 lakhs interest free loan to take up self-employment to the diabled women.,Persons otherwise able,"['Establish a fund for financing schemes to provide social security and welfare of Cine and Cultural activists', 'Establish the Provident or Pension Fund', 'Create a fund for the development of the area', 'Establish a fund for the Authority and grant powers to raise finances and borrow', 'Create a fund for welfare and rehabilitation of motor transport and allied workers']","['Increase loan recovery fine from one thousand to five lakh', 'Increase maximum settlement amount to three lakh rupees', 'Establish a recurring expenditure of Rupees twelve lakhs seventy two thousand per annum', 'Increase the threshold for procurement of goods and services from Rs.1.00 crore to Rs.2.00 crores', 'Mandate 17.15% of government construction works under Rs. 1 crore to be tendered among Scheduled Castes']"
P167,"To create a Rs 50 Crore ""Vidhya Deepa Nidhi"" disabled youth scholarship fund to ensure access to higher education both in India and abroad.",Persons otherwise able,"['Create a fund for the development of the area', 'Create a university endowment fund and a general fund', 'Establish the Fund of the Authority', 'Create a fund for the development of tourism in the region', 'Create a fund for welfare and rehabilitation of motor transport and allied workers']","['Create a fund for the Authority', 'Create a welfare board to administer the fund established under the Act', 'Establish the Fund of the Authority', 'Establish a recurring expenditure of Rupees twelve lakhs seventy two thousand per annum', 'Mandate 4% of government construction works under Rs. 1 crore to be tendered among backward castes']"
P168,To provide free bus pass and to one accompanying person.,Persons otherwise able,"['Grant powers to the Authority to give directions to urban transport agencies', 'Provide social security benefits to motor transport and allied workers', 'Provide for the appointment of officers and employees of the Authority', 'Provide for the appointment of officers and employees of the Board', 'Provide for financial allocation in the State Plan to the Board']","['Exempt certain classes of goods, passengers, vessels, animals, or vehicles from fees', 'Establish a scheme for the social security and welfare of motor transport and other allied workers', 'Exempt surplus candidates from compulsory service', 'Prescribe allowances and conditions for Board members', 'Specify penalty for non-completion of compulsory service']"
P169,"To Set up Karnataka Institute of Speech and Hearing, similar to the All India Institute of Speech and Hearing in all revenue divisions of Karnataka. ",Persons otherwise able,"['Establish a private university in the State of Karnataka', 'Establish a private university in the state of Karnataka', 'Establish Karnataka Professional Civil Engineers Council', 'Make Kannada the official language of Karnataka', ""Empower the Government of Karnataka to appoint a date for the Act's commencement""]","['Establish a new hierarchical structure for the Karnataka Land Revenue Department', 'Establish a new private university in Karnataka', 'Establish the Karnataka Council of Professional Civil Engineers', 'Include members of the Karnataka Legislative Council in the Malnad Area Development Board', 'Constitute the Karnataka State Commission for the Scheduled Castes and the Scheduled Tribes with its headquarters at Bangalore']"
P170,"To establish ""Field Marshal General Kariappa Ex-servicemen Development Board with Rs.500 Crores revolving fund to provide financial assistance to ex- servicemen to upto Rs.10 lakhs @ 5% interest to start self- employment/entrepreneurship.",Veteran Army personnel,"[""Establish a fund for the development authority's operations and projects"", 'Establish the Fund of the Authority', 'Establish a fund for the Authority and grant powers to raise finances and borrow', 'Establish the Chandraguthi Shree Renukamba Kshetra Development Authority', 'Establish a permanent statutory endowment fund']","['Establish the Karavali Development Board', 'Establish the Fund of the Authority', 'Establish a fund for the Authority and specify its management', 'Establish the Kudala Sangama Development Board as a body corporate', 'Establish the Chandraguthi Shree Renukamba Kshetra Development Authority']"
P171,Topush forONE RANK ONE PENSION for Ex-Servicemen,Veteran Army personnel,"['Establish the Provident or Pension Fund', 'Establish the Provident or Pension Fund for employees of the University', 'Provide social security benefits to motor transport and allied workers', 'Specify the conditions of service of employees', 'Create a fund for welfare and rehabilitation of motor transport and allied workers']","['Exempt surplus candidates from compulsory service', ""Increase employer's contribution to Labour Welfare fund"", 'Create a motor transport and other allied workers social security fund', 'Revise contribution rates to Labour Welfare fund', 'Increase sumptuary allowance for Chief Minister, Ministers, Ministers of State, and Deputy Ministers']"
P172,"To make special scheme for providing land, house and site to ex-servicemen and to exempt from House Tax, Water Tax and upto Rs.2,000 Electricity Bill for their own residences.",Veteran Army personnel,"['Specify user charges for amenities and services in Special Investment Regions', 'Establish the Provident or Pension Fund', 'Create a fund for welfare and rehabilitation of motor transport and allied workers', 'Provide for financial allocation in the State Plan to the Board', 'Specify the Fund of the Authority']","['Exempt land for renewable energy projects from conversion requirements', 'Exempt the proposed measure from extra expenditure', 'Establish a scheme for the social security and welfare of motor transport and other allied workers', 'Specify tax slabs for water supply and sewerage services', 'Exempt the proposed legislative measure from extra expenditure']"
P173,Establishment ofa a Journalist Welfare Fund with seed money of Rs.500 Crores.,Journalists,"['Establish a fund for financing schemes to provide social security and welfare of Cine and Cultural activists', 'Create a welfare fund for platform based Gig workers', 'Establish the Fund of the Authority', 'Establish the Provident or Pension Fund', 'Establish a permanent statutory endowment fund']","[""Establish a Fund for Cine and Cultural Activists' Welfare"", 'Create a welfare board to administer the fund established under the Act', 'Establish the Fund of the Authority', ""Increase State Government's contribution to Labour Welfare fund"", ""Increase employer's contribution to Labour Welfare fund""]"
P174,"To assist establishing Advocate Bhavans in Corporation, cities and District Headquarters.",Advocates,"['Establish not more than seven City Corporations in the Greater Bengaluru Area for effective, participatory and responsive governance', 'Provide for the appointment of officers and employees of the Authority', 'Provide for the appointment of officers and employees of the Board', 'Establish procedures for the conduct of business and meetings of the Authority', 'Establish the Board of Management and its powers']","[""Establish the Board's headquarters and jurisdiction"", 'Designate the headquarters of the Authority', 'Establish the Bengaluru Metropolitan Land Transport Authority with new members, including Mayors and Commissioners of City Corporations', 'Establish District, State, and Taluk Committees for Vigilance and Implementation', 'Specify the Common Cadre and Recruitment Rules for the Greater Bengaluru Authority and City Corporations']"
P175,To Create a separate Ministry to take care of the affairs of NRI Kannadigas.,NRI Kannadigas,"['Provide reservations for Kannadigas in education and employment', 'Establish a Board of Management and its powers', 'Establish the Board of Governors and Board of Management', 'Establish the Board of Management and its powers', 'Establish the Basavanabagewadi Development Authority']","['Appoint the Minister for Tribal Welfare as Vice-Chairman of the Nodal Agency', 'Establish the Nrupathunga University, Bengaluru', 'Add the Deputy Chief Minister and the Minister for Tribal Welfare as Ex-officio Members to the State Council', 'Constitute the Karnataka State Commission for the Scheduled Castes and the Scheduled Tribes with its headquarters at Bangalore', 'Specify Secretary, Kannada Development Authority as convener of State Level Committee']"
P176,To help in setting up industries and those permanently relocating by creating revolving fund of Rs.1000 Crs. ,NRI Kannadigas,"['Create a fund for welfare and rehabilitation of motor transport and allied workers', 'Create a fund for the development of the area', ""Establish a fund for the development authority's operations and projects"", 'Create a fund for the development of tourism in the region', 'Establish the Fund of the Authority']","['Create a fund for the Authority', 'Create a motor transport and other allied workers social security fund', 'Specify the role of the Market Development Assistance Fund administration committee', 'Create a welfare board to administer the fund established under the Act', 'Establish the Fund of the Authority']"
P177,To maintain a database of youth who are unable to secure a job within 180 days of college graduation. To provide an 'Unemployment Allowance' of Rs. 3000 per month to all registered graduates and Rs.1500/- to Diploma holders - YUVANIDHI,"Youth, Employment and Sports","['Provide for the maintenance of funds and accounts of the University', 'Establish the Provident or Pension Fund', 'Provide reservations for Kannadigas in education and employment', 'Establish the Provident or Pension Fund for employees of the University', 'Establish Shree Ghati Subramanya Kshetra Development Authority']","['Extend 17% reservation in Public sector employment and Educational Institutions to Scheduled Castes', 'Decriminalise minor procedural offenses for employers in Karnataka', 'Eliminate inequalities in status, facilities, and opportunities among Scheduled Castes', 'Establish Shree Ghati Subramanya Kshetra Development Authority', 'Establish Shree Huligemma Devi Kshetra Development Authority']"
P178,To establish Bharatha Ratna CNR Fund with 500 crores corpus for basic scientific research for youth.,"Youth, Employment and Sports","['Establish the Fund of the Authority', 'Establish a permanent statutory endowment fund', 'Establish the Research and Innovation Council and its powers', ""Establish a fund for the development authority's operations and projects"", 'Establish the Provident or Pension Fund']","['Establish the Fund of the Authority', 'Create a fund for the Authority', 'Establish a fund for the Authority and specify its management', 'Establish the Nrupathunga University, Bengaluru', 'Establish Shree Ghati Subramanya Kshetra Development Authority']"
P179,To provide free bus passes and train tickets to the candidates taking up competitive examinations.,"Youth, Employment and Sports","['Prohibit use of unfair means at public examinations', 'Specify examination authorities and centers', 'Provide reservations for Kannadigas in education and employment', 'Provide for the appointment of officers and employees of the Board', 'Authorize the Board to collect fees and charges for its services']","['Exempt surplus candidates from compulsory service', 'Prioritize candidates with Government quota seats for compulsory service', 'Prohibit use of unfair means at public examinations', 'Replace the Karnataka Compulsory Service by Candidates Completed Medical Courses (Amendment) Ordinance, 2023', 'Repeal the Karnataka Compulsory Service by Candidates Completed Medical Courses (Amendment) Ordinance, 2023']"
P180,To ensure 80% in jobs in Karnataka to local people in both Public and Private,"Youth, Employment and Sports","['Establish a private university in the State of Karnataka', 'Establish a private university in the state of Karnataka', 'Establish Karnataka Motor Transport and Other Allied Workers Social Security and Welfare Board', 'Empower the Karnataka Motor Transport and Other Allied Workers Social Security and Welfare Board to make rules', 'Establish Karnataka Professional Civil Engineers Council']","['Amend the Karnataka Tax on Profession, Trades, Callings and Employments Act, 1976', ""Establish a Karnataka State Motor Transport and Other Allied Workers' Social Security and Welfare Board"", 'Introduce 5% additional cess on transport vehicles for the Karnataka Motor Transport and Other Allied Workers Social Security and Welfare Fund', 'Establish a new private university in Karnataka', 'Establish the Karnataka Council of Professional Civil Engineers']"
P181,To Constitute a Youth Commission to facilitate the overall development of youth,"Youth, Employment and Sports","['Constitute an Implementation Committee to oversee development projects', 'Create a fund for the development of the area', ""Establish a fund for the development authority's operations and projects"", 'Specify the areas to be developed by the authority', 'Establish the University Grants Commission as a national accreditation body']","['Constitute the State Level Advisory Committee', 'Establish a commission for Panchayat Raj delimitation', 'Constitute District Level Monitoring Committee with diverse stakeholders', ""Establish the Board's membership and roles"", 'Establish a Commissionerate headed by a Commissioner']"
P182,To allot Rs.2000 crores per year for sports.,"Youth, Employment and Sports","['Create a fund for the development of tourism in the region', 'Create a fund for the development of the area', 'Establish a permanent statutory endowment fund', 'Create a fund for welfare and rehabilitation of motor transport and allied workers', ""Establish a fund for the development authority's operations and projects""]","['Increase the threshold for procurement of goods and services from Rs.1.00 crore to Rs.2.00 crores', 'Establish a recurring expenditure of Rupees twelve lakhs seventy two thousand per annum', 'Mandate 17.15% of government construction works under Rs. 1 crore to be tendered among Scheduled Castes', 'Mandate 15% of government construction works under Rs. 1 crore to be tendered among backward castes (Category II(A))', 'Mandate 4% of government construction works under Rs. 1 crore to be tendered among backward castes']"
P183,"To start an exclusive Sports University in Mysuru and make Karnataka a World-Class sports hub. And, to build an International Sports Complex in Mysuru exclusively for traditional sports.","Youth, Employment and Sports","['Establish a private university in the State of Karnataka', 'Establish a private university in the state of Karnataka', 'Establish a development authority for Mysuru city and adjacent areas', 'Establish Karnataka Professional Civil Engineers Council', 'Make Kannada the official language of Karnataka']","['Establish a new private university in Karnataka', 'Establish the Mysuru Development Authority', 'Establish the Karnataka Council of Professional Civil Engineers', 'Establish the Nrupathunga University, Bengaluru', 'Establish the Karnataka Sheep and Wool Development Corporation Ltd.']"
P184,"To identify 1,000 budding Sports talents every year from across the state and provide them financial assistance. ","Youth, Employment and Sports","['Provide for financial allocation in the State Plan to the Board', 'Create a fund for the development of the area', 'Establish a permanent statutory endowment fund', 'Provide for the maintenance of funds and accounts of the University', 'Create a fund for the development of tourism in the region']","['Require Agricultural Produce Marketing Committees to submit project reports for financial assistance', 'Establish Market Development Assistance Fund for financially weak Agricultural Produce Marketing Committees', ""Provide funding for the Board's administrative expenses"", 'Require State Government to contribute to the Board for each employee in an establishment', 'Specify the role of the Market Development Assistance Fund administration committee']"
P185,"To develop Kuppalli, the birth place of Rastra Kavi Kuvempu a nature tourist center make special project of Rs. 100 Crs.","Language, Literature, Tradition and Culture","['Create a fund for the development of tourism in the region', 'Establish a fund for the development of the Kshetra', 'Establish the Chandraguthi Shree Renukamba Kshetra Development Authority', 'Establish Shree Chamundeshwari Kshetra Development Authority', 'Establish Shree Huligemma Devi Kshetra Development Authority']","['Specify the headquarters of the Kudala Sangama Development Board', 'Establish the Kudala Sangama Development Board as a body corporate', 'Establish the Karavali Development Board', 'Establish the Chandraguthi Shree Renukamba Kshetra Development Authority', 'Establish Shree Chamundeshwari Kshetra Development Authority']"
P186,"To encourage and develop Kannada Language, literature, education and culture in 63 Taluks in Border areas and in 6 adjoining states where there are large number of Kannadigas, annual allotment of Rs.200 crores.","Language, Literature, Tradition and Culture","['Introduce Kannada as a language subject in Higher or Technical or Professional Education', 'Make Kannada the official language of Karnataka', 'Specify the use of Kannada language in Information Technology', 'Exclude Uttara Kannada and Dakshina Kannada districts from the Malanad Area Development Board Act, 1991', 'Establish a private university in the State of Karnataka']","['Establish District and Taluka Level Committees for enforcement of Kannada language', 'Require 60% of name boards to display Kannada language', 'Make Kannada the primary language for official boards and notifications', 'Specify Secretary, Kannada Development Authority as convener of State Level Committee', 'Appoint Director, Directorate of Kannada and Culture as Member of State Level Committee']"
P187,"To start ""Kuvempu Sahithya Puraskara Abhiyana"" to promote 500 young poets and authors in the state by giving them financial assistance of Rs 25,000 to each.","Language, Literature, Tradition and Culture","['Create a fund for the development of the area', 'Establish a private university in the State of Karnataka', 'Establish a private university in the state of Karnataka', 'Establish a fund for the development of the Kshetra', 'Establish the Chandraguthi Shree Renukamba Kshetra Development Authority']","['Establish the Kudala Sangama Development Board as a body corporate', 'Specify the headquarters of the Kudala Sangama Development Board', 'Establish the Chandraguthi Shree Renukamba Kshetra Development Authority', 'Authorize the Basavakalyana Development Board to acquire, hold, and dispose of property', ""Establish a Fund for Cine and Cultural Activists' Welfare""]"
P188,To set up the Aluru Venkata Rao Fund of Rs 100 Crore to promote Kannada in the digital space.,"Language, Literature, Tradition and Culture","['Create a fund for the development of the area', 'Make Kannada the official language of Karnataka', ""Establish a fund for the development authority's operations and projects"", 'Establish a fund for the development of the Kshetra', 'Establish the Karnataka Sheep and Wool Development Corporation Ltd.']","['Administer Karnataka State Road Safety Fund through Treasury or Nationalized Bank', 'Allow other means of resource mobilization for Karnataka State Road Safety Fund', 'Specify Secretary, Kannada Development Authority as convener of State Level Committee', 'Appoint Director, Directorate of Kannada and Culture as Member of State Level Committee', 'Establish the Karnataka Sheep and Wool Development Corporation Ltd.']"
P189,To release Rs.100 crores to establish- Basavapatha - the institution for Social Inclusion and Religious Ethics - in Kudalasangama.,"Language, Literature, Tradition and Culture","['Establish the Basavanabagewadi Development Authority', 'Establish a fund for the development of the Kshetra', 'Establish Shree Chamundeshwari Kshetra Development Authority', 'Establish Shree Ghati Subramanya Kshetra Development Authority', 'Establish a private university in the State of Karnataka']","['Establish the Basavanabagewadi Development Authority', 'Establish the headquarters of the Authority at Basavanabagewadi', 'Amend the Basavanabagewadi Development Authority Act, 2024', 'Constitute the Basavakalyana Development Board as a body corporate', 'Constitute the Basavanabagewadi Development Authority as a body corporate']"
P190,To build a state-of-the-art museum and theme park dedicated to Veera Madakari Nayaka in Chitradurga.,"Language, Literature, Tradition and Culture","['Create a fund for the development of tourism in the region', 'Declare the Chandraguthi Shree Renukamba temple as a tourist centre', 'Specify the heritage sites to be developed and maintained by the Authority', 'Establish the Basavanabagewadi Development Authority', 'Establish Shree Huligemma Devi Kshetra Development Authority']","['Constitute the Nadaprabhu Kempegowda Heritage Area Development Authority', 'Revise membership of the Nadaprabhu Kempegowda Heritage Area Development Authority', 'Establish the Karavali Development Board', 'Establish the Nadaprabhu Kempegowda Heritage Area Development Authority as a body corporate', 'Constitute Shree Renuka Yellamma Kshetra Tourism Development Board']"
P191,"To create a Rs 500 Crore ""Thayi Bhuvaneshwari Monuments Fund"" to ensure the proper maintenance of all ASI sites in Karnataka.","Language, Literature, Tradition and Culture","['Establish Shree Chamundeshwari Kshetra Development Authority', 'Establish Karnataka Professional Civil Engineers Council', 'Create a fund for the development of the area', 'Establish Karnataka Motor Transport and Other Allied Workers Social Security and Welfare Board', 'Create a fund for the development of tourism in the region']","['Administer Karnataka State Road Safety Fund through Treasury or Nationalized Bank', 'Establish Shree Chamundeshwari Kshetra Development Authority', 'Allow other means of resource mobilization for Karnataka State Road Safety Fund', 'Mandate 6.95% of government construction works under Rs. 1 crore to be tendered among Scheduled Tribes', 'Mandate 4% of government construction works under Rs. 1 crore to be tendered among backward castes']"
P192,"To revive and develop Bhuvanagiri in Siddapur taluk as a tourist destination with aRs 10 Crore grant, as it is the only place in the state where a temple is dedicated to Kannada Mathe Bhuvaneshwari Devi.","Language, Literature, Tradition and Culture","['Declare the Chandraguthi Shree Renukamba temple as a tourist centre', 'Exclude Uttara Kannada and Dakshina Kannada districts from the Malanad Area Development Board Act, 1991', 'Establish Shree Renuka Yellamma Kshetra Tourism Development Board', 'Establish Sri Renuka Yellamma Temple Development Authority', 'Establish the Chandraguthi Shree Renukamba Kshetra Development Authority']","['Establish Sri Renuka Yellamma Temple Development Authority', 'Establish the Chandraguthi Shree Renukamba Kshetra Development Authority', 'Constitute the Nadaprabhu Kempegowda Heritage Area Development Authority', 'Establish the Karnataka Council of Professional Civil Engineers', 'Establish a new private university in Karnataka']"
P193,To bring out all Mahakavyas of Kannada Literture in digital form in the Gamaka format.,"Language, Literature, Tradition and Culture","['Specify the use of Kannada language in Information Technology', 'Make Kannada the official language of Karnataka', 'Introduce Kannada as a language subject in Higher or Technical or Professional Education', 'Establish Karnataka Professional Civil Engineers Council', 'Exclude Uttara Kannada and Dakshina Kannada districts from the Malanad Area Development Board Act, 1991']","['Require 60% of name boards to display Kannada language', 'Make Kannada the primary language for official boards and notifications', 'Specify Secretary, Kannada Development Authority as convener of State Level Committee', 'Establish District and Taluka Level Committees for enforcement of Kannada language', 'Allow state government to direct Central Drugs Laboratory functions to be carried out in Karnataka']"
P194,To make special projects to study of Samskrith Literature - Adi Shankaracharya Adhyayana Yojane,"Language, Literature, Tradition and Culture","['Establish the Research and Innovation Council and its powers', 'Establish Shree Huligemma Devi Kshetra Development Authority', 'Establish a fund for the development of the Kshetra', 'Establish the Chandraguthi Shree Renukamba Kshetra Development Authority', 'Establish Shree Ghati Subramanya Kshetra Development Authority']","['Establish Adikavi Sri Maharshi Valmiki University as an affiliating University', 'Rename Raichur University to Adikavi Sri Maharshi Valmiki University', 'Establish the Maharani Cluster University', 'Establish the Nrupathunga University, Bengaluru', 'Constitute the Basavakalyana Development Board as a body corporate']"
P195,"To aid and strengthen minority languages like Pali, Prakrit, Tulu, Konkani, Kodava, Byari, and Urdu.","Language, Literature, Tradition and Culture","['Establish the Directorate of Enforcement of Official Language', 'Establish the Official Language Commission', 'Increase landholdings of Scheduled Castes and Scheduled Tribes to address social and educational backwardness', 'Provide reservation for Particularly Vulnerable Tribal Groups (PVTGs), Manual scavengers, SafaiKarmacharis, Devadasis, Nomads, semi-nomads etc.', 'Impose Cine and Cultural Activists Welfare Cess']","['Establish District and Taluka Level Committees for enforcement of Kannada language', 'Provide for the protection of human rights', 'Require 60% of name boards to display Kannada language', 'Protect the interests of Scheduled Castes and provide Social Justice and prevention of exploitation', 'Make Kannada the primary language for official boards and notifications']"
P196,To establish Yakshagana Pradhikara with Rs. 25 Crs annual grants.,"Language, Literature, Tradition and Culture","['Establish a fund for the development of the Kshetra', 'Establish a permanent statutory endowment fund', 'Establish Shree Chamundeshwari Kshetra Development Authority', 'Establish Shree Ghati Subramanya Kshetra Development Authority', 'Create a fund for the development of the area']","['Establish Shree Chamundeshwari Kshetra Development Authority', 'Establish Shree Ghati Subramanya Kshetra Development Authority', 'Establish a recurring expenditure of Rupees twelve lakhs seventy two thousand per annum', 'Grant power to Rajya Dharmika Parishat to appoint Chairman of Committee of Management', 'Establish the Karnataka Devadasi (Prevention, Prohibition, Relief, and Rehabilitation) Act, 2025']"
P197,"To evolve a scheme to provide economic security to the artists of Yakshagana, Kambala, drama, music Dhaivaradhana work and other forms of arts.","Language, Literature, Tradition and Culture","['Establish a fund for financing schemes to provide social security and welfare of Cine and Cultural activists', 'Establish a fund for the development of the Kshetra', 'Establish the Basavanabagewadi Development Authority', 'Establish Shree Ghati Subramanya Kshetra Development Authority', 'Establish Shree Huligemma Devi Kshetra Development Authority']","['Protect the interests of Scheduled Castes and provide Social Justice and prevention of exploitation', 'Establish the Kudala Sangama Development Board as a body corporate', 'Liberate devadasi women and their children from exploitation', 'Establish the Chandraguthi Shree Renukamba Kshetra Development Authority', 'Enhance construction works undertaken by Scheduled Castes and Scheduled Tribes']"
P198,To create a freedom memorial and theme park at Belgavi to commemorate the 1924 Congress Session- [the session presided over by Mahatma Gandhil.,"Language, Literature, Tradition and Culture","['Create a fund for the development of tourism in the region', 'Specify the heritage sites to be developed and maintained by the Authority', 'Amend enactments to promote ease of living and doing business', 'Declare the Chandraguthi Shree Renukamba temple as a tourist centre', 'Establish a Board of Governors and its powers']","['Require prior permission for repairs and renovation of heritage monuments', 'Establish the Kitturu Ranichannamma University with headquarters at Belgaum', 'Allow companies, firms, and organizations to adopt ancient monuments and archaeological sites', 'Constitute Shree Renuka Yellamma Kshetra Tourism Development Board', 'Establish Sri Renuka Yellamma Temple Development Authority']"
P199,To Set up Festival Authority of Karnataka.,"Language, Literature, Tradition and Culture","[""Empower the Government of Karnataka to appoint a date for the Act's commencement"", 'Establish Karnataka Professional Civil Engineers Council', 'Establish a mechanism to regulate and supervise the manufacture of animal feed in Karnataka', 'Establish Karnataka Motor Transport and Other Allied Workers Social Security and Welfare Board', 'Establish the Karnataka Sheep and Wool Development Corporation Ltd.']","['Constitute the Karnataka State Commission for the Scheduled Castes and the Scheduled Tribes with its headquarters at Bangalore', 'Include members of Karnataka Legislative Council as Ex-officio members in the Basavanabagewadi Development Authority', 'Establish the Karnataka Council of Professional Civil Engineers', 'Nominate a person belonging to the Scheduled Tribes and one woman to the Karnataka State Commission for the Scheduled Castes and the Scheduled Tribes', 'Specify Secretary, Kannada Development Authority as convener of State Level Committee']"
P200,"To set up the Shivaram Karantha Literature Fund of Rs. 100 Crore to encourage Kannada writing, both poetry and prose, among students of classes 8-12.","Language, Literature, Tradition and Culture","['Establish a fund for the development of the Kshetra', 'Make Kannada the official language of Karnataka', 'Establish the Karavali Development Board for overall development of Karavali area', 'Empower the Board to prepare a comprehensive plan for Karavali Area development', 'Establish a private university in the State of Karnataka']","['Establish the Karavali Development Board', 'Establish a recurring expenditure of Rupees twelve lakhs seventy two thousand per annum', 'Specify Secretary, Kannada Development Authority as convener of State Level Committee', 'Appoint Director, Directorate of Kannada and Culture as Member of State Level Committee', 'Mandate 17.15% of government construction works under Rs. 1 crore to be tendered among Scheduled Castes']"
P201,"To give a cash prize of Rs 10,000 to students who score 100% in Kannada in their 10th exam in the name of Rashtra Kavi Manjeshwara Govinda Pai.","Language, Literature, Tradition and Culture","['Make Kannada the official language of Karnataka', 'Introduce Kannada as a language subject in Higher or Technical or Professional Education', 'Specify the use of Kannada language in Information Technology', 'Establish a private university in the State of Karnataka', 'Establish a private university in the state of Karnataka']","['Require 60% of name boards to display Kannada language', 'Appoint Director, Directorate of Kannada and Culture as Member of State Level Committee', 'Establish a new private university in Karnataka', 'Establish District and Taluka Level Committees for enforcement of Kannada language', 'Administer Karnataka State Road Safety Fund through Treasury or Nationalized Bank']"
P202,"To publish a book on Karnataka's history and it's culture called ""Hemmeya Beedu Namma Karunadu"" and make it a non-test subject in all UG courses.","Language, Literature, Tradition and Culture","['Make Kannada the official language of Karnataka', 'Establish a private university in the State of Karnataka', 'Establish a private university in the state of Karnataka', 'Amend Karnataka Civil Engineers Act, 1946', 'Establish Karnataka Professional Civil Engineers Council']","['Appoint Director, Directorate of Kannada and Culture as Member of State Level Committee', 'Establish a new private university in Karnataka', 'Establish the Karnataka Council of Professional Civil Engineers', 'Constitute the Karnataka State Commission for the Scheduled Castes and the Scheduled Tribes with its headquarters at Bangalore', 'Establish the Karnataka Devadasi (Prevention, Prohibition, Relief, and Rehabilitation) Act, 2025']"
P203,"To provide Rupees one lakh annual grant to people pursuing PhDs in Kannada literature and a Rs. 25,000 annual grant to people pursuing PG in Kannada literature under ""Da Ra Bendre Kannada Bhasha Adhyayana Puraskara Nidhi""","Language, Literature, Tradition and Culture","['Establish a permanent statutory endowment fund', 'Establish a private university in the State of Karnataka', 'Establish a private university in the state of Karnataka', 'Establish the Provident or Pension Fund', 'Introduce Kannada as a language subject in Higher or Technical or Professional Education']","['Establish a recurring expenditure of Rupees twelve lakhs seventy two thousand per annum', 'Appoint Director, Directorate of Kannada and Culture as Member of State Level Committee', 'Specify Secretary, Kannada Development Authority as convener of State Level Committee', 'Establish a new private university in Karnataka', 'Transfer privileges of Karnataka University to Ranichannamma University']"
P204,"To double the amount of money awarded to poets and authors under the Rajyotsava Award, Pampa Award, Kannada Sahitya Academy awards etc. limiting the number of awardees.","Language, Literature, Tradition and Culture","['Specify the use of Kannada language in Information Technology', 'Establish a private university in the State of Karnataka', 'Establish a private university in the state of Karnataka', 'Amend the Bombay Public Trust Act, 1950 in its application to the State of Karnataka', 'Establish the Karnataka Prohibition of Violence Against Advocates Act, 2023']","['Increase the threshold for procurement of goods and services from Rs.1.00 crore to Rs.2.00 crores', 'Establish a recurring expenditure of Rupees twelve lakhs seventy two thousand per annum', 'Amend the Karnataka Gram Swaraj and Panchayat Raj Act, 1993', 'Appoint Director, Directorate of Kannada and Culture as Member of State Level Committee', 'Grant power to Rajya Dharmika Parishat to appoint Chairman of Committee of Management']"
P205,"To start ""Nrupatunga Kannada Sahithya Puraskara Abhiyana"" to promote 500 young poets and authors in the state by giving them financial assistance of Rs 25,000 to each.","Language, Literature, Tradition and Culture","['Establish a private university in the State of Karnataka', 'Establish a private university in the state of Karnataka', 'Introduce Kannada as a language subject in Higher or Technical or Professional Education', 'Make Kannada the official language of Karnataka', 'Specify the use of Kannada language in Information Technology']","['Establish the Nrupathunga University, Bengaluru', 'Appoint Director, Directorate of Kannada and Culture as Member of State Level Committee', 'Specify Secretary, Kannada Development Authority as convener of State Level Committee', 'Establish the Karnataka Devadasi (Prevention, Prohibition, Relief, and Rehabilitation) Act, 2025', 'Establish District and Taluka Level Committees for enforcement of Kannada language']"
P206,"To establish in various universities, Kanakadasa Dasa Sahithya Adhyayana Peetha, Sarvagna Tripadi Sahithya Adhyayana Peeta, Basavanna Vachana Sahithya, Adhyayana Peeta, D V Gundappa Navodhaya sahithya Adhyayana Peeta, Pampa Hale Kannada sahithya Adhayayana Peeta, Kumaravyasa Nadukannada Sahithya Adhyayana Peeta, by providing necessary funds.","Language, Literature, Tradition and Culture","['Establish a private university in the State of Karnataka', 'Establish a private university in the state of Karnataka', 'Establish the Provident or Pension Fund for employees of the University', 'Provide for the maintenance of funds and accounts of the University', 'Establish the Basavanabagewadi Development Authority']","['Establish the Nrupathunga University, Bengaluru', 'Establish Adikavi Sri Maharshi Valmiki University as an affiliating University', 'Establish a new private university in Karnataka', 'Establish the Maharani Cluster University', 'Establish the Kitturu Ranichannamma University with headquarters at Belgaum']"
P207,To increase funding to Hampi Kannada University to encourage the holistic research on Kannada literature.,"Language, Literature, Tradition and Culture","['Establish a private university in the State of Karnataka', 'Establish a private university in the state of Karnataka', 'Introduce Kannada as a language subject in Higher or Technical or Professional Education', 'Make Kannada the official language of Karnataka', 'Specify the use of Kannada language in Information Technology']","['Establish a new private university in Karnataka', 'Appoint Director, Directorate of Kannada and Culture as Member of State Level Committee', 'Specify Secretary, Kannada Development Authority as convener of State Level Committee', 'Establish the Nrupathunga University, Bengaluru', 'Establish Adikavi Sri Maharshi Valmiki University as an affiliating University']"
P208,"To create a dedicated fund of Rs 100 Crore ""Shasana samshodhana mattu samrakshana Nidhi"" - for the restoration, renovation, and promotion of research on inscriptions.","Language, Literature, Tradition and Culture","['Create a fund for the development of the area', 'Create a fund for the development of tourism in the region', 'Create a university endowment fund and a general fund', 'Establish a permanent statutory endowment fund', 'Establish a fund for the development of the Kshetra']","['Create a fund for the Authority', 'Establish the Fund of the Authority', 'Establish a recurring expenditure of Rupees twelve lakhs seventy two thousand per annum', 'Mandate 4% of government construction works under Rs. 1 crore to be tendered among backward castes', 'Mandate 17.15% of government construction works under Rs. 1 crore to be tendered among Scheduled Castes']"
P209,To set up Rs 500 Crore revolving fund - Subbiah Naidu Kalabhivruddhi Nidhi - for the revival of ethnic art forms and folk sports.,"Language, Literature, Tradition and Culture","['Create a fund for the development of the area', 'Establish a permanent statutory endowment fund', 'Establish the Fund of the Authority', 'Create a fund for the development of tourism in the region', 'Establish a fund for financing schemes to provide social security and welfare of Cine and Cultural activists']","['Mandate 6.95% of government construction works under Rs. 1 crore to be tendered among Scheduled Tribes', 'Establish a recurring expenditure of Rupees twelve lakhs seventy two thousand per annum', 'Mandate 17.15% of government construction works under Rs. 1 crore to be tendered among Scheduled Castes', 'Mandate 4% of government construction works under Rs. 1 crore to be tendered among backward castes', 'Increase the threshold for procurement of goods and services from Rs.1.00 crore to Rs.2.00 crores']"
P210,"To organize a Mega cultural festival called ""Karnataka Arunodaya Samavesha"" in every assembly constituency to promote local folk arts and music.","Language, Literature, Tradition and Culture","['Make Kannada the official language of Karnataka', 'Exclude Uttara Kannada and Dakshina Kannada districts from the Malanad Area Development Board Act, 1991', ""Empower the Government of Karnataka to appoint a date for the Act's commencement"", 'Establish a mechanism to regulate and supervise the manufacture of animal feed in Karnataka', 'Establish the Karnataka Sheep and Wool Development Corporation Ltd.']","['Appoint Director, Directorate of Kannada and Culture as Member of State Level Committee', 'Specify Secretary, Kannada Development Authority as convener of State Level Committee', 'Constitute the Karnataka State Commission for the Scheduled Castes and the Scheduled Tribes with its headquarters at Bangalore', 'Nominate a person belonging to the Scheduled Tribes and one woman to the Karnataka State Commission for the Scheduled Castes and the Scheduled Tribes', 'Establish the Karnataka Devadasi (Prevention, Prohibition, Relief, and Rehabilitation) Act, 2025']"
P211,To set up Rs 30 Crore “C Ashwath Music Fellowship Fund” to honour young lyricists and singers.,"Language, Literature, Tradition and Culture","['Establish the Fund of the Authority', 'Establish a permanent statutory endowment fund', 'Specify the Fund of the Authority', 'Create a fund for the development of the area', ""Establish a fund for the development authority's operations and projects""]","['Establish the Fund of the Authority', 'Create a fund for the Authority', 'Establish a recurring expenditure of Rupees twelve lakhs seventy two thousand per annum', 'Increase the threshold for procurement of goods and services from Rs.1.00 crore to Rs.2.00 crores', 'Establish a fund for the Authority and specify its management']"
P212,"To provide Rs 10,000 honorarium per month to all senior folk artists and performing artists under ""Gangu Bai Hanagal”","Language, Literature, Tradition and Culture","['Provide reservations for Kannadigas in education and employment', 'Establish a Commission to study and submit a report on reservation for Scheduled Castes and Scheduled Tribes', 'Establish the Gadag-Betageri Business, Culture and Exhibition Authority', 'Establish Karnataka Professional Civil Engineers Council', 'Establish a private university in the State of Karnataka']","['Establish a recurring expenditure of Rupees twelve lakhs seventy two thousand per annum', 'Extend 17% reservation in Public sector employment and Educational Institutions to Scheduled Castes', 'Mandate 17.15% of government construction works under Rs. 1 crore to be tendered among Scheduled Castes', 'Increase the threshold for procurement of goods and services from Rs.1.00 crore to Rs.2.00 crores', 'Mandate 4% of government construction works under Rs. 1 crore to be tendered among backward castes']"
P213,To take suitable actions to get the Tulu language declared as Adhikritha Bhashe and to upgrade Tulu Sahitya Academy as Tulu Bhasha Abhivriddhi Pradhikara.,"Language, Literature, Tradition and Culture","['Establish the Directorate of Enforcement of Official Language', 'Establish the Official Language Commission', 'Specify the use of Kannada language in Information Technology', 'Establish the Basavanabagewadi Development Authority', 'Establish Shree Huligemma Devi Kshetra Development Authority']","['Establish District and Taluka Level Committees for enforcement of Kannada language', 'Amend the Basavanabagewadi Development Authority Act, 2024', 'Establish Shree Huligemma Devi Kshetra Development Authority', 'Establish the Chandraguthi Shree Renukamba Kshetra Development Authority', 'Repeal the Karnataka Gram Swaraj and Panchayat Raj (Amendment) Ordinance, 2023']"
P214,To provide Rs. 1 crore grant for the development of the unique Kodava Culture.,"Language, Literature, Tradition and Culture","['Create a fund for the development of the area', 'Establish a fund for the development of the Kshetra', 'Create a fund for the development of tourism in the region', ""Establish a fund for the development authority's operations and projects"", 'Establish the Fund of the Authority']","['Mandate 6.95% of government construction works under Rs. 1 crore to be tendered among Scheduled Tribes', 'Mandate 17.15% of government construction works under Rs. 1 crore to be tendered among Scheduled Castes', 'Mandate 4% of government construction works under Rs. 1 crore to be tendered among backward castes', 'Grant the Kudala Sangama Development Board the power to acquire and dispose of property', 'Establish Shree Chamundeshwari Kshetra Development Authority']"
P215,"Karnataka has around 1,80,000 temples, of which only 35,500 temples come under the Muzrai department. These temples are neglected by the Muzarai Department. Separate special Pooja Nidhi to be established.",Temples and Pilgrim Centres:,"['Empower the Karnataka government to take action against violence against advocates', 'Establish a private university in the State of Karnataka', 'Establish a private university in the state of Karnataka', 'Amend Karnataka Civil Engineers Act, 1946', 'Establish Karnataka Professional Civil Engineers Council']","['Establish a new private university in Karnataka', 'Include members of the Karnataka Legislative Council in the Malnad Area Development Board', 'Constitute the Karnataka State Commission for the Scheduled Castes and the Scheduled Tribes with its headquarters at Bangalore', 'Appoint Director, Directorate of Kannada and Culture as Member of State Level Committee', 'Empower the Karnataka State Commission for the Scheduled Castes and the Scheduled Tribes to modify reservation percentages for Scheduled Castes']"
P216,To increase monthly grants to Muzarai temples.,Temples and Pilgrim Centres:,"['Create a fund for the development of the area', 'Establish a fund for the Authority and grant powers to raise finances and borrow', 'Establish Sri Renuka Yellamma Temple Development Authority', 'Create a fund for the development of tourism in the region', 'Establish a permanent statutory endowment fund']","['Establish District and State-level committees for temple infrastructure development', 'Establish Sri Renuka Yellamma Temple Development Authority', 'Create a fund for the Authority', 'Restrict grant-in-aid to only Category-C religious institutions', 'Establish the headquarters of the Authority at Shree Ghati Subramanya temple']"
P217,"To set up a “Dharmika Nidhi,” fund of Rs 1,000Crore, for the restoration and renovation of minor temples and Mathas across the state.",Temples and Pilgrim Centres:,"['Create a fund for the development of the area', 'Establish the Fund of the Authority', 'Establish a permanent statutory endowment fund', 'Specify the Fund of the Authority', ""Establish a fund for the development authority's operations and projects""]","['Grant power to Rajya Dharmika Parishat to appoint Chairman of Committee of Management', 'Create a fund for the Authority', 'Establish the Fund of the Authority', 'Mandate 17.15% of government construction works under Rs. 1 crore to be tendered among Scheduled Castes', 'Mandate 4% of government construction works under Rs. 1 crore to be tendered among backward castes']"
P218,"To provide Rs 5,000 honorarium per month to all senior priests [above 60 years of age] of temples, mosques, churches, and other religious institutions after they reach the age of sixty, “Archaka Gowrava Nidhi Scheme.",Temples and Pilgrim Centres:,"['Establish the Provident or Pension Fund', 'Establish a permanent statutory endowment fund', 'Establish the Fund of the Authority', 'Establish Sri Renuka Yellamma Temple Development Authority', 'Provide reservations for Kannadigas in education and employment']","['Revise tax structure for salary or wage earners with monthly income above Rs. 25,000', 'Enable appointment of Group-A Senior Scale Officer of Hindu Religious Institutions and Endowment Department as Secretary of Authorities', 'Increase tax rate for salary or wage earners with monthly income above Rs. 25,000', 'Establish a recurring expenditure of Rupees twelve lakhs seventy two thousand per annum', 'Mandate 17.15% of government construction works under Rs. 1 crore to be tendered among Scheduled Castes']"
P219,"To increase the allowances to Rs.5,000/- per month for meeting the expenditure on Poojadravya and honorarium for small rural temples, and to bring temples of gramadevatas under the purview of Muzarai.",Temples and Pilgrim Centres:,"['Increase reservation percentage for Scheduled Castes to 17% and for Scheduled Tribes to 7%', 'Establish a permanent statutory endowment fund', 'Establish a fund for the Authority and grant powers to raise finances and borrow', 'Establish the Fund of the Authority', 'Create a fund for the development of tourism in the region']","['Establish a recurring expenditure of Rupees twelve lakhs seventy two thousand per annum', 'Increase sumptuary allowance for Chief Minister, Ministers, Ministers of State, and Deputy Ministers', 'Increase the threshold for procurement of goods and services from Rs.1.00 crore to Rs.2.00 crores', 'Increase maximum fine to five lakh rupees', 'Increase fine for moving antiquities in contravention of a notification from Rs. 500 to Rs. 1 lakh']"
P220,"To provide a grant of up to Rs.20,000 to all Grama Devathe and Theru Habba Festivals celebrated at the village level.",Temples and Pilgrim Centres:,"['Create a fund for the development of the area', 'Create a fund for the development of tourism in the region', 'Establish a fund for the development of the Kshetra', ""Establish a fund for the development authority's operations and projects"", 'Establish the Basavanabagewadi Development Authority']","['Increase the threshold for procurement of goods and services from Rs.1.00 crore to Rs.2.00 crores', 'Mandate 6.95% of government construction works under Rs. 1 crore to be tendered among Scheduled Tribes', 'Mandate 17.15% of government construction works under Rs. 1 crore to be tendered among Scheduled Castes', 'Establish the Karnataka Devadasi (Prevention, Prohibition, Relief, and Rehabilitation) Act, 2025', 'Grant power to Rajya Dharmika Parishat to appoint Chairman of Committee of Management']"
P221,"To reserve Rs.5,000 Crores every year for the infrastructure development of Kalyana Karnataka.",Kalyana Karnataka,"['Create a fund for the development of the area', 'Establish Karnataka Motor Transport and Other Allied Workers Social Security and Welfare Board', ""Establish a fund for the development authority's operations and projects"", 'Establish Shree Chamundeshwari Kshetra Development Authority', 'Establish the Basavanabagewadi Development Authority']","['Allow other means of resource mobilization for Karnataka State Road Safety Fund', 'Mandate 6.95% of government construction works under Rs. 1 crore to be tendered among Scheduled Tribes', 'Mandate 4% of government construction works under Rs. 1 crore to be tendered among backward castes', 'Mandate 17.15% of government construction works under Rs. 1 crore to be tendered among Scheduled Castes', 'Mandate 15% of government construction works under Rs. 1 crore to be tendered among backward castes (Category II(A))']"
P222,To establish a textile park at Bellary with an investment of rs. 5000 Cr.,Kalyana Karnataka,"['Establish Special Investment Regions for large-scale industrial development', 'Create a fund for the development of the area', 'Allocate premises in Special Investment Regions for industrial and commercial activities', 'Establish the Karnataka Sheep and Wool Development Corporation Ltd.', ""Establish a fund for the development authority's operations and projects""]","['Transfer administrative control from Bellary District to Vijayanagara District', 'Establish the Karnataka Sheep and Wool Development Corporation Ltd.', 'Establish a recurring expenditure of Rupees twelve lakhs seventy two thousand per annum', 'Establish the Karavali Development Board', 'Establish District Level Monitoring Committee to review and promote tourism trade']"
P223,To provide special package for de-silting of Tungabhadra Dam,Kalyana Karnataka,"['Provide for the inspection and regulation of Ropeways', 'Establish the Chandraguthi Shree Renukamba Kshetra Development Authority', 'Amend Karnataka Civil Engineers Act, 1946', 'Establish Karnataka Professional Civil Engineers Council', 'Provide reservation for Particularly Vulnerable Tribal Groups (PVTGs), Manual scavengers, SafaiKarmacharis, Devadasis, Nomads, semi-nomads etc.']","['Establish a permit system for groundwater extraction in notified and non-notified areas', 'Regulate groundwater extraction within 500 meters of lift irrigation schemes', 'Exempt certain categories of consumers from obtaining permits for groundwater extraction', 'Introduce charges for commercial, industrial, mining, and infrastructure projects extracting groundwater', 'Authorize the Ground Water Authority to issue guidelines for regulating groundwater extraction']"
P224,To grant ®1 crore to every gram panchayat for taking up development projects,Kalyana Karnataka,"[""Establish a fund for the development authority's operations and projects"", 'Constitute an Implementation Committee to oversee development projects', 'Create a fund for the development of the area', 'Establish the Basavanabagewadi Development Authority', 'Establish Shree Ghati Subramanya Kshetra Development Authority']","['Mandate 17.15% of government construction works under Rs. 1 crore to be tendered among Scheduled Castes', 'Mandate 4% of government construction works under Rs. 1 crore to be tendered among backward castes', 'Mandate 15% of government construction works under Rs. 1 crore to be tendered among backward castes (Category II(A))', 'Mandate 6.95% of government construction works under Rs. 1 crore to be tendered among Scheduled Tribes', 'Establish a commission for Panchayat Raj delimitation']"
P225,To establish minimum 100 PUC and one Women's Degree College in 41 assembly constituencies in Kalyana Karnataka.,Kalyana Karnataka,"['Establish a private university in the State of Karnataka', 'Establish a private university in the state of Karnataka', 'Establish Karnataka Professional Civil Engineers Council', 'Establish Karnataka Motor Transport and Other Allied Workers Social Security and Welfare Board', ""Empower the Government of Karnataka to appoint a date for the Act's commencement""]","['Establish a new private university in Karnataka', 'Establish the Karnataka Council of Professional Civil Engineers', 'Replace the Karnataka Compulsory Service by Candidates Completed Medical Courses (Amendment) Ordinance, 2023', 'Include Members of the Karnataka Legislative Council in the Bayaluseeme Development Board', 'Include members of the Karnataka Legislative Council in the Malnad Area Development Board']"
P226,To fill up of all vacancies including back log vacancies in Kalayana Karnataka Region within a year of forming the Government by Congress Party.,Kalyana Karnataka,"[""Empower the Government of Karnataka to appoint a date for the Act's commencement"", 'Establish Karnataka Professional Civil Engineers Council', 'Establish Karnataka Motor Transport and Other Allied Workers Social Security and Welfare Board', 'Empower the State Government to utilize any part of the land described in Schedule I of the Bangalore Palace (Acquisition and Transfer) Act, 1996', 'Establish the Karnataka Sheep and Wool Development Corporation Ltd.']","['Insert priority for filling rural vacancies', 'Include members of the Karnataka Legislative Council in the Malnad Area Development Board', 'Include members of Karnataka Legislative Council as Ex-officio members in the Basavanabagewadi Development Authority', 'Establish a new hierarchical structure for the Karnataka Land Revenue Department', 'Constitute the Karnataka State Commission for the Scheduled Castes and the Scheduled Tribes with its headquarters at Bangalore']"
P227,"To establish of one Mother and Child Special Hospital, Trauma and Emergency Treatment centres in each of the 41 Assembly Constituencies.",Kalyana Karnataka,"['Establish the District Level Committee and State Level Committee', 'Establish the District Level Committee and the State Level Monitoring Committee', 'Establish the District Level committee and the State Level Monitoring Committee', 'Specify examination authorities and centers', 'Establish Shree Chamundeshwari Kshetra Development Authority']","['Establish District, State, and Taluk Committees for Vigilance and Implementation', 'Require permanent registration or renewal of private medical establishments to meet specific prerequisites', 'Establish nomination process for additional councillors', 'Specify election process for Medical Council members', 'Revise nomination process for Medical Council to prioritize women and social groups']"
P228,To build 2500 new classrooms and fill up all vacancies of teachers.,Kalyana Karnataka,"['Create a fund for the development of the area', ""Provide for the Board's accountability and transparency"", 'Constitute an Implementation Committee to oversee development projects', ""Establish a fund for the development authority's operations and projects"", 'Grant the power to the Government to issue directions to the University']","['Insert priority for filling rural vacancies', 'Introduce a fee system for building approvals and services', ""Provide funding for the Board's administrative expenses"", 'Establish a web portal for building plan submissions', 'Introduce new fees for building permits and services']"
P229,To convert the existing Kalaburagi-siraguppa-Ballary High way into 6-lane,Kalyana Karnataka,"['Amend Karnataka Civil Engineers Act, 1946', 'Grant powers to the Authority to give directions to urban transport agencies', 'Empower the Board to prepare a comprehensive plan for Karavali Area development', 'Establish Shree Renuka Yellamma Kshetra Tourism Development Board', 'Establish the Chandraguthi Shree Renukamba Kshetra Development Authority']","['Replace Karnataka State Road Safety Appellate Tribunal with Karnataka State Transport Appellate Tribunal', 'Establish the Karavali Development Board', 'Increase maximum fine to five lakh rupees', 'Establish a new hierarchical structure for the Karnataka Land Revenue Department', 'Amend the Karnataka Motor Vehicles Taxation Act, 1957 to include the additional cess levy']"
P230,To give a one-time infrastructure grant of Rs 1 Crore and monthly subsidy of Rs 1 lakh to all Kannada schools in the bordering region of Maharashtra,KITTURU KARNATAKA,"['Establish a private university in the State of Karnataka', 'Establish a private university in the state of Karnataka', 'Establish Karnataka Professional Civil Engineers Council', 'Establish Karnataka Motor Transport and Other Allied Workers Social Security and Welfare Board', 'Create a fund for the development of the area']","['Increase the threshold for procurement of goods and services from Rs.1.00 crore to Rs.2.00 crores', 'Mandate 15% of government construction works under Rs. 1 crore to be tendered among backward castes (Category II(A))', 'Specify Secretary, Kannada Development Authority as convener of State Level Committee', 'Mandate 4% of government construction works under Rs. 1 crore to be tendered among backward castes', 'Mandate 17.15% of government construction works under Rs. 1 crore to be tendered among Scheduled Castes']"
P231,To form 'Mahadayi Irrigation Development Corporation exclusively for the region.,KITTURU KARNATAKA,"['Establish the Basavanabagewadi Development Authority', 'Establish the Karnataka Sheep and Wool Development Corporation Ltd.', 'Establish the Chandraguthi Shree Renukamba Kshetra Development Authority', 'Establish Shree Chamundeshwari Kshetra Development Authority', 'Establish Shree Ghati Subramanya Kshetra Development Authority']","['Establish the Basavanabagewadi Development Authority', 'Establish the Karnataka Sheep and Wool Development Corporation Ltd.', 'Specify the headquarters of the Banavasi Development Authority', 'Establish the Chandraguthi Shree Renukamba Kshetra Development Authority', 'Change composition of the Banavasi Development Authority']"
P232,"To set up a 500-bed super-speciality hospitals in Karwar, Dharwad, Vijayapura and Bagalkot.",KITTURU KARNATAKA,"['Specify examination authorities and centers', 'Set up organizational structure for Special Investment Region management and development', 'Establish the Chandraguthi Shree Renukamba Kshetra Development Authority', 'Establish Shree Chamundeshwari Kshetra Development Authority', 'Establish a fund for the development of the Kshetra']","['Require permanent registration for private medical establishments', 'Require permanent registration or renewal of private medical establishments to meet specific prerequisites', 'Restrict new private clinical laboratories near government hospitals', 'Establish the Karavali Development Board', 'Constitute Shree Renuka Yellamma Kshetra Tourism Development Board']"
P233,To set up one 'pulses and dal procurement centre’ in every district.,KITTURU KARNATAKA,"['Establish Karnataka Professional Civil Engineers Council', 'Set up organizational structure for Special Investment Region management and development', 'Allocate premises in Special Investment Regions for industrial and commercial activities', 'Specify examination authorities and centers', 'Specify the areas to be developed by the authority']","['Specify the allocation of procurement of goods and services to Scheduled Castes, Scheduled Tribes, and Backward Classes', 'Authorize Agricultural Produce Marketing Committees to undertake procurement operations', 'Increase the threshold for procurement of goods and services from Rs.1.00 crore to Rs.2.00 crores', 'Establish the Karnataka Council of Professional Civil Engineers', 'Establish a new hierarchical structure for the Karnataka Land Revenue Department']"
P234,"To ensure the construction of 6 lane all weather roads connecting all the districts to the Karwar port passing through Vijaypura, Bagalkot, Gadag and Dharwad and to develop Karwara as the second Major Port.",KITTURU KARNATAKA,"['Establish Karnataka Motor Transport and Other Allied Workers Social Security and Welfare Board', 'Establish a fund for the development of the Kshetra', 'Establish Karnataka Professional Civil Engineers Council', 'Establish the Bengaluru Metropolitan Land Transport Authority', 'Provide reservation for Particularly Vulnerable Tribal Groups (PVTGs), Manual scavengers, SafaiKarmacharis, Devadasis, Nomads, semi-nomads etc.']","['Allow other means of resource mobilization for Karnataka State Road Safety Fund', 'Enhance construction works undertaken by Scheduled Castes and Scheduled Tribes', 'Replace Karnataka State Road Safety Appellate Tribunal with Karnataka State Transport Appellate Tribunal', 'Mandate 6.95% of government construction works under Rs. 1 crore to be tendered among Scheduled Tribes', 'Establish District and State-level committees for temple infrastructure development']"
P235,"To establish Brahmashri Narayana Guru Nigama and to with Rs.500 Crs. annualy and Rs. 2,500 Cr for five years",Karavali/Malnad Karnataka,"['Establish Dr. H. Narasimaiah Science, Educational, Cultural and Tourism Development Authority', 'Establish Shree Chamundeshwari Kshetra Development Authority', 'Establish Sri Renuka Yellamma Temple Development Authority', 'Establish Shree Ghati Subramanya Kshetra Development Authority', 'Establish a fund for the development of the Kshetra']","['Establish Dr. H. Narasimaiah Science, Educational, Cultural and Tourism Development Authority', 'Establish Shree Chamundeshwari Kshetra Development Authority', 'Establish Sri Renuka Yellamma Temple Development Authority', 'Establish the headquarters of the Authority at Shree Ghati Subramanya temple', 'Establish Shree Ghati Subramanya Kshetra Development Authority']"
P236,To construct “Amara Sullia Raithara Horata Bhavana” at sullia to commemorate the 1837 first freedom fight by farmers against the British by allotting land and grant of Rs.50 crores.,Karavali/Malnad Karnataka,"['Establish a fund for the development of the Kshetra', 'Establish Shree Huligemma Devi Kshetra Development Authority', 'Establish the Chandraguthi Shree Renukamba Kshetra Development Authority', 'Declare the Chandraguthi Shree Renukamba temple as a tourist centre', 'Establish the Basavanabagewadi Development Authority']","['Establish the headquarters of the Authority at Shree Chamundeshwari Temple', 'Establish the headquarters of the Authority at Shree Ghati Subramanya temple', 'Protect the interests of Scheduled Castes and provide Social Justice and prevention of exploitation', 'Establish the headquarters of the Authority at Chandraguthi Shree Renukamba Temple', 'Establish Shree Huligemma Devi Kshetra Development Authority']"
P237,Reserve Rs.100 crores to solve the problems of Yellow Leaf and other deceases affecting Arecanut and to improve marketing and research in this regard.,Karavali/Malnad Karnataka,"['Create a fund for the development of the area', 'Provide reservation for Particularly Vulnerable Tribal Groups (PVTGs), Manual scavengers, SafaiKarmacharis, Devadasis, Nomads, semi-nomads etc.', 'Create a fund for the development of tourism in the region', ""Establish a fund for the development authority's operations and projects"", 'Establish a system for the maintenance of funds']","['Increase the threshold for procurement of goods and services from Rs.1.00 crore to Rs.2.00 crores', 'Mandate 6.95% of government construction works under Rs. 1 crore to be tendered among Scheduled Tribes', 'Mandate 4% of government construction works under Rs. 1 crore to be tendered among backward castes', 'Mandate 15% of government construction works under Rs. 1 crore to be tendered among backward castes (Category II(A))', 'Mandate 17.15% of government construction works under Rs. 1 crore to be tendered among Scheduled Castes']"
P238,To review Kasturi Rangan Report and to frame New Western Ghat Policy for Forest and Environmental protection.,Karavali/Malnad Karnataka,"['Establish Shree Ghati Subramanya Kshetra Development Authority', 'Empower Government to give directions and make regulations for Special Investment Regions', 'Amend Karnataka Civil Engineers Act, 1946', 'Establish the Basavanabagewadi Development Authority', 'Establish Shree Chamundeshwari Kshetra Development Authority']","['Establish Shree Ghati Subramanya Kshetra Development Authority', 'Amend the Kaginele Development Authority Act, 2009', 'Specify the powers of the Kaginele Development Authority', 'Amend the Karnataka Gram Swaraj and Panchayat Raj Act, 1993', 'Allow other means of resource mobilization for Karnataka State Road Safety Fund']"
P239,To develop a robust action plan to setup Beach Tourism in Mangalore Udupi and Karwar districts. Coastal Beach Tourism Authority.,Karavali/Malnad Karnataka,"['Empower the Board to prepare a comprehensive plan for Karavali Area development', 'Create a fund for the development of tourism in the region', 'Establish Shree Renuka Yellamma Kshetra Tourism Development Board', 'Establish Dr. H. Narasimaiah Science, Educational, Cultural and Tourism Development Authority', 'Establish the Karavali Development Board for overall development of Karavali area']","['Establish District Level Monitoring Committee to review and promote tourism trade', 'Prescribe different fees and conditions for the port of Mangalore', 'Establish Dr. H. Narasimaiah Science, Educational, Cultural and Tourism Development Authority', 'Specify proposal submission process to State Tourism Council', 'Establish the Karavali Development Board']"
P240,To make Mangaluru internationally competitive IT centre to increase employment opportunities and establish an IT Park.,Karavali/Malnad Karnataka,"['Create a fund for the development of the area', 'Establish Special Investment Regions for large-scale industrial development', 'Allocate premises in Special Investment Regions for industrial and commercial activities', 'Establish the Basavanabagewadi Development Authority', 'Establish a Board of Management and its powers']","['Establish the Karavali Development Board', 'Establish the Basavanabagewadi Development Authority', 'Prescribe different fees and conditions for the port of Mangalore', 'Establish Shree Ghati Subramanya Kshetra Development Authority', 'Establish Shree Huligemma Devi Kshetra Development Authority']"
P241,To undertake the following programmes for the overall development of fishermen community: . Insurance Cover . Interest free loan upto Rs. One lakh to all fisher-women . 50% subsidy to buy well equipped fishing boats. . Increasing the diesel quantity upto 500 litres per day. . Providing appropriate transportation from dock to Market.,Karavali/Malnad Karnataka,"['Create a fund for the development of the area', 'Establish the Karavali Development Board for overall development of Karavali area', 'Create a fund for the development of tourism in the region', 'Establish a fund for the development of the Kshetra', 'Empower the Board to prepare a comprehensive plan for Karavali Area development']","['Increase the threshold for procurement of goods and services from Rs.1.00 crore to Rs.2.00 crores', 'Mandate 15% of government construction works under Rs. 1 crore to be tendered among backward castes (Category II(A))', 'Mandate 17.15% of government construction works under Rs. 1 crore to be tendered among Scheduled Castes', 'Mandate 6.95% of government construction works under Rs. 1 crore to be tendered among Scheduled Tribes', 'Mandate 4% of government construction works under Rs. 1 crore to be tendered among backward castes']"
P242,"To upgrade the NHs through Shiradi, Charmadi and Sampaje into all whether proof 6 lane NHs connecting Mangaluru to Bengaluru and make efforts to improve the Railway Connections.",Karavali/Malnad Karnataka,"['Institute a decentralised, participative, efficient and equitable governance framework for Bengaluru', 'Establish the Bengaluru Metropolitan Land Transport Authority', 'Establish the Greater Bengaluru Authority for co-ordinating and supervising the development of the Greater Bengaluru Area', 'Integrate and streamline political accountability of all public authorities delivering services in the Greater Bengaluru Area', 'Empower the Karnataka Motor Transport and Other Allied Workers Social Security and Welfare Board to make rules']","['Expand membership of the Greater Bengaluru Authority', 'Replace the Bruhat Bengaluru Mahanagara Palike with the Greater Bengaluru Authority in the Bengaluru Metropolitan Land Transport Authority Act, 2022', 'Insert City Corporations of Greater Bengaluru Area into the Bengaluru Metropolitan Land Transport Authority Act, 2022', 'Establish the Nrupathunga University, Bengaluru', 'Include Lok Sabha, Rajya Sabha, State Legislative Assembly and State Legislative Council members in Greater Bengaluru Authority']"
P243,To develop Sasihitlu Sea Shore as International Surfing Centre.,Karavali/Malnad Karnataka,"['Create a fund for the development of tourism in the region', 'Establish the Karavali Development Board for overall development of Karavali area', 'Empower the Board to prepare a comprehensive plan for Karavali Area development', 'Specify the areas to be developed by the authority', 'Establish the Basavanabagewadi Development Authority']","['Establish the Karavali Development Board', 'Revise the membership of the Bayaluseeme Development Board', 'Establish the Basavanabagewadi Development Authority', 'Establish the Chandraguthi Shree Renukamba Kshetra Development Authority', 'Establish Shree Chamundeshwari Kshetra Development Authority']"
P244,To provide a Permanent dredging Machine to Mangaluru Fisheries Port,Karavali/Malnad Karnataka,"['Provide for attachment of property of persons involved in illegal mining', 'Establish a Licensing Authority for ropeways', 'Provide for the inspection and regulation of Ropeways', 'Establish Karnataka Professional Civil Engineers Council', 'Prohibit unauthorised construction, maintenance, etc. of Ropeways']","['Prescribe different fees and conditions for the port of Mangalore', 'Require fencing around bore-wells or tube wells during drilling, repairs, or rejuvenation', 'Establish the Karavali Development Board', 'Establish a system for the maintenance and use of ropeways', 'Introduce new procedures for water rate collection and drawal']"
P245,"To set up two Fish Processing Parks in each of the coastal districts (Uttara Kannada, Dakshina Kannada and Udupi) and to set up required number of cold storage units to store marine products.",Karavali/Malnad Karnataka,"['Exclude Uttara Kannada and Dakshina Kannada districts from the Malanad Area Development Board Act, 1991', 'Establish a private university in the State of Karnataka', 'Make Kannada the official language of Karnataka', 'Establish a mechanism to regulate and supervise the manufacture of animal feed in Karnataka', 'Set up organizational structure for Special Investment Region management and development']","['Specify Secretary, Kannada Development Authority as convener of State Level Committee', 'Establish District and Taluka Level Committees for enforcement of Kannada language', 'Establish a new hierarchical structure for the Karnataka Land Revenue Department', 'Constitute the Karnataka State Commission for the Scheduled Castes and the Scheduled Tribes with its headquarters at Bangalore', 'Appoint Director, Directorate of Kannada and Culture as Member of State Level Committee']"
P246,To construct new ring road to Mandya.,Hale Mysuru,"['Create a fund for the development of the area', 'Authorise and facilitate the construction and working of ropeways in tourism places', 'Establish Karnataka Professional Civil Engineers Council', 'Establish Shree Chamundeshwari Kshetra Development Authority', 'Establish Karnataka Motor Transport and Other Allied Workers Social Security and Welfare Board']","['Allow other means of resource mobilization for Karnataka State Road Safety Fund', 'Establish the Karavali Development Board', 'Enhance construction works undertaken by Scheduled Castes and Scheduled Tribes', 'Constitute the Nadaprabhu Kempegowda Heritage Area Development Authority', 'Establish the Nadaprabhu Kempegowda Heritage Area Development Authority as a body corporate']"
P247,To invest Rs.5000 crores for the overall development of Mysuru Karnataka.,Hale Mysuru,"['Establish a development authority for Mysuru city and adjacent areas', 'Create a fund for the development of the area', 'Establish the Karnataka Sheep and Wool Development Corporation Ltd.', 'Create a fund for the development of tourism in the region', 'Establish Special Investment Regions for large-scale industrial development']","['Establish the Mysuru Development Authority', 'Establish the Karnataka Sheep and Wool Development Corporation Ltd.', 'Mandate 4% of government construction works under Rs. 1 crore to be tendered among backward castes', 'Establish a new hierarchical structure for the Karnataka Land Revenue Department', 'Mandate 17.15% of government construction works under Rs. 1 crore to be tendered among Scheduled Castes']"
P248,To rejuvenate Mysugar Factory and to plan and establish new sugar factories in Mandya,Hale Mysuru,"['Establish the Karnataka Sheep and Wool Development Corporation Ltd.', 'Establish the Board of Governors and Board of Management', 'Establish Shree Chamundeshwari Kshetra Development Authority', 'Establish a mechanism to regulate and supervise the manufacture of animal feed in Karnataka', 'Establish the Chandraguthi Shree Renukamba Kshetra Development Authority']","['Establish University of Agricultural Sciences with headquarters at V.C. Farm, Mandya', 'Establish the Mysuru Development Authority', 'Establish the Karnataka Sheep and Wool Development Corporation Ltd.', 'Establish the Karavali Development Board', 'Establish the Chandraguthi Shree Renukamba Kshetra Development Authority']"
P249,To build international standard Dr. Raj Kumar Film City in Mysuru with Rs.500 Crore Budget.,Hale Mysuru,"['Establish a development authority for Mysuru city and adjacent areas', 'Create a fund for the development of the area', 'Establish Shree Chamundeshwari Kshetra Development Authority', 'Establish a fund for the development of the Kshetra', 'Create a fund for the development of tourism in the region']","['Establish the Mysuru Development Authority', 'Specify the Commissioner as the Head of Urban Development Authorities and Mysuru Development Authority', 'Mandate 6.95% of government construction works under Rs. 1 crore to be tendered among Scheduled Tribes', 'Mandate 4% of government construction works under Rs. 1 crore to be tendered among backward castes', 'Mandate 17.15% of government construction works under Rs. 1 crore to be tendered among Scheduled Castes']"
P250,"To start an exclusive Sports University in Mysuru and make it as a World-Class sports hub. And, to build an International Sports Complex in Mysuru.",Hale Mysuru,"['Establish a development authority for Mysuru city and adjacent areas', 'Create a fund for the development of the area', 'Grant the power to the Government to issue directions to the University', 'Allocate premises in Special Investment Regions for industrial and commercial activities', 'Establish Special Investment Regions for large-scale industrial development']","['Establish the Mysuru Development Authority', 'Establish Adikavi Sri Maharshi Valmiki University as an affiliating University', ""Establish the University's campus, constituent colleges, and regional centers"", 'Specify the Commissioner as the Head of Urban Development Authorities and Mysuru Development Authority', 'Establish the Maharani Cluster University']"
P251,"To enact a comprehensive legislation exclusively for the management of BBMP bringing all service providers such as Water Supply and sewage, transport, housing, power and development authorities, under a single agency",NAMMA BENGALURU,"['Grant powers to the Authority to give directions to urban transport agencies', 'Establish the Board of Management and its powers', 'Establish a Board of Management and its powers', 'Create a machinery with investigating powers to supervise the implementation of the Act', 'Establish the Regulations and Rules for the Authority']","['Prescribe rules for implementation of the Act', 'Prescribe rules for the implementation of the Act', 'Comply with modifications specified in the Central Electricity Authority (Measures relating to Safety and Electric Supply) Regulations, 2023', 'Grant the Council the power to make regulations', 'Amend the Karnataka Co-operative Societies Act, 1959']"
P252,"To construct North South, South-east long elevated flyovers with necessary wings ease the traffic.",NAMMA BENGALURU,"['Authorize the Authority to approve major Urban Transport projects', 'Prohibit unauthorised construction, maintenance, etc. of Ropeways', 'Authorise and facilitate the construction and working of ropeways in tourism places', 'Grant powers to the Authority to give directions to urban transport agencies', 'Establish the Bengaluru Metropolitan Land Transport Authority']","['Grant licences for the construction and working of ropeways', 'Permit construction of public utility activities within specified buffer zones', 'Enhance construction works undertaken by Scheduled Castes and Scheduled Tribes', 'Subject construction of high-rise buildings to National Building Code 2016', 'Levy fire cess on newly constructed multi-storied buildings']"
P253,"To get all pending metro projects completed under Phase 2, Phase 2A, Phase 2B within one year of coming to power. To strive to get approval and completion of Phase 3 and Phase 4 in the next five years and to extend Metro upon Tumkuru, Vasanta Narasapura Industrial Hub. ",NAMMA BENGALURU,"['Require the preparation of Comprehensive Mobility Plan and Sectoral Mobility Investment Program', ""Empower the Government of Karnataka to appoint a date for the Act's commencement"", 'Empower the Board to prepare a comprehensive plan for Karavali Area development', 'Exclude Uttara Kannada and Dakshina Kannada districts from the Malanad Area Development Board Act, 1991', 'Establish the Chandraguthi Shree Renukamba Kshetra Development Authority']","['Empower State Government to utilize Bangalore Palace land for infrastructure projects', 'Establish the Karnataka Council of Professional Civil Engineers', 'Amend the Karnataka Transparency in Public Procurements Act, 1999 to give effect to proposals made in the Budget Speech for the year 2025-2026', 'Repeal the Karnataka Transparency in Public Procurements (Amendment) Ordinance, 2023', 'Replace the Karnataka Transparency in Public Procurements (Amendment) Ordinance, 2023 with this Bill']"
P254,To establish Mega Bengaluru Planning Committee.,NAMMA BENGALURU,"['Establish the Greater Bengaluru Authority for co-ordinating and supervising the development of the Greater Bengaluru Area', 'Establish the Bengaluru Metropolitan Land Transport Authority', 'Establish not more than seven City Corporations in the Greater Bengaluru Area for effective, participatory and responsive governance', 'Institute a decentralised, participative, efficient and equitable governance framework for Bengaluru', 'Integrate and streamline political accountability of all public authorities delivering services in the Greater Bengaluru Area']","['Establish the Bengaluru Metropolitan Land Transport Authority with new members, including Mayors and Commissioners of City Corporations', 'Include Chief Town Planner, Greater Bengaluru Authority as a member', 'Establish the Chief Commissioner of Greater Bengaluru Authority as the Disciplinary Authority for Group A and B officers', 'Specify the headquarters of the Nadaprabhu Kempegowda Heritage Area Development Authority at Bengaluru', 'Expand membership of the Greater Bengaluru Authority']"
P255,Construction of tunnel roads in CBD area to decongest traffic on PPP Model,NAMMA BENGALURU,"['Authorize the Authority to approve major Urban Transport projects', 'Authorise and facilitate the construction and working of ropeways in tourism places', 'Amend Karnataka Civil Engineers Act, 1946', 'Establish the Bengaluru Metropolitan Land Transport Authority', 'Establish Karnataka Professional Civil Engineers Council']","['Permit construction of public utility activities within specified buffer zones', 'Allow public private partnership model for Nandi Hills Ropeway Project', 'Replace Karnataka State Road Safety Appellate Tribunal with Karnataka State Transport Appellate Tribunal', 'Allow other means of resource mobilization for Karnataka State Road Safety Fund', 'Establish the Karnataka Council of Professional Civil Engineers']"
P256,To take-up on priority suburban railway project and build proper footpaths,NAMMA BENGALURU,"['Authorize the Authority to approve major Urban Transport projects', 'Create a fund for the development of the area', 'Grant powers to the Authority to give directions to urban transport agencies', 'Constitute an Implementation Committee to oversee development projects', ""Establish a fund for the development authority's operations and projects""]","['Grant licences for the construction and working of ropeways', 'Establish a system for the maintenance and use of ropeways', 'Insert priority for filling rural vacancies', 'Mandate priority for rural area vacancies in compulsory service', 'Permit construction of public utility activities within specified buffer zones']"
P257,To bring out a new Policy to develop the residential and commercial infrastructure around the outer ring roads.,NAMMA BENGALURU,"['Create a fund for the development of the area', 'Allocate premises in Special Investment Regions for industrial and commercial activities', 'Specify the areas to be developed by the authority', 'Allow the State Government to not go ahead with infrastructure projects in whole or in part, if advised in the public interest', 'Establish a new framework for regional laws']","['Establish District and State-level committees for temple infrastructure development', 'Allow the State Government to not go ahead with infrastructure projects in whole or in part, if advised in the public interest', 'Introduce new fees for building permits and services', 'Restore land and bear expenditure if infrastructure project is not pursued', 'Establish a regulatory framework for ropeways']"
P258,To rename slums as Workers' Residential Zones and effect proper Housing Projects and give ownership titles of houses and sites.,NAMMA BENGALURU,"['Specify the areas to be developed by the authority', 'Amend enactments to promote ease of living and doing business', 'Specify the heritage sites to be developed and maintained by the Authority', 'Specify the enactments to be repealed', 'Specify that no transferable development rights shall be payable as compensation or otherwise for infrastructure projects']","['Allow the State Government to rename and alter area names', 'Amend the Malnad Area Development Board Act, 1991', 'Exempt land owners from compensation for declared public streets', 'Amend the Basavanabagewadi Development Authority Act, 2024', ""Establish definitions for key terms including 'Infrastructure Project' and 'Claimants'""]"
P259,"To create a system for seamless integration of Namma Metro, Suburban Rail",NAMMA BENGALURU,"['Establish the Bengaluru Metropolitan Land Transport Authority', 'Grant powers to the Authority to give directions to urban transport agencies', 'Require the preparation of Comprehensive Mobility Plan and Sectoral Mobility Investment Program', 'Establish a system for tracking vehicle insurance', 'Establish a Licensing Authority for ropeways']","['Establish a system for the maintenance and use of ropeways', 'Establish the Bengaluru Metropolitan Land Transport Authority with new members, including Mayors and Commissioners of City Corporations', 'Establish Sri Renuka Yellamma Temple Development Authority', 'Mandate use of Gandhi Sakshi software for Premium Floor Area Ratio management', 'Insert City Corporations of Greater Bengaluru Area into the Bengaluru Metropolitan Land Transport Authority Act, 2022']"
P260,Projects and Public Transportation Systems named after Puttanna Chettty.,NAMMA BENGALURU,"['Establish the Bengaluru Metropolitan Land Transport Authority', 'Grant powers to the Authority to give directions to urban transport agencies', 'Establish Karnataka Motor Transport and Other Allied Workers Social Security and Welfare Board', 'Allow the State Government to not go ahead with infrastructure projects in whole or in part, if advised in the public interest', 'Empower the Karnataka Motor Transport and Other Allied Workers Social Security and Welfare Board to make rules']","[""Establish a Karnataka State Motor Transport and Other Allied Workers' Social Security and Welfare Board"", ""Establish definitions for key terms including 'Infrastructure Project' and 'Claimants'"", 'Establish the Bengaluru Metropolitan Land Transport Authority with new members, including Mayors and Commissioners of City Corporations', 'Replace the Bruhat Bengaluru Mahanagara Palike with the Greater Bengaluru Authority in the Bengaluru Metropolitan Land Transport Authority Act, 2022', 'Replace Karnataka State Road Safety Appellate Tribunal with Karnataka State Transport Appellate Tribunal']"
P261,"To constitute a 'Maha Bengaluru Samsthan' involving urban governance experts, industrialists, economists, and environmentalists to help BBMP revive the lost glory of Bengaluru through its administration.",NAMMA BENGALURU,"['Institute a decentralised, participative, efficient and equitable governance framework for Bengaluru', 'Establish not more than seven City Corporations in the Greater Bengaluru Area for effective, participatory and responsive governance', 'Establish the Greater Bengaluru Authority for co-ordinating and supervising the development of the Greater Bengaluru Area', 'Integrate and streamline political accountability of all public authorities delivering services in the Greater Bengaluru Area', 'Establish the Bengaluru Metropolitan Land Transport Authority']","['Include Chief Town Planner, Greater Bengaluru Authority as a member', 'Replace the Bruhat Bengaluru Mahanagara Palike with the Greater Bengaluru Authority in the Bengaluru Metropolitan Land Transport Authority Act, 2022', 'Expand membership of the Greater Bengaluru Authority', 'Constitute the Karnataka State Commission for the Scheduled Castes and the Scheduled Tribes with its headquarters at Bangalore', 'Constitute the Nadaprabhu Kempegowda Heritage Area Development Authority']"
P262,To add 5000 new electric buses to BMTC's fleet to reduce pollution and make BMTC more energy efficient.,NAMMA BENGALURU,"['Create a fund for welfare and rehabilitation of motor transport and allied workers', 'Authorize the Authority to approve major Urban Transport projects', 'Grant powers to the Authority to give directions to urban transport agencies', 'Establish the Bengaluru Metropolitan Land Transport Authority', 'Establish the Research and Innovation Council and its powers']","['Update the Central Electricity Authority (Measures relating to Safety and Electric Supply) Regulations reference from 2010 to 2023', 'Comply with modifications specified in the Central Electricity Authority (Measures relating to Safety and Electric Supply) Regulations, 2023', 'Allow other means of resource mobilization for Karnataka State Road Safety Fund', 'Omit the condition for vehicles costing over Rs. 10 Lakhs', 'Establish the Karnataka Council of Professional Civil Engineers']"
P263,To introduce e-rickshaws to improve first-mile and last-mile connectivity in the city of Bengaluru.,NAMMA BENGALURU,"['Establish the Bengaluru Metropolitan Land Transport Authority', 'Institute a decentralised, participative, efficient and equitable governance framework for Bengaluru', 'Establish the Greater Bengaluru Authority for co-ordinating and supervising the development of the Greater Bengaluru Area', 'Establish not more than seven City Corporations in the Greater Bengaluru Area for effective, participatory and responsive governance', 'Integrate and streamline political accountability of all public authorities delivering services in the Greater Bengaluru Area']","['Establish the Bengaluru Metropolitan Land Transport Authority with new members, including Mayors and Commissioners of City Corporations', 'Insert City Corporations of Greater Bengaluru Area into the Bengaluru Metropolitan Land Transport Authority Act, 2022', 'Expand membership of the Greater Bengaluru Authority', 'Include Chief Town Planner, Greater Bengaluru Authority as a member', 'Replace the Bruhat Bengaluru Mahanagara Palike with the Greater Bengaluru Authority in the Bengaluru Metropolitan Land Transport Authority Act, 2022']"
P264,To install public charging/ battery swapping points at every metro station and bus stands to provide charging infrastructure.,NAMMA BENGALURU,"['Establish a system for the fixation of fees', 'Allow the State Government to not go ahead with infrastructure projects in whole or in part, if advised in the public interest', 'Specify user charges for amenities and services in Special Investment Regions', 'Establish the Bengaluru Metropolitan Land Transport Authority', 'Grant powers to the Authority to give directions to urban transport agencies']","['Permit construction of public utility activities within specified buffer zones', 'Specify civic amenities', 'Comply with modifications specified in the Central Electricity Authority (Measures relating to Safety and Electric Supply) Regulations, 2023', 'Update the Central Electricity Authority (Measures relating to Safety and Electric Supply) Regulations reference from 2010 to 2023', 'Introduce charges for commercial, industrial, mining, and infrastructure projects extracting groundwater']"
P265,To provide free bus passes to BBMP pourakarmikas.,NAMMA BENGALURU,"['Provide reservations for Kannadigas in education and employment', 'Grant powers to the Authority to give directions to urban transport agencies', 'Provide reservation for Particularly Vulnerable Tribal Groups (PVTGs), Manual scavengers, SafaiKarmacharis, Devadasis, Nomads, semi-nomads etc.', 'Establish the Bengaluru Metropolitan Land Transport Authority', 'Provide for financial allocation in the State Plan to the Board']","['Constitute Shree Renuka Yellamma Kshetra Tourism Development Board', 'Allow other means of resource mobilization for Karnataka State Road Safety Fund', 'Impose additional cess on non-transport vehicles for the Karnataka Motor Transport and other Allied Workers Social Security and Welfare Fund', 'Exempt certain classes of goods, passengers, vessels, animals, or vehicles from fees', 'Introduce 5% additional cess on transport vehicles for the Karnataka Motor Transport and Other Allied Workers Social Security and Welfare Fund']"
P266,To complete the peripheral ring road and outer ring road projects on a priority basis to ease traffic congestion in the city.,NAMMA BENGALURU,"['Authorize the Authority to approve major Urban Transport projects', 'Create a fund for the development of the area', ""Establish a fund for the development authority's operations and projects"", 'Grant powers to the Authority to give directions to urban transport agencies', 'Specify the areas to be developed by the authority']","['Permit construction of public utility activities within specified buffer zones', 'Insert priority for filling rural vacancies', 'Allow the State Government to not go ahead with infrastructure projects in whole or in part, if advised in the public interest', ""Establish definitions for key terms including 'Infrastructure Project' and 'Claimants'"", 'Introduce a fee system for building approvals and services']"
P267,To approve the updated Master Plan 2042 for a sustainable and planned development of the Bengaluru city keeping in mind the needs ofall residents.,NAMMA BENGALURU,"['Establish the Greater Bengaluru Authority for co-ordinating and supervising the development of the Greater Bengaluru Area', 'Establish not more than seven City Corporations in the Greater Bengaluru Area for effective, participatory and responsive governance', 'Institute a decentralised, participative, efficient and equitable governance framework for Bengaluru', 'Establish the Bengaluru Metropolitan Land Transport Authority', 'Integrate and streamline political accountability of all public authorities delivering services in the Greater Bengaluru Area']","['Insert City Corporations of Greater Bengaluru Area into the Bengaluru Metropolitan Land Transport Authority Act, 2022', 'Specify the headquarters of the Nadaprabhu Kempegowda Heritage Area Development Authority at Bengaluru', 'Replace the Bruhat Bengaluru Mahanagara Palike with the Greater Bengaluru Authority in the Bengaluru Metropolitan Land Transport Authority Act, 2022', 'Include Chief Town Planner, Greater Bengaluru Authority as a member', 'Establish the Bengaluru Metropolitan Land Transport Authority with new members, including Mayors and Commissioners of City Corporations']"
P268,Implement Karnataka Apartment Ownership Act to ensure that Builders conveybthe whole property to Apartment owners including rights in Building and land underneath.,NAMMA BENGALURU,"['Amend Karnataka Civil Engineers Act, 1946', ""Empower the Government of Karnataka to appoint a date for the Act's commencement"", 'Establish the Karnataka Prohibition of Violence Against Advocates Act, 2023', 'Amend the Karnataka Repealing of Certain Enactments and Regional Laws Act, 2024', 'Repeal the Karnataka Repealing of Certain Enactments and Regional Laws Act, 2024']","['Amend the Karnataka Co-operative Societies Act, 1959', 'Specify the applicability of the Karnataka General Clauses Act, 1899 in respect of the repeal of the enactments', 'Make the Karnataka (Mineral Rights and Mineral Bearing Land) Tax Act, 2024 applicable to all minerals specified in Schedule-I and II', 'Repeal certain enactments and regional laws in force in Karnataka State', 'Repeal the Karnataka Transparency in Public Procurements (Amendment) Ordinance, 2023']"